-0.247944, 1.24291
0.840386, 0.263477
0.409715, 0.645837
0.811161, 2.65236
0.562439, 3.5607
-0.253471, 1.06168
-0.931201, 2.50823
0.0670317, 4.55171
-0.231073, 6.05389
0.927216, 4.59491
0.940545, 1.66124
-0.73472, 1.11216
0.655487, 3.27685
-0.0913874, 0.00691445
0.353019, 0.655274
-0.796763, 0.659412
-0.576761, 3.07869
-0.148846, 3.19457
0.0796713, 1.1311
-0.293331, 0.912576
0.387035, 4.40857
-0.19913, 1.26232
0.904438, 2.43835
-0.868666, 1.60309
0.137894, 3.21266
0.429296, 2.67027
0.725014, 1.71011
0.738096, 2.86644
-0.878559, 4.89128
-0.535621, 3.82859
-0.973382, 3.73965
0.77242, 4.47171
-0.158123, 1.59696
0.85316, 2.72076
-0.709312, 1.11223
0.674252, 0.499517
0.563687, 1.0418
-0.0420359, 0.450607
-0.195934, 3.95608
0.244781, 2.57681
0.663636, 5.7231
-0.493973, 4.3974
0.539915, 3.21114
0.374637, 5.34269
0.783063, 2.04773
-0.955736, 3.95191
0.232916, 0.21486
0.471138, 4.23715
-0.888328, 3.16205
0.721235, 2.29153
-0.301774, 3.44881
0.682109, 2.45369
-0.989077, 1.43181
0.240454, 0.922551
-0.819165, 2.90498
0.441166, 5.47793
0.858114, 2.60086
-0.551587, 4.82516
-0.376765, 2.13524
0.606667, 4.36254
-0.124389, 4.81453
0.85412, 5.09248
0.33275, 2.4566
-0.836171, 5.56633
0.71675, 0.129359
0.471275, 1.99562
-0.436703, 5.9543
0.87453, 4.23248
0.902213, 2.25937
0.235964, 0.745768
0.764162, 5.84098
0.892939, 3.68997
-0.271095, 2.63517
0.850718, 0.612868
-0.148122, 5.72639
0.263479, 2.45747
-0.638524, 2.96954
-0.770471, 6.17913
-0.796506, 6.18176
-0.0988957, 1.17468
-0.272518, 6.14686
-0.988681, 5.0088
-0.219611, 5.58438
0.57779, 5.23143
-0.638851, 3.34799
-0.758148, 2.83721
0.975467, 1.62728
-0.269655, 5.27353
-0.41118, 2.04283
-0.589036, 2.94672
-0.867707, 2.68221
-0.982741, 2.80674
0.92846, 0.0487012
-0.728792, 1.05595
-0.00244944, 1.2171
0.856698, 1.20427
-0.404475, 2.52483
0.509588, 5.57621
0.746685, 0.215391
0.30223, 1.53268
-0.450223, 0.182146
0.956127, 5.44476
-0.330215, 2.93302
0.114667, 1.95788
0.765765, 5.59273
-0.396547, 5.51186
0.477929, 0.614992
-0.847224, 1.67476
0.56804, 1.04512
0.167396, 2.41481
-0.688246, 3.77443
-0.0703753, 4.01213
0.504764, 4.7881
0.632398, 3.68291
0.722925, 2.19431
-0.819395, 2.14782
0.690283, 0.737623
-0.00234598, 0.331134
-0.415016, 3.60769
-0.74542, 5.76321
0.294618, 4.70137
0.822987, 4.18806
0.232931, 2.14056
0.808434, 1.8044
-0.149595, 4.89358
0.980042, 2.06121
-0.834701, 6.01697
0.138896, 2.63413
-0.276211, 1.35846
-0.621928, 0.311276
0.539883, 1.44224
0.21014, 3.71084
-0.722556, 1.66485
0.896456, 2.63454
0.775306, 3.78244
0.716517, 3.33394
-0.0404444, 3.2621
-0.927334, 5.73242
0.656202, 2.16946
0.192462, 0.0870464
-0.511853, 5.37816
0.332512, 6.08917
-0.474862, 2.72127
0.687905, 5.92543
-0.234304, 3.74724
0.399311, 2.3456
0.977101, 5.54611
0.320855, 3.52892
-0.101049, 2.56399
0.784273, 0.119635
0.899947, 5.66131
0.0546411, 2.17445
0.375655, 4.03161
-0.518687, 3.0342
-0.313359, 1.70302
-0.0379238, 4.06191
0.992386, 3.36584
0.965639, 0.805632
-0.261849, 3.52249
0.184607, 3.7797
-0.779731, 3.83967
-0.760694, 1.43767
0.804976, 5.43741
0.992302, 3.58339
0.0248887, 0.774933
0.364442, 2.18824
-0.935075, 3.91075
-0.971642, 1.26888
-0.822669, 4.9856
-0.966648, 0.0726226
-0.972576, 4.33925
0.972354, 1.89963
0.993434, 3.81298
0.691827, 0.593542
0.769609, 2.4982
0.271933, 2.67315
0.782932, 1.45296
0.516374, 1.44284
0.453843, 4.30301
0.898545, 1.90548
0.0124843, 0.597516
-0.558724, 5.61364
0.53423, 0.897339
0.746984, 0.0106226
0.680061, 4.17305
0.772859, 3.91396
0.541008, 2.36466
0.286801, 0.214836
-0.890583, 0.062732
0.9097, 1.08589
0.688339, 4.64119
0.0464049, 1.81489
0.52894, 4.21299
-0.884326, 0.398953
-0.0492141, 1.96191
0.22629, 6.12213
0.247194, 2.23417
-0.0659352, 1.9872
0.539913, 3.62935
0.878929, 5.371
0.629035, 3.12162
0.0934311, 3.11375
-0.99164, 4.87565
0.0731266, 1.99881
0.716126, 2.61884
-0.783296, 4.92244
0.273185, 5.41684
0.471595, 5.67595
0.637861, 0.404227
0.565385, 2.20328
0.227278, 4.7268
0.902072, 0.300569
-0.462568, 4.68238
-0.674263, 5.80328
-0.0254913, 5.47846
0.546537, 5.66156
-0.166038, 5.46655
0.226641, 5.37974
-0.489846, 1.09421
0.870041, 0.871014
0.190181, 3.91638
-0.990468, 4.876
-0.0129427, 3.68365
-0.256827, 1.84998
0.965693, 2.77089
-0.873815, 1.95663
0.0408468, 3.21509
-0.0619888, 3.69999
-0.878443, 5.82923
-0.739997, 5.04024
-0.681963, 4.84702
0.504234, 4.02228
-0.158331, 6.2455
-0.413478, 2.63601
-0.485025, 3.27964
-0.46122, 1.63265
0.0392729, 4.51107
-0.252159, 2.42206
-0.544211, 5.26606
0.839604, 1.96776
-0.930252, 0.362137
-0.72161, 5.55878
0.55073, 0.583486
-0.634603, 2.60624
-0.687138, 3.50932
0.876321, 0.459551
-0.151827, 5.91801
-0.903361, 2.48015
-0.60414, 1.32257
0.400597, 1.27843
-0.867276, 4.04481
-0.498211, 1.07307
0.0618723, 4.37047
0.743801, 0.491721
0.305802, 3.55435
0.109896, 1.4548
-0.332598, 3.77958
-0.23451, 4.14395
0.169305, 0.776008
-0.576339, 2.47876
-0.0200347, 4.38174
0.813877, 3.58619
0.744514, 3.27581
-0.877227, 4.28056
-0.740316, 5.7086
-0.425334, 0.383689
-0.632613, 6.19233
-0.743884, 0.423955
0.456711, 4.30634
-0.646506, 0.662088
0.365457, 1.066
-0.184875, 2.67898
0.247987, 1.02634
-0.776892, 3.01895
0.529375, 1.81086
0.676882, 2.2917
-0.688929, 6.12066
-0.338358, 4.41752
0.423817, 5.19153
-0.976917, 2.85065
-0.62364, 3.8903
-0.269336, 0.996873
0.745179, 0.0802463
0.963476, 1.34096
-0.109374, 4.97945
0.708274, 4.67576
-0.0205958, 3.9566
0.26726, 0.0883057
0.794861, 0.722679
0.277101, 3.63825
0.37801, 3.74126
-0.82041, 0.600335
-0.878941, 1.19642
-0.786057, 5.06001
-0.509569, 4.10577
-0.836532, 5.01123
0.224365, 0.758667
0.929394, 2.99571
0.729554, 1.76995
-0.400399, 5.54615
-0.8871, 1.20581
-0.698365, 4.2653
0.605863, 1.55117
-0.0571066, 0.00769351
-0.90448, 4.07944
-0.710848, 4.05956
0.680681, 3.04243
-0.550225, 6.07857
0.761742, 4.62095
0.905788, 2.69132
-0.0752004, 2.71114
-0.833155, 5.82027
0.669105, 0.904807
0.602411, 0.974961
-0.953457, 2.17551
0.452685, 0.0468466
0.977199, 3.67418
0.890186, 3.08144
0.78028, 0.415471
0.0808115, 2.29675
0.571463, 5.32451
-0.674572, 2.64843
0.530607, 5.73402
0.929672, 5.33304
0.97241, 4.56152
-0.687969, 1.42753
-0.837492, 2.49797
0.945437, 0.505537
0.0414389, 3.927
0.780848, 5.38301
-0.679552, 1.79582
0.326489, 0.977994
0.102, 5.62329
0.438313, 1.19198
-0.390132, 6.11949
0.52315, 3.35005
0.165835, 1.35452
-0.319692, 3.38083
-0.447694, 2.96086
-0.416136, 0.258325
-0.00719571, 1.06667
-0.400699, 1.55001
0.374466, 0.461453
0.938953, 2.41494
0.557227, 4.08425
0.683285, 3.87883
0.801586, 1.54398
0.329807, 4.06783
0.80407, 0.232905
0.832543, 2.86815
-0.986223, 1.10212
0.414849, 1.48304
0.136728, 0.600999
0.319188, 4.73302
0.635298, 2.15576
-0.748981, 0.658806
-0.826386, 1.09981
-0.0746881, 3.97148
0.514534, 5.1366
-0.863718, 4.66002
-0.855546, 3.47609
0.925264, 1.49775
-0.910445, 3.19324
0.199044, 6.03107
-0.0699548, 3.74236
0.672179, 3.43239
0.815427, 3.58723
0.323159, 3.15896
0.756663, 4.71031
0.325067, 5.59484
0.869508, 1.38827
0.970023, 0.642607
-0.968498, 5.15237
-0.113731, 0.653202
-0.0658596, 4.5552
0.687239, 6.13684
0.339179, 3.42075
-0.900221, 0.0833943
0.0705845, 0.864782
0.758029, 2.46768
-0.948115, 4.5134
-0.0233433, 5.11425
-0.494126, 2.22245
0.761388, 5.84441
0.897011, 0.252266
-0.772971, 1.19445
-0.336699, 5.94348
0.841134, 2.03993
-0.805184, 1.77931
-0.170752, 1.52666
0.977786, 1.15686
0.318746, 1.78081
-0.481387, 5.61381
0.88036, 4.27743
-0.469513, 1.58156
-0.446621, 4.76331
-0.176731, 1.63689
0.61952, 5.2125
0.992059, 4.17369
-0.523694, 0.783179
-0.634033, 6.01119
0.781055, 0.742821
-0.812819, 2.25418
-0.955621, 2.30949
-0.201569, 0.84231
0.763706, 4.34036
-0.913814, 3.19149
-0.231934, 5.36212
0.664392, 2.14006
0.813936, 2.22173
-0.2874, 4.99137
0.126796, 1.04546
0.653003, 0.919672
0.892969, 4.50289
0.106667, 3.2487
0.245011, 5.75888
0.386867, 1.15779
-0.797854, 4.2421
-0.698512, 1.63384
-0.814598, 6.01139
-0.885114, 1.2982
-0.358225, 3.3866
-0.803262, 2.62651
0.950565, 1.27447
0.762884, 1.22108
0.507357, 1.92328
-0.177851, 2.79429
0.98872, 0.203588
0.608906, 1.74117
-0.287318, 4.86611
-0.386461, 4.3849
-0.646434, 2.3378
-0.815584, 3.6703
-0.315697, 6.04747
-0.83172, 5.26523
-0.857534, 3.12699
-0.173155, 3.38766
0.854982, 5.93049
-0.801474, 2.56791
0.727477, 4.27981
-0.39454, 0.38598
-0.470334, 0.0402848
-0.248418, 4.51452
0.549035, 3.05795
0.241824, 5.59022
-0.312617, 5.83899
0.838257, 0.939298
0.260065, 0.808633
0.671396, 4.17332
0.859351, 1.28835
-0.0983256, 2.9666
0.136851, 1.71965
-0.198484, 0.870937
-0.342649, 2.5148
0.345519, 0.56777
-0.312275, 0.491035
-0.775925, 1.90802
-0.34357, 5.33253
-0.257426, 0.985451
0.00353065, 4.81811
0.650027, 1.68731
-0.098596, 5.68275
-0.871895, 1.4754
-0.740059, 0.266092
0.143102, 4.01449
-0.380934, 5.49746
-0.354338, 0.57799
-0.583764, 2.78806
-0.0741867, 3.22658
-0.252009, 4.41132
-0.746721, 5.51536
0.656144, 5.40968
-0.89172, 3.69507
-0.319019, 2.69169
-0.971046, 4.61689
0.345655, 6.25349
0.146332, 0.995911
-0.134211, 1.11186
0.984186, 2.61343
-0.246455, 4.09801
0.78728, 3.74957
0.44667, 1.40984
-0.522653, 4.96123
0.728724, 3.06882
-0.702548, 0.167287
-0.615337, 5.09998
-0.501416, 4.22651
-0.91701, 6.06797
0.00259494, 1.04477
0.876358, 1.89951
-0.594094, 0.175395
0.725109, 4.16017
-0.613284, 6.11606
0.795321, 6.26671
0.449933, 3.51227
0.178748, 1.73186
0.563168, 1.24554
-0.0407018, 3.10791
-0.0772668, 0.562627
-0.84272, 6.0981
0.0543001, 2.13895
-0.594493, 5.22094
0.12339, 2.62241
-0.653286, 4.29758
-0.776969, 2.43147
0.0263418, 5.08147
0.865618, 2.88828
-0.726316, 2.2838
-0.0581982, 5.36909
-0.65487, 3.39701
0.693516, 2.10415
-0.129317, 2.65345
-0.967468, 2.1151
-0.720543, 3.55317
-0.788476, 0.287659
0.849063, 2.24366
-0.595592, 6.05072
-0.774762, 4.28693
0.514012, 5.30667
0.93503, 3.00126
-0.545149, 1.79807
0.280066, 4.52723
0.969172, 1.36187
-0.907494, 0.77194
-0.772643, 4.24186
-0.723925, 2.98373
0.942203, 4.08924
-0.194144, 4.59818
-0.953535, 2.32605
0.053577, 1.34451
-0.957014, 1.13182
0.721139, 4.70546
0.907432, 3.65151
0.864593, 0.056307
0.789679, 0.00954166
0.0403017, 4.49771
0.0768396, 1.10632
-0.778837, 4.75539
0.849229, 0.944375
-0.590809, 1.01089
0.453408, 1.1707
-0.945252, 3.05312
0.958614, 3.85441
0.41989, 3.17632
0.951536, 2.97444
-0.952312, 3.12255
0.981778, 4.43259
0.939435, 5.93843
0.883961, 2.89452
-0.874694, 4.89934
-0.83659, 2.75771
0.820829, 2.44575
-0.201598, 4.57834
-0.542427, 3.03542
-0.885343, 1.4619
0.079646, 0.227799
-0.0357008, 2.67048
-0.842386, 2.38133
-0.571229, 2.07269
0.134495, 2.19213
-0.901851, 6.10549
0.875766, 3.57939
0.132663, 2.85392
0.0807352, 4.81373
0.548062, 4.98772
0.0754766, 5.4187
-0.375627, 2.50545
-0.608199, 1.32237
-0.873267, 0.911034
-0.874279, 4.66511
-0.459729, 4.49999
0.710229, 1.39488
-0.303021, 5.38247
0.38246, 1.87735
0.0747865, 1.6072
-0.990013, 5.31852
0.661876, 1.384
-0.869255, 1.26182
-0.465868, 3.03692
0.580575, 3.42832
0.2541, 5.66151
-0.942161, 4.08638
0.608532, 2.39113
0.212374, 0.54064
-0.782783, 1.85122
0.791034, 1.74509
-0.971284, 5.06244
-0.811376, 5.79154
-0.205111, 0.954928
0.382957, 3.45062
0.201567, 4.62149
0.705456, 3.55221
-0.152784, 5.76244
-0.907428, 3.35389
0.976778, 3.55848
0.506825, 4.17221
-0.670177, 3.37041
0.79229, 2.98598
0.452422, 2.12489
0.336822, 0.655524
-0.921598, 5.39936
0.667879, 1.47701
0.774381, 4.16608
0.492051, 4.61835
-0.0595468, 1.59965
0.675777, 1.82796
-0.84109, 0.477542
-0.413975, 6.18785
-0.789296, 5.62572
-0.956037, 2.07911
0.746837, 2.07129
0.869835, 0.773781
0.443081, 1.01425
0.623311, 1.86208
-0.0656038, 6.12102
0.346702, 4.10324
-0.865667, 5.6704
-0.746525, 1.24058
-0.331528, 0.944827
-0.498934, 2.7992
-0.749993, 4.36569
-0.668407, 2.10096
-0.0502969, 0.158363
-0.270051, 4.53785
-0.958205, 3.02743
0.720991, 5.82832
0.82807, 1.06527
-0.519358, 1.01122
0.810725, 6.05812
-0.845896, 2.07011
-0.580668, 0.765758
-0.555938, 4.83433
-0.429117, 3.64166
-0.987972, 1.00449
0.693477, 5.69224
0.855721, 0.409287
-0.904749, 4.32613
-0.552268, 3.91402
0.136012, 0.00507968
-0.583237, 4.2447
0.225082, 5.52969
-0.467144, 5.35044
0.636846, 0.0201115
0.683866, 1.24803
-0.485541, 1.8427
-0.987649, 1.29882
-0.518094, 2.53253
0.0180443, 5.69791
-0.385896, 1.00671
-0.311398, 3.42781
0.981323, 1.36478
0.117386, 5.35754
-0.593062, 1.94717
-0.77158, 3.28395
-0.0657102, 0.714141
0.215508, 2.509
-0.388275, 4.22612
0.409974, 5.86432
-0.756488, 5.79098
0.567482, 1.28752
0.552313, 3.25414
0.428691, 0.00512004
-0.117574, 0.0894309
0.443643, 5.25973
0.0760005, 3.78903
0.163041, 2.79926
-0.862267, 4.97921
-0.997033, 3.48699
-0.840605, 5.11825
0.61569, 2.58441
0.427363, 4.54704
-0.9796, 2.67967
0.939657, 0.315782
-0.966065, 4.22484
0.747243, 2.00771
0.750932, 0.414467
-0.31441, 2.80719
-0.733219, 5.47059
0.682704, 0.505239
0.422212, 3.07137
0.20804, 3.50349
0.245098, 5.48299
-0.798242, 5.87906
0.805196, 3.85612
0.374371, 4.75153
-0.290495, 4.1796
-0.646999, 2.99812
0.98615, 5.15596
-0.763105, 1.03345
-0.802449, 2.99375
0.34711, 0.456095
0.834924, 6.14374
0.558088, 0.575466
0.652672, 4.51241
-0.919586, 5.53877
-0.826684, 4.92182
0.470975, 4.78472
-0.754177, 3.89326
-0.681207, 5.44698
0.784894, 5.03308
-0.285467, 5.23398
-0.98388, 1.70327
0.269218, 0.521687
-0.355151, 5.66237
0.400888, 5.48732
-0.520793, 2.70206
-0.413448, 5.30802
-0.74266, 0.130986
-0.321534, 1.08436
-0.802754, 2.48134
-0.0133851, 4.53472
0.785964, 2.23183
-0.658464, 1.93277
-0.569333, 1.14429
-0.815835, 3.87923
-0.476517, 0.73161
0.661848, 1.76324
0.0966247, 5.18045
0.830705, 4.40177
0.971593, 5.69685
-0.554686, 3.38283
-0.937947, 0.830258
0.401819, 3.40789
0.60442, 1.29484
0.0465629, 1.50773
-0.85152, 4.31173
0.521408, 2.92675
0.849675, 0.878553
-0.0910348, 4.5574
0.168064, 2.32321
-0.787202, 1.66358
-0.35833, 3.63616
0.952322, 3.62634
-0.882724, 4.85985
-0.61451, 0.915599
0.391264, 6.198
0.719174, 6.27107
0.738172, 4.24163
0.149236, 4.60603
0.861992, 5.16566
0.197308, 4.33743
0.746892, 1.31756
0.376919, 3.45661
0.45464, 0.049728
0.962264, 1.99991
-0.0823064, 5.32391
-0.065268, 1.77785
-0.56891, 6.23763
-0.0422848, 5.82008
0.440208, 0.823804
-0.537686, 3.72108
0.60527, 5.35148
-0.163579, 1.45108
-0.216454, 2.30363
-0.488904, 2.13971
-0.536123, 3.44412
0.546379, 4.37433
0.672419, 3.44061
-0.987516, 4.99381
-0.333314, 0.835469
0.596613, 4.38943
0.875737, 6.12315
0.157587, 5.77933
-0.448757, 4.9617
0.929362, 2.87716
-0.93812, 3.23372
0.259399, 0.446966
-0.589966, 0.746789
-0.452995, 2.10935
-0.294145, 5.49385
-0.764245, 0.31846
0.546851, 5.68471
-0.636803, 5.24932
0.929955, 5.58972
-0.786236, 1.35647
0.975718, 1.97469
-0.626578, 1.42878
0.31216, 2.71905
-0.821786, 6.2479
-0.24461, 5.57141
0.347649, 5.91331
-0.484112, 0.918442
0.938167, 3.98425
-0.045571, 3.82287
0.455661, 0.913412
0.483113, 3.96396
-0.831607, 5.14266
0.952223, 2.21751
0.538657, 3.37785
0.753732, 5.08106
0.25426, 2.07014
0.855183, 0.821132
-0.731498, 5.87185
0.991147, 5.45083
-0.476153, 1.59018
0.847717, 2.8923
-0.901261, 4.10307
0.776429, 3.94237
0.407292, 5.57618
-0.826485, 3.67215
-0.973591, 5.33554
-0.843746, 5.68465
-0.942322, 0.169229
0.795007, 0.780765
-0.972298, 0.619738
-0.953098, 1.01472
0.719973, 1.08415
-0.766898, 0.659248
-0.304563, 5.77325
-0.2219, 4.4877
-0.452364, 3.47727
-0.946839, 5.38484
0.899117, 5.84577
0.122829, 3.35463
-0.911144, 3.75105
0.304397, 2.96935
-0.272227, 2.06499
-0.929357, 0.986657
0.122707, 2.94
0.571091, 3.26128
0.688094, 3.30872
-0.914738, 3.76061
0.755246, 3.91517
0.51614, 4.55635
0.905794, 1.29235
-0.336549, 4.94908
0.351996, 5.10663
0.0643766, 4.84903
-0.468667, 5.75335
0.701117, 0.0331837
0.856459, 2.6364
0.165526, 1.90578
-0.491504, 4.19054
-0.924647, 3.87153
-0.138523, 0.768128
-0.865511, 1.97117
-0.752886, 4.47622
0.0231678, 2.64655
-0.653262, 2.51462
-0.733218, 3.50092
-0.858742, 4.24474
-0.931289, 4.60059
-0.503846, 5.82447
0.882069, 5.40146
0.858401, 5.36298
0.670275, 0.97193
-0.162776, 5.74387
0.741909, 3.80667
0.330253, 1.38553
-0.295342, 6.16001
0.935606, 0.141412
0.601179, 0.989554
-0.0531591, 5.0203
0.551463, 5.75125
-0.260942, 4.33364
0.738991, 3.90506
-0.348154, 6.18184
-0.000248371, 4.85655
0.49893, 5.54224
-0.945371, 1.03739
0.990551, 2.56412
-0.745199, 1.24419
-0.650975, 2.7864
-0.874105, 3.0381
0.998247, 5.94213
-0.231837, 4.87394
-0.975475, 4.21697
0.73366, 4.22373
0.828967, 3.1484
-0.597952, 5.22933
0.963765, 0.665615
-0.930206, 3.79347
-0.519816, 0.898477
-0.327348, 2.14894
-0.889897, 5.00177
-0.647038, 1.70783
0.442318, 1.72684
0.876778, 4.77295
-0.799291, 3.58801
0.0557776, 4.24575
-0.818976, 0.421943
0.898713, 4.42023
0.774081, 0.835643
0.918068, 4.81289
0.743349, 2.41576
0.725649, 2.66984
-0.842597, 4.48478
-0.598088, 2.91174
0.575094, 2.82258
-0.756754, 0.222299
0.616432, 4.08021
0.870444, 0.992802
0.782504, 6.25365
0.801223, 0.00533683
0.582888, 1.19249
0.908077, 3.09562
0.0600994, 5.44599
-0.792497, 1.61685
-0.623926, 1.191
0.902835, 4.21388
0.740643, 1.29234
0.376996, 0.724467
-0.764436, 4.48491
0.709923, 6.12537
0.248004, 1.33048
0.789475, 3.89727
0.928447, 0.942246
0.702618, 5.97799
-0.204409, 4.67121
0.911905, 1.60656
0.410286, 4.85304
0.546026, 0.456824
-0.780673, 1.38483
0.802169, 1.55721
0.679902, 3.15203
0.391122, 2.23639
0.589555, 5.94768
0.169953, 4.43996
0.548216, 0.385183
-0.938081, 2.5462
0.592769, 2.48704
-0.936293, 1.83559
0.759382, 0.686096
0.839597, 1.31727
-0.0155515, 3.30312
0.351517, 1.25539
0.500363, 0.698217
0.0760627, 0.119043
-0.978671, 5.66068
-0.211773, 5.12314
0.666572, 2.4104
0.996909, 0.509983
0.0714835, 2.60276
-0.706529, 3.71863
-0.976617, 1.73368
-0.665322, 2.77372
0.818214, 5.07314
-0.356714, 1.08281
-0.288502, 1.75076
0.331483, 3.97129
0.73983, 3.15404
0.12394, 5.38419
-0.218078, 4.10793
-0.407135, 1.30098
-0.310119, 4.13779
0.947621, 3.01094
-0.686669, 0.544284
0.84677, 4.52052
-0.00315516, 4.90308
-0.918786, 0.797687
0.421541, 1.72871
-0.797193, 1.4444
-0.0638969, 3.2556
-0.589376, 1.66533
-0.20311, 0.0523789
0.970173, 2.62226
-0.564344, 3.28726
0.942512, 6.273
-0.89873, 5.23321
-0.97391, 1.76351
0.508452, 5.25982
-0.153755, 6.09963
0.584826, 1.11722
-0.574659, 4.1766
-0.987526, 4.95951
-0.952241, 2.19039
-0.0395639, 6.21881
0.455129, 1.6209
-0.871106, 4.69927
-0.277643, 1.1996
0.350473, 4.10408
0.389668, 0.224352
-0.38188, 3.27894
0.845466, 4.34228
-0.984366, 3.25057
0.451673, 3.50797
-0.760809, 6.22477
-0.922639, 5.78625
0.581958, 3.7961
0.58124, 5.47514
-0.480845, 0.925624
0.041002, 4.68855
-0.915755, 3.56554
0.867047, 5.97879
-0.67995, 4.47642
-0.0315686, 5.97547
-0.967002, 6.19828
0.155166, 5.15742
0.991737, 1.84636
0.779471, 1.0469
0.685144, 5.45429
0.695985, 1.43444
0.0486809, 5.75865
0.853908, 4.16135
-0.00857365, 1.95248
-0.25865, 1.59039
0.998327, 2.49763
-0.56168, 1.69635
0.958554, 6.00064
0.636749, 0.996626
-0.110585, 1.14235
-0.999276, 1.54516
0.521709, 4.31146
-0.963665, 3.14835
-0.509731, 5.1529
0.150482, 5.30306
0.81276, 5.13817
-0.0735346, 3.72971
-0.93858, 6.02272
0.943772, 1.12948
0.0706321, 4.89108
-0.712357, 0.0267445
0.15919, 0.830936
-0.372819, 2.47647
0.811541, 4.34817
-0.523331, 3.18574
-0.39091, 2.77318
-0.340798, 2.22811
-0.761458, 5.73264
0.589802, 0.381533
-0.963844, 0.948459
0.153396, 2.78523
0.249372, 3.00631
0.954162, 0.724228
-0.450056, 1.85522
0.789394, 1.36024
-0.29858, 0.382819
0.0400678, 5.55395
0.760036, 2.21664
-0.99724, 1.23403
0.926958, 2.58015
0.880566, 5.11895
-0.681123, 0.888778
0.635747, 4.61405
0.577313, 2.19491
-0.381379, 6.04169
0.837613, 4.71802
0.763973, 3.18213
0.43104, 2.61575
-0.69422, 0.571312
0.978462, 1.0724
0.717942, 5.01144
0.807364, 0.828203
0.963983, 4.26338
0.732246, 4.25669
-0.54419, 0.122736
-0.317771, 1.99678
-0.765671, 1.31432
0.280722, 6.25011
-0.7937, 2.7043
0.776718, 2.99796
0.185144, 4.59818
0.214229, 5.37389
0.427821, 5.33269
-0.932208, 3.09539
-0.76201, 3.05474
0.0282274, 0.672784
0.624855, 3.41139
-0.430295, 3.90143
-0.353922, 0.432438
-0.157087, 4.89237
-0.905797, 5.25558
-0.816583, 4.6466
0.636156, 0.806886
0.610099, 0.0295462
-0.974172, 3.45387
0.992856, 3.49939
-0.944982, 1.77742
-0.779156, 2.10899
0.450766, 5.87078
-0.25426, 4.84688
0.83892, 6.10698
0.222918, 3.20325
0.751437, 6.08723
0.661237, 3.38206
-0.803281, 6.14651
-0.980458, 3.41089
-0.636621, 1.58484
-0.676863, 6.18275
-0.989478, 0.937526
0.328326, 2.41677
0.879403, 3.8761
0.73032, 0.639257
0.418305, 2.69512
0.204731, 5.45615
-0.809059, 4.4492
0.01714, 4.50513
-0.712282, 4.87366
0.931578, 3.73948
0.227203, 3.52376
-0.270869, 1.1131
-0.4282, 3.20763
0.376979, 6.03092
0.29435, 3.0951
-0.634923, 3.60153
-0.426673, 6.01792
0.503557, 2.88996
-0.691674, 5.93312
0.797117, 4.55463
-0.958351, 4.96105
-0.180967, 2.67067
0.146974, 1.29806
0.511505, 4.82399
0.628829, 5.93929
-0.943218, 1.87993
-0.498531, 0.0115554
-0.509901, 1.93342
-0.116608, 1.52176
0.0742209, 3.41263
-0.816301, 4.96777
-0.834505, 3.17677
-0.970844, 3.33608
0.450481, 1.61773
0.248381, 2.40082
0.403715, 1.00414
-0.10297, 4.3888
-0.289298, 2.27964
-0.367116, 0.648251
-0.067001, 4.96236
0.864857, 2.65099
0.0714307, 4.72422
0.268237, 4.56641
0.150977, 0.366931
-0.770104, 2.68973
-0.297868, 3.51039
-0.758437, 1.93912
0.912617, 1.00394
0.675007, 1.93768
-0.660888, 1.37568
-0.879134, 4.74973
-0.235616, 3.31815
0.802319, 0.0555598
-0.692145, 2.07265
-0.408673, 6.08284
-0.676372, 4.02587
0.851785, 1.97464
-0.462071, 1.29997
-0.585513, 1.47798
-0.656827, 5.75818
0.842654, 2.9608
0.303486, 1.60237
0.311102, 0.953624
0.795309, 0.965053
-0.130701, 1.53102
-0.323439, 5.36491
-0.385185, 1.90599
-0.170348, 4.73529
-0.512474, 2.85694
-0.920302, 4.37359
-0.184714, 2.89076
-0.612446, 4.13304
0.820222, 1.19818
0.0565738, 0.184932
0.0540784, 2.71635
-0.541445, 0.0289479
-0.160105, 2.87189
0.988885, 3.50567
-0.923866, 2.15783
0.74826, 0.390822
0.960688, 3.27582
0.645031, 5.14347
0.746346, 1.11012
0.291816, 2.36571
-0.672209, 5.89077
-0.595718, 1.44829
-0.897586, 1.35751
0.483439, 1.6885
-0.220592, 2.43623
-0.911692, 4.4149
0.235189, 0.0806537
0.355184, 5.20636
0.868211, 0.107751
0.716973, 4.23864
0.414202, 1.67349
-0.656571, 3.03173
-0.931347, 4.92627
-0.238331, 3.52304
-0.965924, 4.89313
0.762359, 5.93761
-0.267767, 2.23593
-0.598324, 0.966944
0.95157, 4.65112
-0.399497, 2.91065
0.206191, 1.40682
0.18672, 0.760105
0.214296, 0.232087
0.689495, 2.78582
-0.408753, 1.48942
0.625724, 5.26923
-0.00106538, 4.8558
-0.850951, 2.46111
-0.755747, 6.06541
-0.719127, 1.87165
-0.368655, 0.792377
0.990469, 1.08652
-0.995335, 3.53924
0.0290426, 0.249146
0.155236, 0.843226
-0.0929404, 1.47284
-0.296315, 5.44287
-0.533118, 5.97475
-0.211189, 4.84766
-0.677823, 0.732919
-0.888211, 5.32467
0.44315, 2.7194
0.899223, 1.49173
-0.779055, 4.72467
0.961814, 2.06125
0.158241, 1.62975
0.751461, 3.19006
-0.894898, 4.7675
-0.0708959, 5.49215
-0.211268, 0.807666
-0.909816, 3.91965
-0.157772, 1.83178
-0.955535, 3.28699
0.318926, 5.94635
0.247607, 5.621
-0.380172, 5.2511
0.0614811, 5.66786
-0.674215, 3.1856
0.61125, 1.63813
0.387621, 4.74861
-0.707292, 0.655381
-0.652896, 2.48496
0.470597, 5.95833
0.342122, 1.70183
0.902993, 2.74826
0.276378, 4.00157
-0.559367, 3.41556
-0.665451, 3.95001
0.597735, 3.39026
0.256901, 0.858412
0.60669, 1.32219
-0.988745, 2.21535
-0.942677, 0.360577
0.795433, 0.20403
0.702231, 1.03768
-0.159691, 1.12751
-0.452239, 4.27137
0.548414, 5.31481
-0.263094, 3.31967
0.274629, 4.72784
0.988564, 4.37379
0.546888, 4.70799
-0.0841594, 1.49011
0.53188, 1.54626
0.328321, 0.166605
-0.560384, 2.36847
0.682096, 4.18855
-0.522495, 1.37495
-0.718797, 2.85713
-0.401173, 4.6993
0.417946, 5.34946
-0.0382327, 6.1427
-0.436864, 3.69766
-0.065623, 3.69081
0.352921, 2.1087
-0.8511, 2.85205
-0.671053, 5.51104
-0.880038, 5.54667
0.59464, 0.0692216
-0.950945, 0.90708
0.934533, 5.54646
0.135718, 1.25874
0.783011, 1.43539
0.967377, 0.986722
0.99946, 4.03654
0.668174, 3.93894
-0.00836876, 5.83411
-0.942222, 2.69066
-0.389944, 0.0820049
-0.219406, 0.0398296
-0.97327, 5.16438
0.0393592, 3.56197
0.916938, 3.794
0.528327, 4.45458
0.391915, 1.38283
0.851276, 3.45008
-0.316871, 3.63508
-0.751922, 6.03856
-0.868897, 5.97718
0.795273, 5.69984
-0.312746, 6.09957
0.947887, 1.40954
-0.58052, 2.61342
0.618846, 5.33771
-0.837691, 1.60709
0.0916244, 3.12516
0.53336, 3.21705
0.846994, 3.20563
0.280995, 4.11997
-0.73571, 6.01987
0.125044, 4.46647
-0.697252, 2.35108
0.789373, 4.86328
0.310174, 1.0535
-0.264269, 2.60998
0.115299, 4.34073
0.721401, 0.220483
-0.0470032, 5.73001
-0.918046, 0.858455
-0.64157, 5.93052
0.948026, 4.50498
-0.943115, 5.64262
-0.224612, 0.71381
0.692854, 2.54001
0.70988, 2.71315
0.531672, 2.17278
0.250071, 5.06115
-0.196227, 0.934699
0.43135, 3.04214
0.908262, 5.69187
0.972141, 0.155717
-0.281286, 5.7334
-0.603496, 1.58094
-0.610566, 6.09138
0.770174, 0.737246
-0.234263, 6.27937
0.186664, 5.51741
0.779915, 2.12242
0.984113, 2.28273
-0.3019, 5.65969
-0.9568, 2.43186
0.286987, 5.49827
0.999968, 5.84812
-0.235039, 2.39207
0.892736, 2.76138
-0.547021, 3.24857
0.440932, 2.04586
-0.148612, 2.58127
-0.982383, 6.23473
-0.83203, 3.79995
0.698529, 2.54054
-0.999805, 1.08237
-0.501888, 0.370548
0.975421, 1.58208
-0.0958087, 4.0096
-0.010836, 2.48646
-0.925169, 3.62669
-0.838611, 4.72902
0.68781, 5.26215
-0.578759, 0.370236
-0.610908, 2.1003
-0.0516753, 1.74841
0.986687, 2.02877
-0.353164, 2.76965
0.217623, 3.67425
0.0813599, 1.69941
0.819621, 2.12596
0.923913, 1.97942
0.513102, 2.43782
-0.525791, 1.42177
-0.89924, 5.76732
0.261166, 3.93991
-0.801052, 3.72267
0.953207, 5.88622
0.853609, 1.82223
0.925539, 4.00192
0.439582, 0.207134
0.530784, 5.85961
0.184956, 6.09745
-0.987088, 3.3048
-0.646681, 5.55018
-0.220402, 6.04638
-0.73296, 0.48291
-0.590057, 3.30092
-0.443982, 2.69046
-0.47146, 3.70711
-0.194915, 1.99923
0.658914, 4.40352
-0.222387, 0.406312
-0.319246, 2.28958
-0.69833, 5.9437
0.330251, 0.481188
0.732863, 1.34992
0.277933, 0.745612
-0.100565, 2.79145
0.82681, 5.47855
0.969763, 2.75528
0.169399, 1.18411
-0.918379, 1.42145
0.714254, 4.00036
-0.012857, 6.28298
-0.801911, 0.671756
0.462157, 1.58256
-0.197322, 3.56145
0.632513, 2.41872
0.960157, 0.266322
0.832662, 0.00795836
-0.222518, 6.24334
-0.416825, 1.28003
-0.033604, 2.7462
0.428753, 5.94047
0.975025, 0.612245
-0.942511, 1.79714
0.283501, 2.10902
-0.667272, 5.21201
-0.711732, 1.28228
-0.127209, 3.57944
-0.243836, 0.730107
0.660225, 2.25027
-0.341702, 6.13209
0.344346, 4.44606
0.512733, 3.8957
-0.138622, 1.78261
-0.0139629, 3.82488
-0.809352, 4.71696
0.360156, 5.42347
0.615259, 6.2406
-0.820737, 3.05566
0.265514, 6.15627
0.589972, 4.98005
-0.933341, 1.27613
0.0824215, 0.277161
-0.696141, 0.623217
0.623771, 1.07735
0.282766, 3.30973
0.479948, 1.12043
-0.85671, 6.13527
-0.11684, 2.16835
0.492176, 1.35013
-0.599128, 5.76154
-0.96278, 3.592
-0.869258, 0.375023
-0.179465, 1.95612
-0.761887, 3.51477
-0.968751, 1.38542
0.27509, 3.92417
0.324894, 2.95429
0.47258, 3.56124
0.822723, 2.19683
0.854637, 5.32109
0.0438054, 5.34511
0.189253, 2.16918
0.221212, 2.91882
0.4225, 3.452
-0.731065, 3.52847
-0.529653, 3.54922
0.987341, 5.48257
0.564383, 3.97977
0.943781, 0.153599
-0.431605, 4.68071
0.826784, 4.84189
0.799568, 5.0399
-0.288846, 1.5114
-0.685341, 3.20948
-0.490094, 1.37193
0.810563, 1.42112
0.849805, 2.39179
0.63224, 5.05342
0.926236, 4.10349
0.918941, 1.01072
0.570303, 0.978549
0.921835, 3.56746
-0.774597, 1.91693
0.202257, 1.08577
0.962031, 1.17857
-0.132208, 3.57119
-0.560018, 3.29082
0.419314, 6.06976
-0.0937818, 6.21287
-0.803985, 4.60342
-0.478699, 2.43962
0.513769, 4.76824
-0.650382, 0.749879
-0.0612506, 3.9575
0.690096, 1.68596
-0.541012, 0.551906
-0.936665, 4.98037
-0.399777, 0.241164
0.332308, 4.6509
0.982614, 1.66472
-0.529169, 4.34974
0.997071, 5.138
-0.586029, 0.325993
0.268279, 2.86095
0.731679, 1.27473
-0.0783242, 3.13732
-0.902017, 5.23818
-0.70128, 3.26066
-0.568812, 2.04649
-0.78433, 1.56436
-0.0912438, 1.29466
0.652083, 2.68889
0.860072, 2.18818
0.622988, 4.39004
-0.741489, 1.33386
0.428929, 3.61722
0.995828, 4.76769
0.971727, 6.16201
-0.437242, 3.25772
-0.604053, 5.8659
-0.438847, 5.56809
0.950848, 1.90074
-0.944274, 5.55071
0.54173, 5.74025
-0.712142, 0.211137
-0.838377, 4.77873
0.544928, 0.657974
0.434975, 3.92091
0.887293, 0.284383
0.800306, 0.606621
0.150707, 3.05175
0.877115, 2.34417
-0.41583, 3.7323
-0.641326, 5.1848
-0.0173887, 4.11728
-0.681768, 0.303428
-0.369296, 4.04579
-0.699523, 0.6363
0.311991, 4.77749
-0.206245, 4.9354
-0.528453, 5.1311
-0.0314971, 3.75911
-0.50008, 5.44417
0.426867, 4.88698
-0.283235, 0.236641
-0.431956, 0.454807
-0.0172298, 5.12885
0.905862, 6.07166
-0.970681, 5.90198
0.202932, 5.16235
-0.0658712, 4.68358
-0.665713, 2.55342
-0.846972, 0.183884
-0.494679, 5.69699
-0.239679, 4.09342
0.125166, 3.33722
0.978108, 0.0784647
-0.622574, 2.79496
0.590469, 1.29107
-0.414184, 6.17578
0.499639, 3.88014
0.856338, 6.25495
0.327891, 1.62268
-0.828956, 4.74093
-0.535772, 0.76867
-0.549511, 4.25882
0.622853, 2.15536
0.383454, 0.931023
-0.230427, 4.44495
-0.0753551, 5.56463
-0.687471, 5.47599
-0.0383325, 2.6264
-0.215789, 5.38105
-0.181239, 0.522593
-0.906522, 1.22034
0.63813, 4.90853
-0.857868, 5.22044
-0.872281, 4.09909
0.0622193, 3.11762
-0.472269, 0.502311
-0.788779, 4.44523
-0.0566039, 3.47984
0.378001, 2.72003
-0.746435, 6.11492
0.667587, 1.17137
-0.765673, 5.08092
0.74416, 1.42462
-0.78784, 2.34238
0.458052, 2.05594
-0.797559, 5.73414
-0.924406, 5.29291
0.126108, 5.34079
0.97017, 3.10336
0.984367, 5.54147
0.568891, 4.35843
-0.921228, 4.25172
-0.48135, 3.21626
0.587293, 3.86632
-0.791479, 0.586868
-0.531016, 3.94343
-0.212771, 1.16172
0.570869, 5.70298
0.660509, 4.13614
-0.351195, 1.3455
-0.0938154, 2.59898
0.342359, 5.94629
-0.753531, 5.97179
0.7137, 3.96692
0.37046, 5.44663
0.960409, 0.94721
0.947349, 6.23148
0.86753, 2.82394
0.581355, 4.2383
-0.823596, 1.18913
-0.997131, 6.10442
-0.178334, 1.02388
0.865855, 2.99832
-0.577113, 2.50393
-0.758808, 5.77358
-0.53049, 2.72595
-0.188187, 4.79867
-0.317683, 0.854667
0.936549, 2.87255
0.239709, 6.16011
-0.0723536, 2.44679
-0.457169, 0.079149
0.913502, 5.75946
0.208608, 1.88176
-0.00435821, 4.14372
0.681803, 2.89281
0.449583, 1.65295
0.741751, 2.95503
0.734134, 0.305993
-0.195962, 4.34209
0.00626057, 0.874439
0.540462, 5.32431
-0.318233, 4.26779
-0.899871, 5.23479
0.0146377, 2.51269
0.868783, 2.28936
-0.928809, 0.0777489
-0.603608, 5.12185
0.785533, 1.65507
-0.88956, 2.13519
-0.951935, 5.91947
-0.510434, 4.47263
0.857482, 4.5586
-0.86767, 1.42886
-0.0157162, 1.60341
0.710863, 4.00821
-0.756096, 2.7974
0.302742, 1.15599
0.940999, 0.468169
-0.668204, 2.81406
-0.0717916, 5.1516
0.642493, 0.889464
-0.880472, 6.06168
0.98685, 4.76451
0.751295, 3.7132
-0.980722, 5.81686
0.125337, 0.900654
-0.933122, 0.132638
0.0861617, 6.17136
0.879147, 2.13413
0.985722, 3.27634
0.741638, 4.57917
-0.838541, 4.11328
-0.689437, 4.95622
-0.792618, 1.41309
-0.915627, 1.98787
0.564105, 1.74142
-0.246108, 1.613
-0.616548, 0.529876
0.814625, 1.35112
0.400518, 5.38354
-0.639778, 1.82664
0.307414, 5.53783
-0.737853, 1.91173
0.850917, 5.08901
-0.704216, 5.32284
0.343521, 5.31635
0.487002, 2.56473
-0.0527055, 1.77683
-0.331594, 3.47547
-0.485343, 2.04045
0.313618, 3.94419
0.952601, 2.53795
-0.176355, 5.06489
-0.555886, 0.214952
0.112599, 0.520267
0.760865, 3.13674
-0.63181, 5.02483
0.265623, 4.76027
0.439635, 3.05724
-0.890189, 5.52821
-0.138825, 1.91159
-0.488409, 5.97753
-0.132363, 5.97841
-0.719721, 1.86165
0.822145, 2.71229
-0.979785, 3.50047
0.494051, 4.36121
0.266507, 3.81936
0.564853, 6.28251
0.996215, 1.9618
-0.104332, 5.67562
-0.0929764, 0.200229
0.375709, 3.05081
-0.634868, 4.26027
0.504413, 4.04226
0.395319, 3.73457
-0.823195, 3.17873
0.426405, 1.08662
0.961156, 5.78458
-0.203754, 0.961046
0.260532, 0.356477
0.018574, 0.886965
-0.925524, 2.31712
0.794083, 3.91844
-0.874118, 0.741048
0.651656, 4.64122
0.0845549, 1.06053
-0.0347895, 5.84358
0.929097, 0.186597
0.0306579, 0.821924
0.865088, 0.273626
0.793314, 4.38898
0.793428, 1.29496
0.275835, 4.77124
0.216404, 4.27456
0.417968, 3.4697
-0.387028, 5.9427
0.724628, 3.84823
0.962806, 0.470836
-0.493766, 4.88562
0.629382, 1.90153
0.685601, 5.8895
-0.722175, 2.9787
0.857855, 1.70073
-0.282394, 4.67668
-0.928032, 4.08674
0.201086, 5.21089
0.79891, 1.6366
0.695387, 3.96936
-0.137477, 3.01248
0.602438, 0.224095
0.679527, 2.12439
-0.553592, 6.17597
-0.934037, 0.95593
-0.526199, 2.56481
-0.800073, 5.17539
-0.808617, 0.9369
0.499074, 2.6499
-0.395088, 2.25292
-0.287402, 2.94618
-0.638205, 4.01571
0.0981921, 4.52665
0.459202, 6.13441
-0.350178, 0.410455
-0.990722, 0.738573
0.788683, 4.02412
0.267128, 0.949425
-0.381399, 5.03861
0.71094, 1.081
-0.899807, 5.38705
-0.346572, 2.9674
0.746872, 0.642755
-0.0989261, 0.493685
0.754422, 4.43308
-0.0445709, 0.254738
-0.0234553, 4.80249
-0.321065, 4.39552
-0.969753, 4.64019
-0.328043, 0.0092331
0.165361, 3.21375
0.0915552, 1.73149
-0.457488, 4.56889
0.0160768, 1.72312
-0.800529, 0.618308
-0.054162, 6.11501
-0.0693217, 5.54345
-0.91864, 5.13034
-0.366305, 3.31546
0.95391, 5.48385
-0.613554, 4.52053
-0.477842, 2.13698
0.395952, 3.8887
-0.189266, 5.75619
-0.552408, 2.46176
0.640227, 3.85608
-0.539863, 5.45742
-0.525145, 1.4336
-0.949439, 3.97669
-0.532751, 1.07635
-0.869985, 0.921935
-0.27126, 2.50663
-0.322317, 2.85095
0.994819, 5.42929
0.198991, 2.88726
0.17957, 3.99586
-0.516573, 5.45243
0.409508, 0.332004
0.510707, 1.78198
-0.371952, 1.57083
0.934963, 1.53291
0.909831, 5.94218
-0.965255, 3.57026
-0.418295, 0.55063
0.679048, 3.53359
0.0280742, 4.4358
-0.956251, 3.74074
0.914245, 3.14372
0.189821, 3.68048
-0.630947, 5.30607
-0.572819, 2.8248
0.464489, 4.01832
0.64092, 1.33886
0.808201, 3.61949
-0.661949, 1.33562
0.341317, 3.35078
-0.722824, 5.93992
0.178938, 0.180757
0.425379, 2.29346
0.941081, 2.95006
-0.440108, 5.76825
-0.442029, 2.46559
-0.943613, 2.30596
-0.996757, 2.06508
-0.705857, 4.43281
-0.742051, 2.1564
0.431853, 3.94552
0.182893, 5.28726
-0.559824, 1.09555
0.020759, 3.61221
-0.339985, 0.751824
-0.784389, 1.03475
-0.187279, 0.943319
-0.487304, 2.04114
-0.758759, 0.449025
-0.0287537, 4.30442
0.73711, 5.56347
-0.694942, 5.45748
-0.107953, 1.92081
0.751902, 4.59577
0.547312, 2.02322
0.898243, 5.82534
-0.793673, 5.95527
0.789257, 4.07674
0.549943, 0.151692
0.770179, 5.04619
-0.342916, 2.07149
0.0108034, 5.46797
0.273312, 0.333412
0.116062, 0.813456
0.833577, 4.83943
0.0901605, 0.832454
0.512298, 3.09389
-0.960265, 5.70776
-0.9738, 4.66976
0.554803, 1.95681
-0.9981, 5.82669
0.707598, 2.55216
0.345586, 3.32087
-0.206643, 1.53768
-0.370554, 3.28945
-0.274388, 2.90646
-0.589414, 3.36659
0.51101, 5.54596
-0.338847, 2.08701
-0.0356657, 2.03556
0.611071, 4.33947
0.489999, 4.7687
0.29428, 4.65852
0.935059, 3.10434
-0.216773, 1.35593
0.383353, 4.95231
-0.980391, 5.18601
-0.968552, 1.64473
0.790022, 1.28409
-0.387731, 1.90287
-0.751356, 0.642871
0.100562, 5.93554
-0.312822, 3.27784
0.862433, 0.257386
-0.229671, 5.38971
-0.646963, 0.322675
-0.937212, 5.48634
0.863205, 4.3537
0.983095, 0.686686
0.81896, 5.32361
-0.215775, 4.27361
-0.0511487, 1.83302
0.612593, 1.01632
0.793586, 4.7514
0.106003, 0.233458
0.081611, 5.81003
-0.628555, 2.66173
0.634139, 0.0903426
-0.0311328, 1.66745
0.638512, 0.885604
-0.589102, 3.32424
0.880162, 2.913
0.677714, 5.27435
-0.306133, 4.85693
0.261531, 3.00945
0.583798, 4.82219
0.360801, 5.54412
0.661812, 6.1565
0.940241, 4.34909
-0.422352, 2.01415
0.00802378, 2.81621
0.76236, 3.6707
-0.792337, 0.984018
0.700532, 3.58046
0.105756, 5.47005
0.807147, 0.484437
0.813291, 1.76663
-0.622205, 3.66907
-0.756046, 5.55492
-0.131513, 3.54477
0.631787, 2.37851
0.578575, 4.85753
-0.47281, 3.53062
0.874983, 2.54897
-0.0455319, 3.3859
-0.971469, 4.56417
-0.0814511, 0.737795
0.882518, 6.11392
-0.32265, 2.59036
-0.987113, 2.72067
-0.389371, 3.16703
-0.884174, 4.00046
-0.506945, 0.606632
0.581137, 0.587344
0.742194, 1.18387
-0.435688, 2.80668
-0.966606, 0.91897
0.964692, 1.35871
0.971763, 3.48808
0.270361, 0.687495
-0.320475, 5.09614
-0.865545, 3.91981
-0.693707, 5.38048
-0.445334, 5.97927
0.426093, 2.58782
0.761133, 0.575282
0.104022, 2.83127
0.979574, 3.9263
0.865431, 2.61842
-0.473402, 2.52139
-0.58171, 0.107661
0.62179, 0.81022
-0.686281, 2.81454
-0.629871, 5.70534
-0.160196, 1.2834
0.292213, 4.57125
0.111162, 6.08298
-0.181761, 1.55884
-0.886753, 5.43286
-0.869333, 3.69576
0.957542, 4.81942
-0.1298, 1.52206
0.648582, 2.57003
-0.0805412, 3.67919
0.848911, 1.51584
0.761798, 4.76476
0.379078, 5.04166
0.23412, 1.8145
-0.233447, 5.85304
0.901446, 0.927256
-0.426928, 4.80908
-0.940997, 5.98443
0.100076, 3.74933
0.911776, 5.94327
-0.328354, 0.945728
0.717269, 4.28408
0.254585, 4.97526
-0.946611, 6.21368
0.260067, 3.6359
0.718275, 6.24799
0.982911, 2.04767
-0.980065, 3.73063
-0.912136, 2.59416
0.601958, 0.777372
0.218702, 5.71469
0.576911, 5.26725
0.373594, 1.0908
0.762129, 2.72263
0.882197, 0.489933
0.5028, 5.92786
-0.693114, 5.5322
0.640746, 6.13223
0.491974, 1.76467
-0.0419952, 1.12444
0.804063, 2.38777
-0.090995, 5.50122
0.75995, 3.54758
-0.376331, 1.18774
-0.742153, 2.81527
0.713954, 4.02179
0.929433, 4.25945
-0.243439, 4.41358
-0.0764478, 4.66746
-0.676797, 1.19072
-0.711174, 0.853228
0.70073, 0.155067
-0.889368, 4.69195
0.437962, 0.00329312
0.898685, 6.13398
0.764505, 1.40808
-0.527418, 0.773477
-0.324828, 0.22162
-0.149333, 2.49876
-0.199598, 3.42312
-0.674855, 2.95637
0.344006, 3.48157
0.229717, 0.332758
0.968193, 0.829586
-0.839781, 4.41345
-0.31138, 5.61282
-0.31048, 3.26431
-0.227226, 1.0945
0.457328, 5.3201
0.310826, 2.31385
0.266564, 3.39098
0.578053, 6.21112
-0.821458, 1.08671
-0.552169, 6.11937
-0.621952, 1.628
-0.989545, 3.77156
0.993108, 3.4972
-0.936656, 0.77777
0.0643584, 2.76449
-0.741426, 2.44959
-0.630022, 3.61768
0.684884, 5.44627
-0.768674, 0.59991
0.427247, 0.75936
0.783276, 0.00689177
0.514579, 6.1752
0.448931, 3.16341
-0.941359, 4.33987
0.425906, 4.48495
-0.327032, 2.79465
-0.338812, 3.70245
-0.313525, 6.20517
-0.760896, 4.05924
-0.476413, 3.55039
0.569036, 5.17209
0.694143, 2.38021
-0.282852, 5.09618
-0.890517, 2.49894
0.903399, 5.86651
0.94771, 2.03553
-0.689951, 5.82647
0.709603, 2.05386
0.41754, 5.04818
-0.843758, 1.65876
-0.556251, 0.936074
-0.369805, 4.3822
-0.304974, 5.89245
-0.956894, 3.74216
0.590287, 0.992369
0.983365, 4.02922
-0.0886867, 0.901259
-0.749619, 0.0899287
-0.590265, 0.875016
0.878679, 4.16238
0.964267, 2.53354
-0.853524, 1.95189
0.810244, 4.03077
-0.60499, 6.27888
0.962956, 5.24082
-0.505473, 6.21189
-0.789571, 3.47712
0.344371, 3.12126
-0.945715, 2.38265
-0.900968, 4.57368
0.573083, 1.34052
-0.306321, 2.92568
-0.783044, 0.84101
0.279343, 0.727704
-0.0412364, 3.28782
0.525543, 4.02276
0.743852, 1.52203
-0.922164, 4.22106
-0.793247, 1.82987
-0.00282312, 3.42378
0.192568, 2.62439
0.431358, 5.8264
-0.595361, 4.55234
0.439536, 3.48094
-0.979908, 2.39476
0.968773, 4.12064
0.414406, 0.114231
0.32049, 0.0986542
-0.0351406, 4.74149
-0.715511, 3.59689
0.853599, 1.15307
-0.361787, 5.69458
0.0350795, 4.37211
-0.546678, 5.32364
-0.412469, 2.25532
0.894421, 0.393528
0.606777, 3.3405
0.948924, 0.833697
0.539072, 6.09683
-0.52943, 3.36275
0.898873, 2.83431
0.922695, 4.66367
-0.854413, 3.53122
0.270447, 1.15269
0.792958, 0.0619919
-0.0321191, 2.43533
0.163079, 4.9804
-0.724299, 2.53446
-0.994735, 0.358361
-0.524868, 5.48432
0.808204, 1.17301
0.531846, 1.44281
-0.723053, 3.03242
-0.522188, 2.23695
0.410564, 5.29803
0.995073, 6.19744
0.449404, 1.07925
0.782048, 6.25279
-0.147493, 4.65606
0.0720358, 5.29232
0.55561, 5.24051
-0.763603, 0.726153
-0.51905, 4.36241
0.665999, 2.19106
-0.838186, 6.23655
-0.445324, 6.23834
0.916442, 0.472221
-0.18821, 5.80178
0.360242, 0.990997
-0.430896, 4.48125
0.768293, 4.69941
-0.687766, 4.64895
-0.995059, 3.84287
-0.588924, 0.588296
0.0936757, 0.860368
0.548064, 6.26538
0.290809, 3.66455
-0.653758, 5.78287
0.188363, 4.14425
-0.500845, 0.595804
0.406327, 1.47941
0.664838, 2.9
-0.015924, 2.63689
0.688886, 6.14421
-0.86828, 0.488197
-0.174136, 2.2421
-0.962481, 0.517011
0.154806, 3.39805
0.617061, 2.64108
0.723542, 4.84594
0.930598, 0.647209
0.836721, 5.81264
0.169544, 6.12598
-0.10717, 5.05321
-0.896844, 0.643885
0.979101, 3.21905
0.975271, 4.19649
0.0825203, 0.0809577
0.722985, 1.83807
-0.351972, 3.8372
0.988843, 4.01542
0.216415, 5.43292
-0.0391742, 0.857842
0.849385, 1.44795
-0.519458, 1.46223
0.859992, 0.412045
0.973018, 2.07837
-0.698501, 3.94516
0.229923, 4.27662
-0.301626, 5.51312
0.9888, 2.74295
0.444883, 3.07517
0.822075, 2.69764
-0.0127269, 1.07219
0.877291, 4.86003
0.0783379, 1.71347
0.239284, 3.41646
-0.558303, 5.40582
0.686205, 2.21871
-0.628163, 4.61607
0.683502, 2.66328
-0.916766, 5.91369
-0.890139, 4.87332
0.841315, 2.51384
0.681885, 2.59849
-0.411657, 3.25118
-0.497675, 1.05394
0.250146, 4.00157
-0.268092, 5.44055
0.956428, 3.07033
0.0729608, 3.81393
-0.662449, 0.0657542
0.471299, 4.83253
-0.530923, 5.16925
-0.605119, 3.48867
0.556484, 1.14941
0.285337, 2.45534
0.691596, 4.69245
-0.0164483, 2.27311
0.151029, 1.79306
-0.952006, 2.33904
-0.0488895, 6.2503
-0.695581, 4.19345
0.14054, 0.907119
-0.302829, 1.11154
0.906895, 3.12726
0.878248, 1.64725
0.737688, 4.27376
-0.940407, 5.08339
-0.614405, 1.97742
-0.422421, 2.91282
0.941735, 0.199557
0.907481, 2.4085
-0.260996, 1.27773
-0.573085, 2.43503
0.854042, 0.491988
0.939967, 1.95847
0.713237, 5.06042
-0.921098, 1.36727
-0.121526, 0.156218
0.710031, 2.3939
-0.596053, 1.87634
-0.881628, 0.315292
-0.859164, 2.51269
0.839882, 4.58045
0.668609, 5.29833
0.765286, 2.06189
-0.989891, 5.81128
0.597893, 0.267234
0.76918, 1.07785
0.0912775, 5.33778
-0.490714, 1.12584
0.021368, 0.146282
0.339597, 0.902293
-0.62781, 0.276964
-0.803836, 2.84316
-0.932972, 1.33813
0.588519, 5.10946
-0.145817, 3.87974
-0.237976, 0.815116
0.682157, 5.19778
0.648928, 3.04475
-0.0616322, 5.9544
0.203636, 1.8491
-0.253244, 4.29044
-0.373374, 2.50251
-0.346803, 6.01934
-0.40208, 0.592241
-0.781628, 5.65991
-0.257961, 1.99194
0.759238, 2.17172
0.111547, 4.35204
0.812181, 1.2927
-0.994788, 5.20419
-0.0621856, 3.51258
0.860253, 3.60794
-0.00475688, 2.93372
0.385936, 0.175996
0.986432, 5.22372
-0.238242, 2.76788
0.593437, 0.0963555
-0.486551, 6.10036
0.243239, 4.83603
0.662192, 0.0301378
-0.494009, 0.399506
-0.564625, 2.43924
-0.436, 1.24128
0.624715, 0.409352
-0.722821, 0.303179
-0.300687, 0.254072
-0.17204, 2.5846
-0.325319, 3.47502
0.835032, 1.42629
-0.534487, 1.21324
-0.798606, 5.2101
0.748514, 4.78335
-0.310738, 4.76099
-0.240965, 0.679347
0.607134, 0.91383
0.832997, 4.43708
0.0598895, 0.601263
0.266705, 4.95626
0.50992, 3.17957
0.890812, 0.535114
0.103026, 4.9791
0.998561, 1.66385
0.9146, 5.55398
0.797974, 3.98392
0.703038, 1.4964
-0.688273, 6.05881
0.705197, 1.92466
0.458471, 4.15948
-0.478306, 0.560849
0.742443, 3.14455
0.699664, 0.26472
-0.37127, 2.42553
0.222115, 4.77989
-0.263184, 1.36679
0.874853, 1.22039
-0.918815, 2.44899
0.99941, 1.43073
-0.884962, 5.56459
-0.716071, 3.95489
-0.453622, 0.70298
0.315213, 3.88947
0.619712, 5.78224
-0.642299, 4.04923
0.75418, 5.2045
-0.321062, 2.79152
0.868391, 5.34315
0.46105, 4.63823
0.651442, 2.89972
0.80028, 5.35082
0.77504, 4.95183
0.837632, 2.73075
-0.841777, 3.27314
-0.807455, 2.87729
0.990392, 0.444429
-0.426398, 3.67352
0.861781, 1.86055
0.0368926, 3.94238
0.877351, 0.0220147
0.7994, 0.342916
0.0400015, 2.96149
-0.641382, 0.510822
0.766939, 6.00111
0.471265, 1.17604
-0.0240722, 3.28924
-0.180653, 2.47832
0.68292, 0.457372
-0.765998, 0.857095
-0.370195, 5.83914
0.650398, 5.55952
-0.843537, 3.1613
0.299824, 2.06855
0.387994, 5.27509
0.837911, 2.68749
-0.488976, 5.11224
0.394659, 3.59045
-0.562215, 1.75162
0.505725, 0.061581
-0.442605, 1.87692
0.911301, 4.49452
0.930257, 3.29003
-0.162058, 4.50731
-0.9642, 0.371932
0.539897, 3.43696
0.618937, 1.90249
-0.189825, 3.95701
-0.15778, 3.1807
0.495733, 2.15712
0.99836, 0.530937
0.407018, 4.08047
0.0966257, 3.49779
0.677423, 0.70177
0.627225, 5.75189
-0.710935, 4.32489
-0.82184, 4.90118
-0.223358, 2.91183
-0.55155, 1.3818
-0.93769, 1.37103
0.0102107, 4.82793
-0.367055, 0.508448
0.714864, 5.58176
0.732627, 3.01447
0.691343, 2.48328
0.997359, 4.4727
0.707938, 4.52664
0.665938, 4.12566
0.793681, 2.3525
0.586253, 1.87363
0.122631, 2.48518
0.609121, 5.64743
0.511019, 5.09093
-0.869139, 1.02563
-0.549879, 4.50025
-0.338568, 2.41624
0.339928, 4.30007
-0.333393, 0.138064
-0.386286, 2.18054
0.816165, 5.3565
-0.444725, 4.85083
0.523823, 1.07162
-0.903264, 4.96805
0.39499, 2.00702
-0.122779, 5.71183
-0.72511, 0.710749
-0.626862, 4.98312
0.750199, 2.58468
0.45362, 2.92637
0.940018, 3.42998
-0.00297927, 4.05515
-0.674044, 2.89427
-0.415634, 0.931379
-0.68838, 0.282697
0.843235, 0.0933439
0.905086, 0.543734
0.0712876, 0.424227
0.648612, 5.84233
-0.0202833, 0.0880524
-0.104382, 2.90892
0.639378, 4.61545
-0.987686, 6.11712
-0.560575, 6.02649
0.354972, 3.00668
-0.247536, 4.08695
0.811019, 4.91689
-0.363181, 2.41921
-0.736367, 5.39392
-0.388701, 5.23606
-0.938703, 4.71908
0.781164, 3.67573
0.507137, 3.13723
-0.769596, 0.564404
0.2749, 3.36721
0.594914, 1.98124
0.838275, 5.70473
0.379614, 3.3881
-0.585916, 4.72572
0.413448, 1.34169
-0.534433, 2.86699
-0.908418, 3.74965
0.63911, 5.67408
-0.479904, 2.77313
0.838743, 3.12069
0.860047, 1.7959
-0.0400016, 3.658
-0.0423232, 1.02916
-0.603739, 2.90146
0.993508, 5.93746
-0.579692, 4.39273
-0.149592, 3.52534
0.696693, 3.56581
0.953172, 2.90766
-0.866442, 3.24906
0.00719902, 2.67229
0.682541, 4.29324
-0.891629, 2.42876
-0.908258, 2.90693
0.717371, 2.25138
0.180151, 4.80137
-0.910267, 2.18928
-0.593603, 4.07148
-0.219155, 5.87872
-0.0285278, 4.39456
0.970887, 1.10491
-0.704864, 1.94068
-0.703783, 5.37291
-0.835134, 3.11987
-0.657233, 5.03393
-0.82995, 1.32082
-0.803463, 4.09855
0.801675, 0.57195
-0.643001, 3.36993
0.892842, 5.59559
-0.864248, 3.71135
0.677903, 1.39154
0.731461, 4.4776
0.763546, 5.92593
-0.897372, 3.60281
-0.912782, 3.02064
0.526743, 0.723396
-0.0554452, 5.66767
-0.857347, 2.91071
0.86025, 5.64431
0.030088, 4.50777
0.941952, 0.394233
0.55049, 0.818686
-0.7709, 3.87284
0.0787819, 5.64802
0.147317, 4.41847
0.203469, 5.44484
-0.393359, 2.51137
-0.912933, 3.82122
-0.309226, 2.3997
0.110171, 3.17515
0.920977, 5.96065
0.922663, 3.836
-0.959219, 0.897793
0.28955, 1.72009
-0.603446, 2.1286
-0.245408, 4.80999
0.503507, 4.95346
0.328959, 5.64408
0.941499, 1.56139
-0.456577, 0.293026
-0.436986, 1.89174
0.59486, 2.79073
-0.340534, 4.10668
-0.87958, 4.44046
0.906989, 3.27811
-0.877703, 1.10582
-0.874493, 1.83944
0.042055, 3.18133
0.905606, 1.4176
-0.60905, 2.92455
0.92907, 0.0546515
-0.578513, 0.541316
-0.902965, 0.97761
0.612126, 6.26619
-0.552299, 5.51755
0.601573, 4.05112
-0.463213, 5.42641
0.993597, 6.26568
0.230518, 5.34343
-0.295453, 0.836285
0.680751, 1.69225
-0.858724, 2.79143
0.162602, 5.66526
0.0553447, 5.67302
-0.287101, 3.25836
-0.49127, 2.08924
-0.766027, 3.35861
-0.767352, 4.73357
0.683658, 5.04592
0.878519, 0.407688
-0.0213844, 6.13814
0.744913, 1.62686
-0.755924, 0.245549
-0.943129, 3.18882
-0.064096, 3.80369
0.726153, 2.57273
0.597961, 2.69345
-0.759247, 5.80758
0.0374284, 0.170674
0.50907, 3.86725
0.629081, 4.80336
0.981558, 2.77314
-0.35573, 5.05533
0.0671689, 2.1137
-0.297166, 6.01745
0.450068, 4.39596
-0.841564, 1.19656
-0.754973, 3.82718
0.164273, 2.94998
0.39144, 0.281254
-0.847639, 2.63646
0.929817, 3.08718
0.25391, 5.50665
-0.135112, 1.89132
-0.210082, 0.505565
-0.929947, 6.25362
-0.795117, 5.12689
0.836906, 4.79949
-0.453751, 5.58481
0.241506, 3.90367
-0.963899, 3.11613
-0.964244, 1.50322
-0.517863, 2.80417
-0.647706, 4.16275
0.447999, 3.20987
0.487541, 5.36606
0.972915, 3.44772
0.997852, 4.18341
0.979227, 2.06894
-0.705363, 5.77732
-0.846191, 3.81883
-0.497445, 4.31144
0.775123, 5.69119
0.778593, 5.09267
0.576452, 0.686775
0.374768, 1.60794
0.926039, 5.58133
-0.882394, 5.87133
0.675074, 5.53592
0.760124, 6.28186
-0.947498, 5.38453
0.617629, 6.19544
0.0786801, 5.18752
-0.347528, 4.62485
0.475592, 4.23737
0.525931, 3.72866
-0.452335, 3.12526
-0.266289, 4.58016
0.0819587, 5.5903
-0.652762, 5.44518
0.665729, 0.459899
0.8984, 4.72804
0.978636, 5.65936
-0.951571, 2.42434
-0.981899, 3.27645
-0.783422, 5.79538
-0.978576, 2.94452
-0.401232, 1.63984
-0.0444072, 6.1304
-0.249124, 4.23953
0.991775, 1.07505
-0.701077, 1.6447
-0.687351, 6.10324
-0.913133, 1.67657
0.538627, 2.33479
-0.98759, 4.40681
0.873146, 1.70905
0.259625, 2.94745
-0.0184785, 0.310206
-0.463983, 3.17527
-0.33973, 4.70004
-0.642971, 4.81333
-0.324323, 1.51473
0.831104, 3.74322
0.286237, 2.70957
-0.441508, 2.75045
-0.121446, 3.22538
0.886188, 2.2921
-0.915192, 1.84809
-0.35969, 1.52789
-0.808612, 0.60784
0.894786, 0.0227329
0.0623358, 3.76941
-0.708076, 1.58559
0.0324174, 1.97378
0.702364, 5.76752
0.525667, 1.66766
-0.434575, 4.86328
-0.641559, 2.38529
0.0637982, 5.67183
-0.281626, 1.6716
0.540851, 3.01599
-0.815779, 4.19294
-0.185947, 5.7775
-0.981229, 4.14727
-0.715376, 1.47805
0.0514099, 3.96593
-0.463051, 2.9804
-0.143955, 6.25227
-0.776437, 3.65294
-0.981149, 4.5851
-0.812964, 5.72854
-0.899641, 0.856079
0.0886937, 4.36623
-0.855234, 1.44985
-0.668882, 5.24174
-0.95975, 4.54215
-0.456834, 3.156
-0.89605, 4.53813
0.525187, 1.45616
-0.674888, 2.80368
0.617438, 5.06766
0.557067, 5.8487
-0.802822, 4.91649
0.783387, 4.77831
-0.0392364, 3.29825
0.995969, 0.405054
0.848748, 4.82667
-0.514041, 5.67743
0.869613, 0.98823
0.180389, 2.89825
-0.562316, 1.83004
-0.788789, 0.405338
0.975294, 2.16292
0.584134, 0.570199
0.990629, 4.0225
-0.862979, 4.81491
0.593291, 0.78675
-0.818417, 6.27299
-0.709779, 2.29062
0.569019, 2.20154
-0.529296, 3.61347
-0.315376, 5.85545
0.978888, 1.76313
0.325542, 3.53975
-0.712246, 3.7694
0.461822, 5.3435
-0.519173, 4.439
0.120082, 0.441931
0.73593, 2.15778
-0.0383989, 4.39814
-0.958495, 5.42013
0.203449, 6.21598
0.510885, 1.54844
-0.152402, 1.57208
0.658748, 2.30209
0.742208, 1.47229
-0.969906, 3.75832
0.714329, 5.99032
0.739473, 5.62494
-0.903532, 0.733695
-0.588992, 5.55857
0.934496, 6.11447
-0.889402, 0.383874
0.859512, 5.02007
0.941074, 0.883954
0.502083, 4.49297
-0.612287, 4.49974
-0.527967, 2.74424
0.570431, 5.44339
-0.672955, 3.58427
0.673532, 5.72159
-0.88268, 4.66664
-0.31517, 4.7562
-0.869101, 1.29974
-0.93487, 5.30846
-0.731582, 4.78289
-0.744163, 2.36465
-0.835081, 1.43112
0.865512, 6.21176
0.774783, 6.08927
0.615237, 0.00472352
0.272278, 2.33445
-0.0351781, 4.79009
0.413995, 2.25762
-0.422178, 4.20949
0.0677398, 0.524994
-0.66198, 4.27427
-0.334704, 4.50972
-0.68762, 5.65315
0.695431, 3.52628
0.735314, 3.74969
-0.566575, 6.21912
0.779707, 1.57892
-0.670812, 4.55796
0.176546, 3.31573
0.685299, 4.61666
0.0142203, 3.56188
-0.232939, 5.36105
0.656932, 4.71791
0.894083, 5.04448
-0.228112, 4.75124
-0.701869, 5.90888
0.411775, 2.72769
0.179646, 0.745096
-0.549656, 2.10892
0.744494, 2.11034
0.0414901, 4.41661
-0.445295, 5.37924
-0.367268, 4.91745
-0.121625, 5.19673
-0.851507, 2.59439
-0.141577, 1.0983
-0.670216, 3.06306
-0.357294, 5.23554
-0.940485, 2.98249
0.555958, 4.14771
0.862078, 4.60008
0.337193, 1.34763
-0.261937, 3.48001
0.543134, 4.1211
0.817548, 0.213172
0.9783, 4.61974
-0.20339, 4.53531
0.8834, 5.41719
0.321406, 5.56659
0.965769, 4.09692
-0.547883, 6.28093
-0.337494, 3.31655
0.800664, 3.45756
0.376708, 4.51815
-0.0156436, 3.86523
-0.355855, 2.0677
0.111653, 3.08753
0.325213, 1.29269
-0.300431, 1.0876
-0.0160395, 5.7451
0.0250988, 5.68183
-0.512532, 4.27303
-0.651608, 3.99142
0.756627, 1.70035
-0.724786, 1.90624
0.910208, 0.473038
0.939538, 5.24129
0.440418, 5.84514
-0.0393766, 2.22277
0.826631, 2.21188
-0.965496, 0.0939008
0.219761, 2.68336
-0.94467, 3.49633
-0.501318, 4.43702
0.24938, 3.71373
0.229835, 5.42196
-0.868229, 6.27683
0.385842, 5.22715
-0.887957, 4.94316
0.767675, 5.47526
-0.59978, 4.33944
-0.757131, 0.292399
0.396208, 4.28275
-0.454931, 1.36986
0.827682, 3.29244
0.372426, 3.66052
-0.783712, 3.26302
-0.856831, 3.90487
0.332275, 5.60766
0.193096, 4.28607
-0.456149, 2.50484
-0.873971, 4.30109
-0.154338, 5.69683
-0.0603987, 6.26258
0.783352, 1.51022
-0.768196, 4.05092
-0.654773, 5.53071
0.780174, 1.11192
-0.831092, 4.58117
0.0863713, 4.52361
0.895664, 4.14821
-0.97368, 5.71106
-0.398898, 3.90038
0.14346, 4.34187
-0.704724, 5.31876
-0.248161, 1.82137
-0.731727, 2.38221
0.736421, 3.33756
-0.692565, 3.17595
-0.734693, 5.51762
0.736156, 4.20334
-0.142664, 1.32381
-0.699728, 4.58409
-0.47841, 6.27601
-0.895543, 0.615578
-0.577127, 1.19924
0.935484, 1.98889
-0.699497, 4.6446
0.961885, 5.65517
0.0359248, 5.87153
0.742743, 3.17629
-0.974763, 1.77812
-0.277755, 2.43566
-0.412213, 5.39213
-0.856502, 1.88718
-0.868742, 3.74856
-0.871946, 4.58145
0.777748, 0.454937
-0.984547, 4.97717
-0.418666, 3.92193
0.0153856, 3.72331
0.544796, 2.95129
0.7735, 2.66161
-0.657258, 3.42176
-0.777423, 1.24681
0.964179, 5.83255
-0.547736, 4.12304
0.589802, 2.38765
-0.165553, 3.92607
-0.628254, 5.21097
-0.567354, 2.01403
0.233585, 2.63037
0.790804, 3.29209
0.64276, 3.12894
-0.510743, 0.148078
-0.568256, 4.30347
0.941942, 2.16376
0.561725, 2.30173
0.882789, 2.2146
0.196068, 1.07307
0.408492, 1.50061
0.765438, 4.23517
0.512956, 3.52543
-0.839196, 1.16421
0.33696, 5.65248
-0.179365, 5.78338
0.741452, 3.63738
-0.819928, 0.600564
0.934607, 2.08602
-0.929618, 5.23827
-0.0839565, 2.13033
-0.0869445, 3.36781
0.335653, 0.805195
0.537187, 5.85327
-0.480567, 3.89403
0.992519, 4.45855
-0.219524, 1.9261
-0.274906, 1.72031
-0.813301, 5.31753
-0.127557, 3.49285
0.277015, 1.19509
-0.705541, 1.75428
0.760705, 1.42972
0.781257, 4.73343
0.566055, 4.55148
-0.984896, 2.20964
0.434134, 2.72328
0.185499, 2.35473
0.614539, 3.05936
-0.605797, 0.547742
0.045496, 3.73226
-0.168014, 1.38178
0.686473, 5.48515
-0.451752, 2.37897
0.911966, 2.44639
-0.364273, 2.83585
-0.145067, 3.30098
0.041046, 2.3922
-0.569629, 2.83724
0.76767, 0.581107
0.424175, 3.87085
0.975998, 2.39481
0.722736, 6.11449
0.841862, 2.07998
0.965779, 2.04068
-0.79751, 3.11498
0.733706, 2.23732
0.985381, 0.906985
-0.841865, 0.384351
0.813308, 2.39327
-0.927143, 5.2936
-0.782458, 0.309964
-0.379228, 2.94172
-0.289964, 5.51138
0.394674, 5.23943
-0.196316, 4.10364
0.596003, 6.23207
-0.70185, 3.20316
-0.121158, 1.55117
-0.924477, 5.85049
0.298076, 0.344662
0.449941, 3.13736
-0.0372302, 4.48305
0.0110061, 1.19311
-0.311264, 4.70768
-0.551456, 5.68306
-0.00397339, 0.459734
-0.466968, 3.8779
0.0850367, 2.22241
-0.88546, 4.69014
-0.903506, 4.9722
-0.0652063, 2.18929
-0.379385, 1.88121
0.967008, 0.494225
-0.556429, 5.92106
-0.837555, 5.37787
-0.0557182, 1.19165
0.178679, 3.81545
0.872661, 5.10778
0.681195, 5.88357
0.29754, 1.37609
-0.831283, 2.72179
0.732444, 4.33178
-0.563492, 4.65205
0.940433, 3.62638
-0.351388, 0.813238
0.728794, 3.10932
0.763194, 0.935434
0.517163, 4.69122
-0.0749696, 5.37173
-0.779583, 1.25686
-0.363905, 6.0324
0.122393, 3.42648
0.741723, 5.03485
0.62703, 0.525349
-0.556884, 5.90367
-0.56705, 4.27178
-0.66933, 0.531732
0.398607, 2.64473
-0.718369, 3.56712
-0.793865, 3.16428
-0.348237, 5.07204
-0.756751, 2.35896
-0.62057, 2.44226
0.449456, 4.66522
0.515839, 0.705109
0.94203, 3.12328
-0.757701, 2.79251
0.282931, 1.90424
0.716858, 3.85394
0.911902, 0.907082
-0.795852, 5.52205
0.924347, 4.95154
0.243322, 1.58942
0.914242, 3.78833
0.649276, 3.97371
-0.858681, 4.80878
-0.885312, 5.08413
-0.773475, 3.05696
-0.918831, 1.944
-0.332033, 0.356392
0.370913, 0.620586
-0.946351, 5.13773
-0.210974, 3.16907
-0.589425, 5.22043
-0.907074, 5.28978
-0.16842, 2.57957
0.768088, 4.93282
-0.437505, 4.69451
0.916752, 4.50731
0.570424, 0.181737
-0.728397, 1.12792
-0.82794, 0.223278
0.392173, 4.96673
0.555426, 4.83938
-0.256264, 2.82065
0.015836, 3.70226
0.352301, 0.0548053
-0.0232698, 1.55926
-0.6679, 1.2629
-0.817305, 4.82719
-0.383684, 3.08654
0.999016, 4.7057
-0.660752, 5.0133
0.504814, 1.05494
-0.874462, 3.36076
0.862276, 3.09303
-0.645519, 1.77746
-0.0667165, 0.733471
-0.84399, 1.83458
-0.716468, 2.58128
0.186557, 1.70659
-0.612759, 4.49127
-0.804106, 3.20007
-0.943243, 6.18985
-0.6776, 3.29391
0.984224, 4.31197
0.265756, 1.0655
0.8083, 1.932
-0.830909, 5.605
0.973556, 0.778041
0.000502215, 5.70414
0.543459, 4.44043
-0.668077, 1.62162
-0.94572, 0.87608
-0.97273, 4.04848
0.261916, 3.9996
-0.594312, 2.5563
0.764128, 0.553728
0.0769814, 1.2805
0.973315, 5.50599
-0.440181, 2.50722
0.366069, 1.30532
0.661707, 5.37008
-0.974545, 4.57781
-0.202551, 4.32203
0.746494, 2.15836
0.664529, 0.915078
0.969984, 3.40243
0.190649, 6.0808
0.842547, 0.105541
-0.30284, 0.199748
-0.45136, 3.32189
-0.537108, 5.9887
0.623366, 5.35951
-0.97859, 2.6063
0.151859, 5.67786
0.906651, 3.27028
-0.638335, 1.87896
-0.396555, 3.97882
-0.881695, 5.89066
-0.0862546, 2.93442
-0.91259, 2.16732
-0.621468, 4.20259
-0.247177, 0.910734
-0.770873, 0.589931
-0.856855, 1.40201
0.204182, 4.18149
0.808382, 0.344977
-0.764272, 1.42519
0.258361, 4.82247
0.729891, 4.53389
-0.964549, 4.53316
-0.774051, 3.23577
-0.920146, 4.47109
-0.975829, 1.56755
-0.997248, 0.809827
0.489625, 5.76341
0.738249, 3.17349
0.689687, 2.74456
0.896965, 1.65262
0.553978, 1.55498
-0.366003, 0.309716
0.567076, 4.1511
0.199647, 0.388627
0.743014, 6.13609
0.613519, 0.983602
0.604959, 2.97543
0.0259264, 1.04154
-0.705737, 2.67533
-0.336165, 3.07388
-0.0822924, 1.99011
0.214624, 5.72839
0.806196, 1.46093
-0.289805, 4.98209
-0.244206, 5.06928
0.146495, 6.02469
0.817409, 4.69625
0.159464, 1.02501
0.98171, 4.62271
-0.152819, 0.600434
0.787763, 4.29151
0.794568, 3.93618
-0.4987, 3.2333
-0.896748, 5.81622
0.867075, 2.92389
-0.980933, 2.83151
0.358775, 6.2233
-0.155824, 2.59789
-0.964496, 4.27081
0.697424, 3.21773
-0.866576, 5.9306
0.953325, 6.03112
-0.78853, 0.0308677
0.568581, 2.47381
-0.215196, 2.03492
-0.839822, 3.72501
0.420025, 4.28846
-0.148902, 3.77453
0.107342, 2.15221
0.452599, 1.9641
-0.916244, 4.56599
0.115496, 3.47556
-0.121668, 5.8133
0.211644, 5.64238
-0.753622, 1.41011
0.761212, 3.53685
0.0448103, 4.99888
-0.717599, 3.89481
0.868424, 4.75706
-0.863001, 1.18554
-0.549778, 3.19935
0.0285889, 5.89645
-0.780959, 0.105563
-0.800249, 0.558728
-0.982257, 2.286
0.828803, 3.10299
0.223217, 0.938507
-0.645588, 1.96839
0.142761, 2.1443
-0.0772381, 2.36035
0.751563, 3.43977
-0.824426, 4.94186
0.654096, 0.767071
-0.880408, 2.01977
0.61839, 4.48654
-0.636048, 2.6186
-0.904244, 1.82586
-0.53394, 2.2202
-0.471357, 1.83344
0.395918, 3.28629
-0.885952, 0.540832
0.901446, 1.72093
0.743234, 0.909031
-0.768979, 2.81481
0.1833, 0.672741
-0.739753, 4.68956
0.794529, 0.930697
0.98513, 0.727092
-0.969223, 0.0253713
0.675554, 2.15209
-0.285869, 5.2487
0.60735, 2.48485
0.280967, 0.802093
-0.770788, 1.85352
-0.714207, 0.749547
-0.558851, 0.886349
-0.304444, 5.15902
0.0224889, 5.97142
0.72447, 5.94007
0.954079, 4.45316
-0.0832562, 4.22514
-0.797021, 5.18644
-0.631673, 1.67042
0.339814, 6.21107
0.0740045, 0.168817
-0.777669, 2.70284
-0.554593, 3.58597
0.240451, 0.793811
-0.192244, 4.54347
-0.689313, 0.798102
0.928219, 2.25975
-0.63206, 1.28155
0.589839, 0.832147
-0.916335, 0.0112245
-0.20357, 5.44599
-0.101227, 5.19167
-0.0368031, 2.05156
-0.0623069, 3.09067
0.609886, 0.712917
0.6461, 1.96955
-0.45987, 2.95272
0.0256576, 2.33903
0.458241, 0.0569483
0.583375, 2.86776
0.938718, 2.13299
0.900427, 4.07889
0.0214537, 3.91322
-0.4748, 2.5381
-0.178746, 3.6145
0.222683, 2.12169
-0.641229, 3.12215
-0.554464, 2.80161
-0.848879, 4.07141
0.110534, 2.0196
0.304916, 5.20844
0.350795, 6.26783
-0.843177, 5.88843
0.888772, 0.72076
-0.128027, 3.19012
0.579734, 2.31577
0.966623, 3.69025
0.159504, 5.19185
-0.373461, 5.87101
0.605139, 2.43616
0.449846, 5.46324
-0.985494, 0.0474459
-0.831955, 1.84554
-0.445807, 6.23426
0.232247, 5.05466
-0.654703, 5.58508
0.537059, 4.23676
0.190206, 5.61674
0.680682, 0.349232
-0.623427, 2.68793
-0.740068, 2.03596
0.378829, 0.538348
-0.753463, 3.17786
-0.747167, 0.563806
-0.320623, 0.657332
0.774448, 3.68325
0.98861, 5.21787
-0.235208, 4.94385
-0.266456, 6.08367
0.894341, 4.43796
-0.0534858, 0.225386
-0.405863, 5.50086
-0.464765, 1.01529
0.119342, 0.0201236
0.903377, 0.010115
-0.313902, 6.1026
0.977651, 1.4384
0.59757, 1.0453
-0.456187, 4.32701
0.259124, 1.32071
-0.889627, 3.59787
-0.646138, 6.19416
0.981913, 5.79238
-0.758764, 1.6008
-0.250374, 0.0150169
-0.588325, 3.37137
0.71185, 1.51492
0.764226, 4.83247
0.845766, 5.22657
-0.202337, 5.872
0.286451, 4.6479
0.993865, 4.54113
-0.607501, 2.23391
-0.537072, 3.53555
-0.507463, 4.82145
-0.478299, 5.44524
0.156637, 1.15939
0.380745, 1.77553
-0.939709, 4.51845
-0.866395, 4.61531
-0.637832, 1.65715
0.31995, 5.59984
0.698867, 1.13664
0.861683, 1.34412
-0.747001, 0.474928
-0.0152392, 5.76774
-0.80624, 1.69259
0.498619, 4.53675
0.998823, 0.383268
-0.236881, 6.24798
-0.19012, 3.55057
0.0266103, 1.32499
-0.975234, 4.08814
0.984488, 2.77344
-0.447913, 4.65965
-0.799411, 0.479322
-0.572702, 5.53983
-0.311709, 4.96405
-0.476604, 3.27887
0.673345, 5.12654
0.437514, 2.94543
0.169831, 4.83384
0.546856, 4.85891
0.942802, 3.60688
0.491978, 3.43751
0.629898, 1.28641
-0.19516, 3.10759
0.900901, 5.67886
0.890951, 0.737181
0.859825, 2.15725
0.723357, 1.7651
-0.113453, 5.74448
0.817993, 6.10908
0.759281, 3.15051
0.832029, 1.81992
0.755236, 4.29807
0.431823, 4.43628
0.770186, 3.79053
-0.598595, 6.27464
-0.662145, 3.97098
-0.942678, 6.19565
0.478254, 4.56984
-0.613828, 1.81841
-0.669218, 0.882332
-0.196803, 2.19415
-0.973285, 5.35118
-0.530986, 0.503269
-0.354309, 0.852887
-0.206212, 3.86932
-0.80637, 2.94815
-0.534064, 2.05168
-0.797566, 4.39162
-0.326865, 5.33495
-0.687761, 4.59876
-0.927591, 1.21961
-0.740013, 2.02982
-0.864296, 2.02009
0.810349, 1.84384
0.633087, 1.16227
-0.488416, 1.58143
0.525832, 4.81962
0.0770857, 0.108567
-0.897169, 2.7596
0.648621, 0.0421001
-0.378688, 4.75408
-0.432618, 4.02631
0.514172, 2.45358
-0.758655, 0.931485
0.619583, 1.2437
0.833652, 6.16903
0.274201, 2.93044
0.921512, 0.746476
0.919123, 3.67358
0.73246, 2.64784
-0.489265, 4.41603
0.834911, 5.41314
0.425875, 1.49402
-0.792218, 0.715476
-0.805117, 1.90856
0.934199, 2.01987
0.821895, 3.64268
-0.00438094, 3.51093
-0.67791, 0.209967
0.975723, 5.87828
0.0934468, 3.08754
0.424031, 3.68408
0.329765, 1.17813
0.312251, 2.90721
0.664437, 1.67197
-0.908158, 2.58341
-0.606351, 4.36518
0.170976, 0.160971
0.328527, 1.26254
0.860425, 0.661107
0.121218, 1.3958
-0.0831158, 1.15459
0.572817, 1.26627
0.662054, 3.34937
0.638576, 1.72215
0.0877346, 4.31405
0.0431741, 5.69692
0.384583, 0.0099326
-0.182697, 1.25571
-0.467843, 3.35137
-0.646246, 1.38022
0.35139, 5.91934
-0.722731, 4.8279
0.79796, 5.04504
0.822242, 4.18973
0.651848, 4.07563
-0.49007, 2.52546
-0.924388, 3.05679
0.861252, 1.4115
-0.0607951, 1.86065
-0.784083, 0.27822
-0.639011, 5.46596
-0.574615, 2.34212
0.720304, 5.79753
0.0924719, 2.76536
-0.845707, 1.81874
-0.318737, 4.73373
-0.346349, 3.79275
0.64076, 0.723528
-0.33123, 4.69816
0.473521, 1.03607
-0.0275509, 0.055419
-0.536441, 1.742
0.420984, 3.0748
-0.865836, 6.11986
-0.48754, 3.20154
0.0500929, 3.11701
0.63601, 3.90805
-0.82388, 3.64029
-0.744572, 1.21548
0.626953, 4.35885
-0.191165, 4.65337
-0.596222, 4.87565
-0.128855, 0.508829
0.195275, 1.15301
-0.770043, 3.77857
0.552888, 1.82649
0.394053, 1.73806
0.522543, 2.31856
0.182591, 0.449811
0.972292, 4.66903
-0.55549, 3.89312
-0.670741, 1.86069
-0.989932, 0.574011
0.646193, 2.29651
0.998564, 6.13467
-0.517684, 5.11658
0.249545, 1.90871
0.397136, 5.6787
-0.337501, 0.358861
-0.712441, 3.92938
0.369267, 1.71847
-0.104329, 2.58094
0.367708, 4.49472
0.628742, 5.50139
0.418459, 2.91219
-0.316116, 4.28097
0.142544, 3.99885
0.743692, 4.52113
0.962878, 2.29525
0.195032, 2.40365
0.434724, 1.2476
0.485531, 5.67029
0.654451, 1.24232
0.405805, 0.102442
0.697398, 3.83653
-0.713488, 3.20383
-0.564531, 2.87997
0.0249961, 1.31309
0.94373, 1.36924
-0.766481, 6.24335
-0.396068, 4.32875
-0.198761, 1.19221
0.319256, 6.15869
0.105445, 5.33733
-0.723695, 4.65133
0.139989, 4.48593
0.732831, 6.1634
-0.0586575, 1.10723
0.266498, 3.05709
0.971096, 2.45825
-0.386552, 0.338139
-0.606685, 0.426039
-0.802551, 2.83367
0.0921693, 5.90984
0.958371, 2.01057
0.704584, 4.31398
-0.484608, 1.76317
0.0416565, 2.43233
-0.290366, 1.40895
-0.222682, 2.04654
0.862531, 1.49915
-0.991787, 1.72958
-0.500267, 2.04734
0.261988, 5.00487
0.00714796, 5.12852
0.557745, 5.22883
0.507834, 4.68866
0.815138, 5.35983
-0.59353, 3.91004
-0.926649, 0.895398
0.86794, 5.40285
0.505505, 3.77875
0.601879, 4.21612
-0.96716, 1.36968
-0.820778, 2.51926
0.983078, 1.0284
-0.276821, 3.26207
-0.697512, 1.9236
-0.695434, 6.14501
0.219753, 5.03745
-0.914672, 1.88654
0.698594, 2.27629
0.598218, 3.82111
0.689213, 4.90899
-0.846635, 4.82887
0.185541, 1.59984
-0.60703, 6.12805
0.492685, 1.62981
0.650023, 5.04639
-0.646492, 3.05036
-0.158895, 5.25585
0.853785, 4.9693
-0.880265, 4.81276
-0.494641, 1.65981
0.263046, 5.64108
0.593403, 2.25355
0.773088, 1.71928
0.279509, 6.08792
-0.345537, 1.53818
-0.811041, 0.105302
-0.952426, 2.52387
-0.738316, 5.57382
-0.781085, 6.15252
0.532033, 0.594532
0.342248, 4.51631
0.516577, 4.56152
0.644819, 1.37984
-0.86834, 6.24091
0.854159, 3.77705
-0.933877, 4.84371
0.480461, 4.14141
-0.425092, 4.97749
-0.777323, 5.09771
0.834087, 5.85344
-0.587434, 2.69685
-0.0629995, 2.73589
-0.603157, 1.6016
-0.947202, 5.67752
0.202011, 5.9161
0.84149, 4.44377
0.471104, 5.84389
-0.224605, 5.38055
0.949516, 3.67281
-0.457657, 2.79135
0.309517, 4.11554
0.104815, 5.11964
-0.293597, 4.12261
-0.719837, 2.50426
0.799821, 1.75927
-0.274447, 1.33263
-0.118019, 4.15033
0.648129, 3.76116
0.746165, 2.58242
-0.469953, 3.92793
-0.577174, 3.19498
0.146527, 4.66175
0.0383621, 2.11693
-0.689924, 1.42939
-0.792248, 3.31133
-0.79992, 3.51606
0.856595, 3.80253
0.887035, 2.71574
0.396884, 2.62888
-0.502333, 4.90915
-0.816588, 4.65833
0.786194, 0.975106
-0.80082, 0.647367
0.606915, 0.422431
0.497774, 4.4071
-0.96256, 4.78489
0.11043, 0.796319
0.28492, 5.69868
-0.168688, 0.158576
0.634231, 2.70101
-0.13334, 1.13447
0.667855, 0.555138
0.871721, 3.51175
-0.524824, 2.33927
0.0309772, 5.60601
-0.22714, 5.63637
0.308096, 3.25592
-0.252095, 2.52542
0.969667, 1.93738
0.132638, 3.25038
0.756312, 4.35395
0.530255, 1.51844
-0.591927, 1.71607
0.458711, 1.70165
0.0566922, 3.31743
0.758908, 0.389538
-0.95849, 2.00307
-0.126772, 5.96962
-0.503252, 4.46627
0.93228, 1.26386
0.543234, 2.11792
0.985421, 3.08758
-0.749376, 4.76985
-0.140372, 4.45834
0.517198, 2.09609
-0.709678, 3.78872
-0.567783, 1.9696
0.938257, 0.795066
-0.892125, 4.22989
-0.311796, 3.50558
-0.642673, 0.986774
-0.811922, 1.45382
0.441943, 1.93545
0.888654, 1.3097
-0.385011, 4.48933
-0.856703, 0.783659
0.749883, 5.08907
-0.117799, 6.12828
-0.505464, 4.31194
-0.822022, 3.47632
-0.608415, 0.57964
-0.584318, 5.80135
0.00375203, 2.07091
-0.524451, 2.35653
-0.716568, 6.08316
0.530029, 4.35156
-0.358063, 3.43021
-0.107568, 5.5761
-0.568346, 5.47781
-0.966063, 4.23043
-0.73304, 3.66491
-0.451266, 4.92045
0.696277, 5.43873
0.984971, 5.49999
-0.846145, 0.898347
-0.124823, 4.07413
0.655411, 0.685902
-0.478275, 2.62344
0.00214939, 5.98489
-0.797177, 6.22323
-0.887445, 3.14081
0.88081, 0.942625
-0.309931, 2.44297
0.205496, 3.78081
0.629674, 4.89326
-0.730596, 5.39487
-0.794359, 1.40085
0.90218, 2.75311
0.837113, 3.54732
-0.359536, 0.170281
0.846352, 2.52508
-0.912356, 3.15669
-0.872661, 1.07868
-0.361202, 4.47322
-0.290698, 4.4397
-0.410292, 6.22618
0.447581, 5.23746
0.890958, 2.42244
0.962113, 1.98473
-0.95137, 0.694524
0.523157, 3.11766
-0.288526, 1.54777
0.53752, 0.482922
0.790932, 0.153693
-0.18303, 3.33378
-0.542872, 0.690959
-0.533771, 5.7649
-0.818248, 0.895077
0.580312, 2.73912
-0.817561, 2.79648
0.911647, 5.22755
0.793272, 1.9908
0.662555, 2.34205
0.910047, 2.26003
-0.139072, 6.17892
-0.352935, 0.433235
0.990922, 0.952152
0.642835, 1.58284
-0.317721, 4.50733
0.541832, 1.79407
0.77794, 3.79895
0.928829, 1.97558
-0.868787, 0.884366
0.785102, 5.66839
-0.935542, 1.56494
0.234686, 2.5431
0.0137921, 0.446718
-0.30235, 3.83002
-0.636383, 2.63976
-0.710264, 2.74901
0.0442445, 4.10184
-0.709137, 2.64275
-0.984291, 4.08194
0.338821, 6.20732
0.417307, 0.228166
0.394199, 0.113434
-0.228767, 2.83414
-0.980619, 3.20375
0.744681, 4.55543
0.0396757, 0.378823
-0.65765, 2.18541
0.957409, 2.76026
0.887301, 0.555559
0.757221, 4.88382
-0.959992, 1.1371
-0.960114, 4.25077
0.204498, 3.62479
-0.776926, 2.70099
0.459296, 0.47061
0.872912, 4.79472
0.338862, 5.34913
0.144905, 3.76828
0.715353, 3.56951
-0.401563, 4.11253
-0.323544, 0.519921
0.235692, 0.124636
-0.497019, 6.00796
0.325949, 1.10727
-0.8367, 1.53876
-0.289674, 5.83284
0.541779, 0.715502
-0.552346, 0.850322
0.53614, 1.99846
-0.344087, 4.90634
0.705568, 4.94753
-0.745859, 0.155147
0.873482, 6.16739
-0.168402, 1.07151
-0.438165, 4.78895
-0.0615956, 3.75909
0.62181, 4.8907
0.905755, 5.84751
-0.275344, 1.60315
-0.372415, 0.481713
0.837779, 5.43604
0.14644, 1.93315
0.246415, 5.722
0.179225, 2.82509
0.427006, 0.603512
0.510685, 3.22573
-0.355612, 1.24682
0.973453, 1.98114
0.195839, 6.10227
0.369357, 2.12595
0.663565, 6.07106
0.486169, 5.81996
0.807491, 1.36248
-0.767165, 2.06461
-0.506678, 0.0327096
0.90327, 2.3762
0.567903, 3.5255
-0.64064, 5.48262
0.772547, 1.26563
-0.738438, 4.36281
-0.872642, 4.08741
-0.0538509, 5.41067
-0.665268, 0.0671783
0.245891, 2.43286
0.509369, 2.03879
-0.443457, 0.617094
0.729664, 3.25381
0.53688, 2.8438
0.207693, 3.82757
0.0228539, 2.97253
0.976765, 2.15205
-0.65331, 5.1304
-0.229308, 3.20902
0.564044, 0.850992
-0.0791267, 0.847729
-0.14103, 3.35367
0.83363, 4.01107
0.871931, 0.862743
0.165289, 2.68677
-0.152321, 4.39447
-0.859971, 3.1735
0.0679986, 2.88019
0.206729, 5.36156
-0.958962, 5.73183
-0.869499, 5.46748
0.188006, 0.425476
0.447246, 4.40068
-0.114695, 4.23863
0.989696, 5.0653
0.487053, 2.15572
-0.462478, 5.37142
-0.0387336, 5.89243
-0.905945, 4.49509
-0.154447, 3.51607
-0.15446, 2.26067
-0.488139, 5.94358
0.474488, 5.71564
-0.369385, 3.35064
0.988014, 2.8638
0.179775, 5.25074
0.566276, 1.85837
-0.544245, 3.82968
0.867968, 3.40685
0.591566, 3.87611
0.518498, 3.44218
-0.958288, 2.98033
-0.499663, 6.16355
0.694702, 3.64857
0.84985, 4.85976
0.961558, 2.1542
-0.776025, 5.99573
-0.373284, 0.158759
-0.87625, 0.898403
0.49499, 2.59287
0.452027, 5.50211
0.0899128, 5.63301
0.222765, 2.82925
-0.961652, 5.09814
0.876498, 1.45301
0.907946, 4.13657
0.844324, 1.46638
-0.976342, 3.36611
0.271397, 6.0077
0.303579, 0.455229
-0.360007, 1.08146
0.163342, 5.30295
-0.595046, 0.271953
0.858035, 0.123947
0.0738396, 0.569918
0.623769, 2.19879
0.906589, 0.861474
0.640692, 5.17393
0.854123, 0.17015
0.0919841, 0.560187
-0.577397, 5.83311
0.727452, 1.14492
0.842943, 3.22947
-0.989508, 2.58608
-0.445261, 3.4293
0.705036, 4.24747
-0.763368, 2.64711
0.0615698, 1.18678
-0.426074, 2.497
0.652577, 0.295817
-0.376387, 5.26081
0.956735, 5.39324
0.955739, 3.86949
0.722491, 3.11825
-0.513026, 2.42934
0.872598, 0.413075
-0.842777, 4.95878
0.963099, 0.381815
-0.919081, 3.90773
0.882895, 2.81211
0.106705, 4.64332
-0.500241, 4.68395
-0.8106, 5.54219
-0.89289, 2.55904
-0.0427131, 2.97004
0.445381, 3.87139
-0.716799, 2.09818
0.162351, 1.09274
-0.354277, 5.67516
-0.411945, 5.84647
-0.115592, 5.93562
0.682885, 4.11471
-0.289988, 0.44167
0.837968, 0.721167
-0.413492, 4.62183
-0.9887, 2.72634
-0.9035, 0.0730561
-0.839312, 4.28433
-0.320127, 1.9106
-0.698901, 0.358754
0.571, 2.82576
-0.757828, 1.94661
-0.132162, 2.91462
-0.322072, 1.71987
-0.922969, 2.36333
0.346641, 2.55802
-0.268551, 0.561047
-0.640601, 0.734138
-0.0961417, 2.17334
-0.44436, 4.3243
-0.100246, 0.853821
-0.621644, 2.808
-0.0569156, 4.87318
0.952932, 1.4467
-0.0540427, 4.08461
0.778924, 2.63348
0.866059, 2.4071
-0.457737, 6.18944
-0.498554, 1.92189
-0.943914, 6.17802
0.624748, 5.95762
0.732253, 5.35395
-0.226347, 6.17547
-0.865441, 1.89939
-0.981631, 0.30869
-0.689856, 2.29575
0.783087, 1.20185
-0.769968, 2.6294
-0.653268, 5.31785
0.929907, 1.95803
0.0337133, 3.9745
-0.301525, 2.40768
0.718433, 0.758115
0.515632, 2.39521
-0.226674, 4.15424
-0.983253, 4.68723
0.263907, 4.68873
-0.846602, 2.2373
0.222453, 2.14105
-0.814278, 3.30873
0.523673, 4.57468
0.863998, 4.83687
-0.219819, 6.12394
0.52285, 2.59221
-0.291638, 4.90105
0.201416, 3.06237
0.610442, 4.71954
-0.898076, 5.14721
0.90979, 1.7262
-0.385472, 1.50947
0.438285, 3.57383
-0.808024, 2.10034
0.532365, 1.00459
0.997869, 1.30245
0.875592, 5.44837
0.941318, 3.97582
0.778691, 5.74924
0.550787, 4.98249
-0.0232164, 2.71291
0.447734, 4.51958
0.318175, 2.53424
0.428428, 1.33175
-0.177622, 2.16378
0.0824095, 4.24605
-0.891897, 5.24457
0.146406, 3.37748
0.93998, 3.39829
-0.248536, 2.59839
-0.942112, 3.4632
0.135584, 5.6141
0.854981, 1.05635
0.152014, 4.84575
0.334198, 3.04713
0.43787, 2.26651
0.279008, 2.01321
-0.0882997, 6.07272
-0.69591, 5.11516
0.281261, 4.74338
-0.608763, 1.69337
-0.462948, 1.23182
0.168516, 1.40994
0.916672, 1.2774
0.608324, 5.42798
0.0489121, 2.69207
0.0572525, 0.180614
0.465104, 1.86467
0.793514, 0.0755255
0.966275, 5.82495
-0.993444, 0.787445
-0.867623, 3.02447
0.276348, 1.34363
0.15198, 1.43495
-0.394884, 6.18265
-0.842877, 4.43115
-0.525006, 4.72053
-0.931126, 3.4633
0.985192, 2.19913
-0.0970365, 3.68091
0.927658, 2.6458
-0.489631, 5.39316
-0.900562, 2.70207
0.835125, 0.354729
0.95797, 0.891174
0.540512, 4.84855
-0.463234, 1.40093
0.923371, 1.43904
-0.539786, 5.77298
0.950029, 2.00584
0.399672, 0.633841
0.503651, 0.925401
0.937978, 6.16063
-0.87398, 3.10132
0.192507, 0.0748423
-0.719681, 2.30726
-0.851013, 0.268797
0.58187, 5.5248
-0.892963, 6.02871
-0.978949, 4.01322
-0.0590649, 5.69219
0.181865, 2.46056
-0.345554, 2.64073
0.522941, 4.83898
-0.941367, 4.63572
-0.88502, 6.1715
0.108703, 1.55835
0.783834, 1.01065
-0.910042, 5.37088
-0.0956286, 0.0514052
0.920957, 1.24537
-0.127684, 4.70181
-0.352694, 3.61938
0.439675, 2.80081
0.896801, 5.09711
-0.453587, 2.34225
0.968564, 5.65633
0.0770203, 5.8772
-0.545912, 3.19329
-0.418796, 2.78153
-0.0011503, 2.82584
0.650884, 3.62595
0.366942, 1.3422
-0.24968, 4.91054
-0.67522, 0.678187
-0.810558, 4.21506
0.767047, 4.15054
-0.056782, 1.66105
0.449019, 4.09721
-0.182183, 0.591212
-0.77595, 3.79264
-0.992548, 0.287149
-0.853485, 1.73097
-0.864915, 1.84451
0.218543, 2.70678
-0.105441, 0.687776
0.0713615, 3.71172
0.11414, 0.184089
0.784701, 2.00596
-0.783366, 5.92881
0.59808, 2.01431
-0.985136, 0.742821
0.657071, 5.15119
-0.624901, 2.77922
0.210828, 6.24693
-0.579747, 5.61255
0.791875, 6.24998
-0.832279, 4.37724
0.079912, 4.65951
0.961737, 3.51504
-0.991597, 0.866282
-0.12963, 4.02817
0.558002, 3.76026
0.0149187, 3.59937
0.146125, 1.03911
-0.341464, 1.05
-0.404539, 6.15979
-0.226264, 5.98871
-0.820977, 1.03256
-0.442903, 2.94632
0.0152748, 5.72881
-0.193193, 2.99798
-0.397751, 0.388056
-0.948178, 3.91612
-0.692274, 1.18028
-0.178614, 5.92708
-0.365993, 3.4727
0.285259, 1.97825
-0.612656, 0.489675
0.69989, 5.08448
0.944814, 5.72643
-0.940278, 2.84877
0.357789, 5.57018
-0.93587, 6.24294
0.145992, 5.56271
0.70763, 2.82831
-0.129168, 4.26327
-0.832021, 3.81466
-0.916008, 0.821092
0.664548, 5.44697
0.426503, 0.532164
0.0203589, 6.16611
-0.697023, 3.93647
0.938827, 1.1705
-0.284997, 3.46581
-0.557453, 1.11597
0.727982, 0.262534
0.323139, 3.37937
0.779717, 3.41121
0.75692, 0.60615
-0.920125, 5.94263
-0.49217, 0.597036
-0.227642, 1.95207
-0.561918, 4.8195
-0.836199, 1.89657
0.43467, 5.62104
-0.353375, 2.72469
0.827365, 5.87169
0.959163, 1.70554
-0.30442, 5.72884
-0.167138, 6.13173
-0.0928001, 4.90221
0.46257, 0.103773
0.839622, 3.70774
-0.622725, 3.2045
-0.75323, 5.50973
-0.424049, 4.02932
-0.287081, 4.42698
0.856159, 4.20674
-0.151283, 2.72829
0.909713, 5.83824
-0.5641, 0.448206
-0.470542, 2.87378
-0.672757, 2.04296
0.358013, 3.77427
-0.560117, 6.06039
-0.64655, 5.1451
0.86867, 2.13732
-0.90033, 6.2506
-0.943247, 2.63125
0.818726, 5.86511
0.481943, 4.20425
-0.704839, 5.31317
0.732251, 6.21964
0.765395, 0.44172
0.378972, 2.29867
0.361399, 3.02153
-0.73446, 0.973579
-0.985859, 1.24032
-0.436477, 4.57595
0.388261, 4.68745
0.805453, 4.51459
0.923424, 1.80207
0.981788, 0.721873
0.677293, 5.25819
-0.952632, 4.52009
-0.574795, 4.93024
-0.984115, 2.75356
0.406022, 1.46654
-0.640319, 3.64964
0.00538919, 2.11548
-0.81671, 0.749899
-0.126043, 5.41758
0.359655, 3.0136
-0.726568, 2.37594
0.0470058, 5.36772
0.145433, 6.04714
-0.220201, 6.06227
0.663603, 2.96585
-0.364106, 1.24176
-0.0468537, 3.90483
-0.503855, 1.08646
0.204463, 3.83045
-0.454898, 3.31971
-0.0999962, 0.87759
-0.787167, 5.87202
0.750752, 5.71323
0.633117, 1.01795
-0.834136, 3.49155
0.827129, 2.35277
-0.413232, 2.57925
-0.179309, 1.55403
-0.00523624, 0.434203
-0.527888, 3.81998
0.402851, 4.2693
-0.195357, 1.5526
-0.397722, 1.71634
0.981565, 4.05853
0.87447, 0.501258
0.817383, 3.1616
-0.289011, 0.308367
-0.763439, 4.29771
0.331562, 1.26775
0.0949215, 5.29113
-0.814529, 4.79027
0.242941, 2.0351
0.342356, 5.64226
-0.219442, 3.39526
0.152363, 5.9556
0.410482, 3.3755
-0.589485, 6.27775
-0.779661, 5.07991
-0.848683, 4.86158
-0.965776, 2.54561
-0.280722, 5.53867
0.865062, 0.472814
-0.357612, 1.0563
0.964848, 1.36389
-0.136164, 3.70145
-0.95485, 1.29531
0.414253, 1.98286
0.782033, 0.839323
-0.848403, 1.90893
-0.124043, 3.01304
0.18719, 5.71571
0.919715, 5.10652
0.159349, 0.0127147
-0.625045, 5.46447
-0.198733, 3.90129
0.710272, 5.10758
-0.59154, 4.41503
0.438864, 0.420098
-0.70505, 0.437496
0.623073, 5.74004
0.72182, 0.014055
0.0862227, 5.055
-0.609941, 2.72282
0.570856, 1.99234
-0.688848, 2.60557
0.600453, 4.38398
-0.895617, 3.31591
-0.980479, 1.92785
-0.358844, 5.23506
-0.81352, 4.20881
-0.86546, 4.04933
-0.902507, 3.01747
0.9284, 3.94661
-0.323589, 1.8648
0.184717, 3.37501
-0.740318, 3.50348
-0.496679, 3.56874
-0.753916, 2.03077
-0.592218, 2.34677
0.795636, 3.80379
0.966263, 5.99445
-0.753833, 1.67835
-0.106421, 4.43425
0.448767, 1.52441
-0.59706, 2.72843
-0.574301, 4.48523
0.4988, 2.41209
-0.646103, 3.70842
-0.504464, 4.98977
0.328559, 4.76109
-0.696023, 0.158581
0.155172, 3.4979
-0.613959, 2.51285
-0.438307, 4.75252
-0.380312, 5.49606
0.494211, 0.46565
0.661813, 2.8223
-0.959272, 0.938188
-0.805743, 1.54063
0.459396, 3.96591
-0.470628, 0.277724
0.222973, 2.19733
-0.937225, 3.66603
-0.8753, 4.76963
0.31583, 5.11535
0.932685, 0.599495
-0.038788, 5.96247
0.336092, 4.48709
0.9311, 5.13032
0.747448, 3.52016
-0.303839, 1.14503
-0.823872, 0.261041
-0.889257, 5.45064
-0.298068, 0.592406
0.450889, 5.90558
-0.613537, 5.52041
-0.783342, 4.51068
-0.349025, 4.2705
0.992311, 3.33112
0.228518, 2.31638
0.707505, 4.63653
-0.669337, 5.98503
0.935787, 6.16835
0.416568, 3.86243
-0.97817, 4.41018
-0.335604, 0.318394
0.204669, 2.34847
0.6444, 6.16389
0.734333, 2.85306
0.988608, 5.74424
0.967187, 0.688376
-0.490798, 3.95189
0.784131, 1.93584
-0.537004, 3.24495
-0.057404, 2.32885
-0.196674, 0.0334474
0.437742, 0.506246
0.815485, 5.9043
-0.898262, 3.17092
-0.659061, 2.68513
0.242845, 5.49988
0.539139, 3.77687
-0.0975269, 5.61487
-0.925035, 4.83064
0.81189, 1.04288
-0.724208, 0.127587
0.0518677, 5.41542
-0.721885, 3.3963
-0.816634, 1.03666
-0.291378, 4.25988
-0.639701, 0.0483074
0.658752, 2.36478
-0.0604758, 1.90582
-0.0414169, 1.68827
-0.902036, 5.50526
0.996039, 5.95451
-0.792197, 1.55353
-0.627245, 2.5147
-0.660125, 5.11206
-0.825514, 3.68395
-0.016199, 0.00386172
-0.301269, 2.44115
-0.914673, 4.16118
-0.266197, 4.82092
-0.350263, 5.99548
0.969088, 1.52125
0.579371, 1.20022
-0.552552, 2.49921
-0.513739, 0.801083
-0.130647, 0.190724
-0.783563, 5.14685
0.0833594, 6.08255
0.898257, 0.00510149
0.243678, 1.99939
-0.56571, 4.68392
-0.765978, 2.18556
-0.846853, 3.94339
0.835829, 3.26012
-0.946698, 2.07619
-0.384012, 1.74458
0.892554, 1.8689
-0.0084059, 5.68315
-0.196756, 2.7846
0.65918, 1.47743
-0.117103, 1.92992
-0.687997, 3.66139
0.930024, 4.87918
0.590582, 5.08582
0.961699, 3.45611
0.731632, 0.585132
0.549039, 5.78261
0.474034, 1.10438
0.64389, 4.41513
-0.514684, 0.656605
0.952885, 6.02201
0.594384, 5.57025
0.863806, 4.3979
0.0367256, 2.7244
0.604545, 3.58216
0.546062, 3.41423
-0.597888, 2.88742
-0.764089, 4.36642
0.989645, 3.03468
0.0521634, 1.08981
0.636777, 0.903613
0.721254, 0.0628833
0.543035, 4.09898
-0.137757, 0.213875
0.918625, 3.48048
-0.940649, 5.12166
-0.798096, 2.59081
-0.0558938, 2.85431
-0.633959, 3.34013
-0.677017, 0.694823
0.609602, 2.09211
-0.530126, 0.035961
-0.932833, 1.02775
-0.962306, 1.4276
0.558876, 4.1997
0.886623, 0.739383
0.0648259, 3.79997
-0.0462993, 2.37158
-0.760672, 6.17599
0.272544, 5.40425
0.238515, 2.829
0.774381, 0.901809
-0.717163, 5.83951
-0.781628, 3.01781
-0.985061, 4.47805
-0.841266, 1.24221
0.348424, 0.382416
0.784475, 0.272234
0.606668, 2.96362
0.978778, 1.15636
-0.611396, 2.64016
0.519775, 3.69276
0.970483, 2.89063
0.809734, 4.35143
-0.949636, 4.64935
0.925983, 4.20908
0.849351, 1.92387
0.932418, 0.618382
0.763555, 1.41631
-0.258031, 1.37321
-0.602284, 2.6357
0.771032, 2.31525
-0.975187, 3.92273
0.559653, 5.13939
0.55102, 0.721434
0.128387, 1.56511
-0.460935, 2.88683
0.684771, 6.15158
0.571332, 3.49046
0.751918, 4.83899
0.267887, 3.19699
-0.745624, 2.04222
0.412057, 2.13019
-0.627418, 4.55058
0.815693, 1.77419
0.174638, 1.10701
-0.0720406, 0.905224
0.217209, 4.08008
0.644278, 5.27608
-0.82121, 0.355063
0.215003, 5.90795
0.436295, 5.5935
0.953117, 2.19496
-0.618021, 1.43475
-0.189066, 3.67613
0.703288, 1.32355
0.869889, 2.90043
0.392305, 0.372196
0.809852, 1.178
0.53678, 0.93009
-0.69131, 1.0763
0.935148, 1.3342
0.380135, 2.86033
0.299259, 4.3362
-0.35872, 2.39723
-0.151731, 4.30676
0.711734, 3.00227
-0.568488, 4.84879
0.969893, 3.88476
-0.775567, 3.75843
-0.195734, 0.0615539
-0.807358, 5.8034
0.896376, 1.07654
-0.17372, 4.07803
-0.022206, 5.07477
-0.778733, 3.48105
-0.392319, 3.26266
-0.410566, 5.23464
0.853625, 4.97095
0.259507, 3.15721
-0.689548, 1.63928
-0.48176, 0.427044
-0.676388, 4.05415
-0.395235, 0.199246
-0.623251, 2.62722
-0.305211, 0.40748
-0.945955, 4.49998
-0.272915, 4.88168
0.646851, 3.37235
0.979561, 4.81649
-0.884233, 3.69836
-0.559585, 6.12155
-0.529772, 1.37101
0.0245094, 0.305465
-0.528127, 5.98574
0.456338, 3.36205
-0.431219, 3.0962
-0.533609, 5.18068
0.172588, 2.03796
-0.982226, 0.0505954
-0.502683, 3.07644
-0.300585, 4.83167
-0.26413, 4.72366
-0.278656, 1.95562
0.506772, 5.89331
-0.546001, 1.24048
0.548044, 2.6208
0.0153643, 5.79769
-0.721874, 0.968975
0.830538, 1.24067
-0.5202, 0.98293
0.428394, 2.64976
0.420391, 3.17854
-0.169736, 5.92086
-0.819584, 5.95954
-0.670969, 1.67122
-0.682167, 3.33111
-0.470821, 4.48573
-0.750975, 1.4154
0.348414, 3.13459
-0.0165953, 5.61532
-0.242865, 4.99103
0.754609, 0.765246
0.545959, 3.87924
0.954837, 2.14608
-0.0171508, 5.27461
0.713306, 2.22376
-0.393816, 6.14712
0.213169, 1.04625
0.782554, 4.14996
-0.617467, 2.47744
0.473837, 3.88578
0.02925, 3.17724
-0.0600529, 5.08232
0.533959, 5.34432
-0.786383, 5.86328
0.285572, 4.39496
0.0313659, 1.82504
0.991011, 2.24562
-0.738317, 5.31302
-0.709468, 4.12084
0.152645, 0.775615
-0.447219, 5.74863
-0.745456, 5.83724
-0.680884, 5.95752
0.678023, 6.11307
0.127762, 1.97308
-0.394518, 4.68717
-0.904978, 0.0858968
0.640456, 5.4418
-0.215055, 5.72606
0.120749, 4.2223
0.285296, 3.01494
0.45795, 2.55292
0.15615, 1.48642
-0.156119, 2.85475
0.935399, 0.896045
-0.581978, 5.45039
0.800552, 0.894679
-0.866083, 3.94635
-0.852363, 3.30613
0.920403, 3.42891
0.652402, 5.76818
0.280121, 2.63307
0.660455, 3.86859
0.212519, 1.44962
0.758018, 3.10332
-0.211134, 6.26981
0.449854, 0.796269
-0.154497, 2.75684
0.144469, 3.95902
0.427598, 5.8768
-0.842805, 5.74284
0.658003, 4.45771
-0.553939, 2.07103
0.929338, 5.70339
0.521248, 2.7714
-0.911106, 4.37409
0.727636, 1.95907
0.681776, 1.76319
-0.601231, 2.82988
-0.622304, 4.96696
0.767271, 6.02648
0.617586, 1.93087
0.879536, 1.71396
-0.127369, 1.61147
-0.666327, 6.03456
-0.834251, 4.93311
0.98493, 2.56878
0.786376, 1.08709
0.602681, 3.60032
-0.182675, 1.32466
-0.564291, 4.11154
-0.709522, 4.20754
-0.989165, 5.51511
-0.296026, 6.10344
-0.613006, 5.95271
-0.659503, 5.09457
0.689233, 2.41998
-0.426807, 1.24301
0.219447, 3.78105
-0.386338, 3.93473
-0.505328, 3.0879
-0.415905, 5.77761
-0.751647, 6.11124
0.739362, 1.7759
-0.956627, 5.08259
-0.18824, 4.82193
-0.79399, 5.09786
-0.511654, 2.99646
-0.0984469, 2.35552
0.419331, 6.13481
-0.764773, 4.29658
-0.407697, 3.28009
0.299115, 1.49668
-0.208415, 4.29048
0.614835, 5.30743
0.401436, 3.16303
-0.414038, 5.98161
-0.556699, 0.240492
0.87845, 2.40871
0.694432, 5.53881
0.995777, 2.33781
-0.636809, 5.77241
0.446871, 1.0854
-0.73242, 3.00079
0.963578, 0.583926
-0.102772, 5.36166
-0.0480971, 5.7345
-0.48912, 5.61282
0.0872576, 2.07214
0.229688, 3.41576
0.347042, 6.24798
-0.798712, 1.46059
0.733563, 0.135588
0.163279, 3.945
-0.0211532, 4.39485
-0.112707, 4.09961
-0.4368, 5.63281
0.571109, 2.42814
0.966878, 1.15237
-0.743567, 3.52538
-0.0907341, 2.07862
-0.234747, 0.864628
0.703172, 1.30244
0.433973, 2.50363
0.396148, 3.55634
0.151508, 1.7394
0.912454, 1.82572
-0.660851, 0.302899
-0.592628, 5.29708
0.818685, 0.207466
-0.690983, 6.25041
-0.892207, 6.15832
0.431959, 1.55289
0.337791, 3.18388
-0.505142, 2.78724
0.598563, 0.123317
0.39121, 4.91787
-0.923949, 1.15365
0.733383, 2.29378
0.915572, 1.01464
-0.878005, 0.613936
-0.202758, 5.845
0.0540372, 1.77379
0.502265, 5.76588
-0.792247, 1.74747
-0.0856751, 4.39135
-0.667113, 0.588042
-0.671627, 0.908347
0.89912, 5.12079
0.914545, 4.06162
0.73062, 3.22075
0.729643, 4.90424
-0.259286, 1.7512
0.155532, 2.48602
0.362984, 0.117619
0.396359, 5.98471
-0.625004, 3.50205
-0.765955, 0.171691
0.703645, 4.75296
0.431215, 3.63755
0.403692, 0.189637
0.509191, 3.22925
0.209773, 6.21248
0.950317, 4.24296
0.439959, 1.92185
0.750701, 3.45815
-0.829746, 2.44301
-0.489319, 2.6401
0.910482, 5.61683
-0.268539, 1.87286
0.662287, 5.4852
-0.985084, 4.07225
0.350607, 4.93049
0.699165, 4.22695
0.611566, 3.37091
0.91285, 1.95716
0.429343, 2.90296
0.13722, 2.34884
0.832795, 4.50544
-0.956691, 1.10627
-0.737425, 0.914393
0.968739, 0.636651
-0.83259, 1.14986
-0.852519, 1.99482
-0.343195, 0.654538
-0.184184, 2.98003
0.439399, 3.05489
0.636586, 5.9148
0.344647, 4.70865
0.759407, 4.65363
0.830947, 3.44449
0.635443, 0.145187
0.222777, 3.2922
0.415882, 5.73138
-0.300109, 0.254353
0.433408, 6.17698
0.602786, 0.238962
0.770903, 1.33014
-0.970179, 6.18704
0.239922, 3.98316
0.160952, 2.73083
-0.206891, 2.90053
0.372634, 2.78917
-0.507843, 5.49648
-0.669383, 6.03514
0.975959, 3.56851
0.212379, 2.43546
0.0924097, 1.41093
-0.798603, 1.84412
0.228698, 5.13028
0.00334978, 5.84719
-0.984694, 1.60413
-0.639618, 2.19577
-0.745445, 6.17114
0.536702, 4.05241
0.687973, 1.71145
0.153897, 2.97017
-0.416517, 0.339073
0.0488987, 3.47728
-0.750763, 2.66483
0.22268, 1.88073
0.0463208, 4.86145
-0.850721, 3.22116
0.793952, 6.23747
-0.943122, 5.70646
-0.871265, 3.62337
-0.344756, 3.8721
-0.780395, 6.1349
-0.257324, 2.04148
-0.432214, 3.44471
-0.917739, 1.61018
0.751292, 2.08554
0.263086, 0.181714
0.663229, 2.08432
0.579271, 4.87269
-0.817296, 1.15392
-0.592052, 6.21746
0.593502, 1.02808
-0.361294, 0.497661
-0.70341, 5.47581
0.78411, 4.35688
-0.576552, 5.46535
0.726238, 3.17732
-0.676949, 3.75031
-0.711798, 5.08277
-0.910502, 3.17475
-0.975798, 5.89666
-0.837228, 2.22362
-0.966975, 3.918
0.902474, 2.6191
-0.0618882, 4.09428
-0.382784, 3.76778
0.863737, 4.32895
-0.839754, 0.924008
0.470495, 3.93899
-0.0818275, 3.82202
0.905366, 2.27903
0.0977567, 5.51942
0.962672, 4.61694
0.999312, 3.06899
-0.904785, 5.42711
0.680886, 2.2913
-0.399934, 2.98725
0.964521, 3.28469
0.83933, 4.69663
0.809253, 1.81725
-0.649537, 1.62718
0.843653, 3.0922
-0.168015, 0.0114035
0.645024, 5.5964
-0.0228288, 2.87307
0.754256, 4.26648
-0.662364, 5.2417
0.639828, 0.567212
0.233113, 3.41469
0.508833, 1.43906
0.875661, 1.22441
0.161977, 5.9642
-0.49914, 5.71648
0.576862, 3.91019
0.734756, 3.66359
-0.117248, 5.10191
0.63072, 2.78459
0.525971, 0.668987
-0.130154, 5.67946
0.932565, 4.35225
0.461089, 1.63364
0.572898, 1.75549
-0.910332, 5.16566
-0.973332, 3.48653
0.140928, 1.24677
0.119412, 1.01433
0.322897, 2.44341
0.0716273, 3.40771
-0.193367, 4.0974
-0.676439, 2.99773
-0.441973, 5.58903
-0.893827, 5.3199
0.845522, 2.63035
-0.744084, 2.91785
0.238633, 2.4428
-0.5807, 5.21237
-0.969189, 1.13715
0.361635, 4.81367
-0.648039, 3.37763
-0.796293, 0.0342285
-0.217703, 0.0404641
-0.0986556, 4.20277
-0.884736, 2.29751
0.975022, 5.73287
-0.917239, 2.55078
0.667563, 2.76523
0.0312844, 2.88014
0.950689, 2.61764
0.536472, 0.869495
-0.589759, 2.31058
0.643784, 1.07926
-0.502938, 2.63981
0.96271, 1.3209
0.963393, 3.96979
0.396454, 1.02231
0.753416, 3.4854
0.128209, 4.25107
0.203968, 3.83324
-0.347336, 1.61976
0.420241, 4.67508
-0.0720411, 3.34143
0.492726, 3.59395
0.0569008, 0.745374
0.899448, 1.87699
0.488488, 5.44958
0.983637, 0.53223
-0.682719, 2.8957
-0.198613, 2.82694
0.490134, 4.53045
0.668648, 4.31486
0.0282504, 4.54712
-0.179012, 5.50481
-0.149341, 2.04065
-0.724528, 6.03799
0.558772, 0.917259
-0.942448, 3.51087
-0.678142, 1.78148
-0.707484, 4.42557
-0.0503082, 1.70583
-0.03516, 5.51722
-0.908224, 4.17225
0.68124, 3.13661
0.644599, 2.47697
0.740176, 1.39004
0.55808, 5.59644
0.279218, 0.541538
0.742417, 2.61932
-0.446657, 2.69286
0.371113, 1.76729
-0.222252, 1.88643
-0.36356, 2.86851
0.667031, 2.81422
0.636527, 6.17376
-0.676347, 4.18052
0.568283, 2.31121
0.550065, 3.39026
-0.955325, 3.78647
0.587464, 0.792024
0.970899, 1.61002
-0.724723, 5.23003
0.648743, 1.56098
0.398527, 5.14206
0.654859, 1.23331
-0.945989, 1.29748
0.435104, 1.80045
-0.914555, 1.79054
0.760983, 6.24997
-0.330087, 6.0716
-0.690019, 3.55326
0.242136, 4.44822
-0.749986, 3.352
0.855603, 0.597107
0.594886, 0.64076
-0.030948, 2.34704
-0.129167, 4.14786
-0.665399, 3.08103
0.233201, 4.83248
-0.407954, 3.13902
-0.771035, 3.21181
-0.467481, 2.04903
-0.865001, 0.450429
0.441477, 2.86154
-0.193611, 0.183739
0.680954, 1.19116
-0.996537, 4.29485
0.686184, 3.45567
-0.259251, 0.230572
0.591075, 1.76813
0.614057, 3.32235
0.905096, 3.41414
-0.923212, 3.02321
-0.527735, 2.62061
0.964067, 2.66709
-0.924137, 3.84928
-0.233276, 3.62546
-0.178444, 0.870402
0.426055, 5.43189
0.247244, 4.35822
0.575297, 3.93156
0.273718, 4.72662
-0.968791, 2.93605
0.079541, 1.48402
0.144244, 2.18219
-0.904001, 4.57848
0.848714, 3.43897
0.398064, 2.23514
-0.687976, 0.680001
-0.305961, 5.95405
0.031346, 5.79128
0.973102, 0.81338
-0.70093, 5.74982
-0.249022, 3.55919
-0.848611, 5.54709
-0.90694, 1.19864
0.319366, 4.58065
0.395064, 0.186384
-0.998328, 0.794223
-0.955807, 3.30402
-0.852025, 5.43158
0.881387, 5.0155
0.509879, 0.52565
0.170339, 5.48343
-0.797874, 3.05293
0.820371, 3.48023
-0.936761, 3.66605
0.223954, 3.37713
-0.0695028, 4.26245
0.975749, 1.09868
0.399744, 2.14477
-0.865724, 4.84701
-0.923308, 4.14764
0.669091, 1.48213
-0.302968, 6.01118
-0.14291, 0.495043
0.617814, 2.94946
0.674554, 3.77832
0.198967, 2.61129
0.082237, 5.88882
0.094868, 1.68449
-0.583478, 0.167807
-0.902322, 4.42322
-0.240866, 1.66305
-0.759825, 5.57813
0.89858, 3.12173
-0.158635, 2.90503
-0.859495, 6.22717
-0.625623, 4.89796
0.210619, 5.7007
-0.577262, 1.27278
0.77884, 1.07344
-0.703856, 4.52773
-0.0408035, 3.55678
0.243456, 3.49443
-0.574073, 0.523722
0.972928, 2.44363
0.12795, 5.78196
0.027635, 0.423683
-0.037776, 4.26236
-0.593612, 0.574693
0.911618, 0.502194
0.460632, 0.327633
0.356314, 1.72834
0.651079, 6.18289
-0.898541, 5.43926
0.21733, 4.3361
0.927993, 2.93783
0.587361, 5.14325
-0.327784, 2.38163
0.851373, 3.30579
0.370458, 4.57398
0.579852, 1.87852
-0.991992, 4.34241
0.804773, 2.00251
-0.858551, 6.24831
0.639336, 5.50303
0.47963, 4.99445
-0.972696, 3.49655
-0.410517, 5.4062
-0.593329, 2.48061
-0.305554, 4.96597
-0.898883, 3.91786
0.136951, 5.16338
0.546127, 3.28995
-0.855179, 2.94432
-0.292261, 4.97073
0.630262, 0.615067
-0.33016, 2.1978
-0.282197, 3.0002
-0.107774, 3.68644
-0.433696, 3.46884
-0.92628, 2.1254
0.895372, 1.0908
-0.629969, 0.50478
-0.454697, 1.83437
0.722734, 2.38952
-0.693019, 4.77023
0.906975, 4.75729
-0.0803504, 5.10863
-0.534047, 2.12273
0.0297034, 5.63944
0.816409, 2.01882
0.402174, 1.43692
-0.806776, 1.00934
0.822537, 0.95683
-0.816759, 0.804037
0.286022, 2.76114
-0.813034, 0.136143
0.408128, 2.65284
-0.575072, 4.33809
0.527987, 1.34108
0.262915, 3.85562
-0.533845, 1.86716
0.852138, 3.37076
0.844226, 3.573
0.154045, 5.91776
0.246705, 1.30254
-0.962667, 1.3107
-0.402832, 2.83126
-0.374582, 5.06693
0.876121, 3.74475
0.345099, 0.96035
0.566784, 5.7647
-0.800769, 0.678028
-0.591629, 2.15715
-0.615035, 5.48939
-0.426079, 2.972
0.512421, 0.23102
0.131278, 5.69685
0.391807, 4.48865
-0.973856, 3.69294
-0.480657, 5.47021
-0.548101, 3.65558
-0.0270996, 1.65067
-0.901759, 2.94236
-0.381144, 2.21881
0.740349, 5.30006
0.980923, 2.6467
0.567466, 3.7539
-0.351362, 4.2124
-0.74453, 0.388534
-0.634568, 6.25646
0.420525, 2.07687
0.809, 0.987754
-0.479186, 0.703192
0.20322, 0.569252
-0.86304, 5.25758
-0.44864, 0.707534
-0.224064, 5.04278
0.541401, 5.06972
0.041667, 1.93775
0.749614, 2.10023
-0.282967, 1.09858
0.171945, 4.08786
-0.998363, 3.22803
0.604314, 1.52512
-0.210284, 1.1305
-0.699082, 6.25846
-0.27469, 1.42195
0.128952, 5.8143
-0.435897, 2.35318
0.561523, 3.64144
0.763513, 1.87552
0.36378, 0.368624
0.296591, 5.87368
0.677135, 4.9069
-0.773802, 4.62992
0.183929, 2.58097
0.175305, 2.10727
0.808689, 2.43995
-0.800668, 4.11676
-0.00482412, 5.88542
-0.964896, 1.5264
0.646023, 3.59972
0.740388, 1.08798
0.0332603, 3.24876
-0.760399, 6.01887
-0.148778, 3.7419
0.123647, 5.60177
-0.934886, 5.6838
-0.966941, 2.45957
0.410588, 6.27877
-0.829904, 2.0934
-0.132854, 5.73773
-0.846051, 1.37992
0.483993, 2.02034
0.908272, 2.20326
-0.317404, 0.97343
-0.924567, 2.14019
0.633858, 5.05177
-0.255719, 4.4657
0.0106506, 3.57988
-0.162746, 5.94808
0.885927, 3.84126
-0.131447, 3.18631
0.433217, 5.09643
0.142362, 3.55457
-0.355547, 5.88918
0.30382, 5.28392
-0.256223, 4.14123
-0.788174, 1.39557
-0.973285, 1.27842
-0.284951, 4.83375
0.797553, 2.63322
-0.01421, 2.21181
0.552358, 1.28501
-0.139082, 3.45849
0.636586, 0.582397
-0.0128328, 3.08472
-0.413415, 1.03101
-0.0690592, 6.03686
0.532592, 6.07095
0.931963, 4.82833
-0.532702, 4.31286
0.0956303, 0.872182
-0.940454, 5.55321
0.310692, 4.66409
-0.254968, 2.52861
-0.77103, 4.49953
0.672806, 2.63624
-0.700522, 6.14886
0.487394, 5.85186
-0.823119, 5.91481
0.924221, 0.826069
0.682016, 4.41738
-0.605279, 4.0612
-0.508414, 2.06546
0.618849, 0.236061
0.543289, 5.15191
-0.480966, 1.55903
0.494779, 2.2844
0.864389, 0.0934677
-0.669194, 4.21582
0.8585, 3.76693
0.555906, 0.566402
-0.363081, 5.3964
0.430036, 3.62144
-0.962938, 1.0305
0.504998, 4.7487
0.764635, 3.22094
-0.366809, 2.81712
0.718505, 1.20544
0.20861, 2.29974
0.13192, 6.27643
-0.0456019, 4.63981
-0.886209, 6.06057
-0.485011, 0.401003
0.155391, 4.45899
0.331976, 3.21608
-0.776829, 1.78367
0.971563, 3.10734
-0.51511, 6.16581
-0.95963, 1.8028
-0.590829, 0.974585
0.237176, 1.66726
0.0819583, 0.927997
-0.610856, 4.5238
-0.536595, 0.475338
0.637378, 4.41354
-0.430338, 4.87733
0.465448, 2.97547
0.871584, 4.91166
-0.537609, 3.98799
-0.245024, 5.50841
0.926198, 2.2868
0.964732, 5.71538
0.652068, 1.20511
-0.938226, 5.85893
0.669774, 4.83168
-0.941464, 5.74537
-0.233159, 5.7685
-0.544949, 2.59673
0.603132, 1.11296
0.900975, 2.66211
0.470677, 0.934123
0.911647, 4.1552
0.797796, 5.49886
-0.635313, 2.73812
0.479012, 1.36186
-0.926993, 0.0487679
0.375023, 3.2462
-0.643606, 3.18092
0.932025, 5.25103
-0.0327695, 2.44915
-0.838491, 3.33118
-0.579528, 1.23857
0.743299, 0.873527
-0.102398, 4.40366
0.482463, 2.80333
0.261343, 2.97866
-0.0688847, 6.02075
0.612251, 1.48051
0.885303, 1.37186
-0.72223, 0.63914
0.284183, 3.51277
-0.174666, 3.29889
0.735793, 0.189029
0.147605, 3.83586
0.40478, 3.99542
0.0572572, 1.74934
0.788397, 3.50081
-0.02219, 5.74571
0.531753, 5.65725
-0.276646, 5.722
0.452065, 5.43875
-0.902415, 4.00524
-0.503839, 3.35084
0.458262, 1.0184
-0.952006, 5.58877
-0.750252, 0.739309
0.486381, 3.77801
-0.611191, 6.2707
-0.868952, 0.59068
0.801802, 3.20906
0.0315964, 5.29175
-0.486309, 1.50093
0.0602047, 6.19264
0.086405, 2.52152
0.767669, 2.51198
0.172471, 5.41189
-0.852383, 0.927683
-0.214398, 0.486874
-0.943393, 4.64516
-0.481366, 5.46706
0.28135, 3.86652
0.201606, 2.39831
0.345433, 5.72753
0.622354, 0.210131
0.412723, 3.78506
0.822745, 3.25611
0.995511, 4.76075
0.689274, 6.22314
-0.145135, 0.717729
-0.598416, 1.53711
0.0836084, 5.64382
0.45867, 1.85832
0.865381, 5.14418
-0.6103, 1.5123
0.670947, 0.265858
0.577975, 5.20316
-0.899462, 5.53378
0.916521, 2.20253
-0.594803, 5.61214
-0.835056, 4.35813
0.109847, 1.27978
-0.586183, 3.80868
0.287789, 0.090635
-0.896109, 4.33088
0.913314, 5.58737
0.186858, 5.29314
-0.560838, 3.24224
-0.0148146, 5.97782
0.478115, 5.50315
-0.0304547, 1.89782
-0.470136, 4.28814
-0.154746, 6.06358
-0.802931, 3.83545
-0.122201, 5.07044
0.0653584, 2.31848
-0.526377, 1.93892
0.0621634, 5.78184
0.0680685, 4.73108
0.520029, 2.29134
-0.0120546, 3.75665
0.602542, 1.36975
0.15825, 1.76752
0.710344, 0.356691
-0.0193276, 5.84664
0.70506, 1.52313
0.95354, 3.34888
-0.559654, 2.01797
0.23903, 6.21985
0.491202, 3.75789
0.299096, 2.258
-0.817574, 2.70528
-0.171424, 1.58412
0.272512, 5.75206
0.672661, 1.74912
-0.522088, 5.83602
-0.441132, 6.27609
0.830322, 3.0858
-0.917081, 6.02814
-0.541846, 3.77901
0.760677, 3.12697
0.553243, 1.78865
-0.643266, 5.31875
0.213297, 5.87986
0.650519, 1.66207
0.3971, 4.49871
-0.509355, 3.57344
0.804111, 2.92117
0.795639, 2.7278
0.569382, 3.65828
0.92126, 1.17751
0.362149, 3.04376
0.875479, 3.06687
-0.971663, 4.88561
-0.995765, 2.61007
-0.285565, 1.2482
0.477735, 3.06592
-0.467308, 3.46276
-0.887223, 2.18904
-0.890122, 2.79075
0.272222, 5.35863
-0.827357, 5.29731
-0.393459, 1.33597
-0.933017, 2.75748
-0.134383, 3.79181
-0.689986, 1.84021
-0.456543, 3.93282
-0.0717241, 0.547831
-0.632701, 1.78479
-0.0374546, 0.367283
0.184892, 0.519388
0.143993, 6.10311
0.483569, 1.74569
0.0936817, 4.25526
-0.775468, 2.17692
-0.363575, 2.99782
-0.257319, 2.92662
-0.0342033, 4.27475
-0.183302, 0.0142532
0.732018, 1.27185
-0.506799, 0.25565
0.86501, 0.22675
0.60217, 1.73763
-0.873639, 0.775511
0.409185, 3.10229
0.641534, 0.896985
-0.434727, 4.91279
-0.566092, 1.51751
-0.548668, 4.76822
-0.745557, 0.710259
0.528662, 1.45592
0.732705, 3.26756
-0.830228, 5.20015
0.877414, 5.26094
-0.454046, 1.58269
0.893264, 3.86705
0.522511, 3.33778
0.135953, 4.96953
0.825733, 1.07533
0.832365, 1.49861
-0.778749, 5.64864
-0.552996, 3.42885
0.439108, 2.03986
0.89413, 0.24004
-0.528733, 5.27736
-0.623818, 4.83741
-0.0850178, 2.86598
-0.591501, 4.60887
-0.605851, 2.13067
0.125856, 4.0329
-0.035267, 4.39582
-0.798957, 4.0747
-0.936496, 0.992482
-0.798262, 5.21855
-0.937888, 3.35284
-0.392286, 1.06845
-0.907948, 1.90014
-0.391746, 2.0878
-0.800332, 0.326213
0.917353, 0.233462
-0.203826, 1.34828
0.555697, 4.30731
0.429416, 3.497
0.235172, 2.4924
-0.22994, 6.26311
-0.876111, 2.08867
0.374508, 4.41926
0.00972365, 2.18203
0.529468, 1.3576
0.966228, 3.84255
-0.499867, 5.04039
0.635782, 0.146698
0.577474, 2.69933
0.374443, 1.91261
0.273865, 4.72216
-0.487757, 5.80243
0.914222, 3.7093
-0.351254, 4.64374
0.488335, 2.8028
0.965971, 4.13423
-0.608684, 4.82092
0.947482, 4.30731
0.584443, 5.17671
-0.84542, 6.0068
0.0530709, 0.107834
-0.802184, 4.67033
-0.203678, 6.11281
-0.991008, 4.79466
-0.552095, 3.54457
-0.834009, 4.65776
0.796656, 1.30038
0.034878, 4.65348
0.685521, 3.43273
0.590261, 3.17537
-0.070075, 2.70509
-0.364897, 2.68525
0.747258, 0.984777
0.934294, 4.3968
0.598832, 2.06719
-0.591457, 5.88628
-0.79646, 4.55153
0.433981, 1.22746
-0.867323, 4.24199
-0.459149, 2.90118
0.75846, 1.252
0.16105, 0.11495
-0.620525, 5.23439
-0.50275, 0.385634
0.406664, 5.15063
0.489441, 1.54503
0.131342, 4.99795
0.145694, 4.06359
-0.116575, 4.60304
-0.08943, 1.93172
-0.734008, 4.80578
-0.545966, 5.58844
-0.543312, 4.4257
-0.360151, 2.69683
0.312381, 1.95717
-0.40689, 5.03561
-0.9934, 5.71716
-0.749606, 2.80962
0.925953, 1.65759
0.089869, 4.85403
0.150157, 0.741653
-0.867528, 0.224719
-0.489265, 2.22784
-0.836408, 0.728304
-0.493101, 4.40526
-0.256143, 3.70735
0.59065, 3.37555
-0.0300079, 3.79164
0.169926, 2.35691
-0.141884, 2.75504
0.315547, 0.321061
-0.295587, 2.11946
0.878315, 2.57989
0.546582, 6.11626
0.959245, 4.66974
0.0881183, 5.01775
0.190279, 2.59171
-0.238029, 0.588125
-0.498378, 5.06401
-0.0494055, 3.87772
-0.93602, 1.29083
-0.796349, 4.98165
0.728735, 0.281591
0.446252, 4.99203
0.941027, 0.0396135
0.79455, 2.32763
0.433152, 5.31404
-0.38821, 1.28994
0.407181, 0.788794
0.797447, 4.66825
-0.472095, 4.91546
0.883436, 2.10368
-0.669392, 4.70955
-0.569532, 4.55416
0.263557, 0.174395
-0.683615, 5.63387
-0.858402, 5.08298
-0.928143, 4.20203
-0.943931, 5.6217
-0.753746, 1.40187
-0.576903, 1.73725
0.751987, 0.350171
0.0121968, 1.10627
0.950011, 3.54219
0.92373, 2.67275
0.91771, 4.46115
0.976758, 2.92974
-0.917996, 0.553351
-0.765661, 4.5285
0.639551, 0.400005
-0.00951599, 4.1792
-0.397359, 3.50532
0.244869, 5.85967
-0.669614, 1.72409
0.901814, 4.92409
0.959818, 0.540777
0.0603866, 5.10082
-0.186442, 1.65005
0.845876, 2.33191
0.851092, 5.32469
-0.444619, 3.86959
-0.555603, 3.44523
0.612563, 4.26892
0.109412, 3.63796
-0.605433, 1.8692
-0.486698, 1.1436
0.689749, 6.0258
0.844381, 2.35869
-0.683061, 6.09462
0.334309, 3.65032
0.0532602, 1.4295
-0.207413, 0.498105
0.423041, 2.14356
-0.523237, 4.83491
0.658301, 4.84585
0.131257, 4.33821
0.784506, 3.74656
-0.429003, 2.27991
-0.87411, 3.03364
0.770814, 1.46696
-0.600557, 6.27767
-0.126461, 3.19176
-0.229955, 0.451048
0.55329, 3.13825
0.832899, 0.0450953
0.631501, 2.12177
-0.981863, 4.19225
-0.961417, 3.33745
0.0596933, 2.44359
-0.698293, 2.88415
0.493088, 5.67453
0.447336, 0.383382
-0.311238, 2.06193
0.654151, 1.49962
0.699428, 2.62907
0.397573, 5.83924
0.0597244, 4.50313
0.959537, 2.17116
-0.705247, 1.28099
-0.725919, 2.51998
0.967066, 0.985755
-0.44638, 3.99233
-0.688561, 2.07494
0.0183613, 2.14923
0.78311, 0.959851
-0.614378, 3.13041
0.3607, 4.61265
-0.0162936, 1.98957
-0.0759106, 2.48202
-0.151187, 3.07895
-0.394562, 3.8409
-0.435777, 5.69545
0.980564, 4.06539
0.769699, 5.19465
-0.629531, 2.25007
0.312769, 1.85352
-0.148094, 5.73627
0.727256, 3.63406
0.633359, 5.69985
0.833721, 1.23637
-0.552356, 5.37693
-0.0768369, 3.88274
0.911258, 3.37808
-0.71442, 2.76704
0.922484, 2.9078
0.524012, 5.32654
-0.127374, 0.500045
-0.45746, 1.5188
0.388112, 0.745605
-0.792801, 1.22516
0.408449, 1.94117
-0.851063, 2.92839
-0.730543, 6.26055
-0.927069, 5.88999
-0.577431, 4.83105
-0.645636, 1.07915
-0.489512, 5.30236
-0.973341, 2.64258
0.753274, 0.382998
-0.238282, 3.34677
0.897634, 1.74928
-0.387006, 1.90781
0.893153, 3.55997
-0.898495, 0.445006
-0.920631, 0.544327
0.234664, 1.30378
0.00891408, 1.17483
-0.835767, 4.52668
-0.0919727, 2.4672
0.0976411, 5.32244
-0.35918, 1.66284
0.388987, 4.75088
0.408049, 0.492982
0.159941, 3.10245
-0.04508, 2.46727
-0.871386, 0.857544
0.699599, 2.86625
0.990809, 3.36863
-0.602884, 3.87323
0.338142, 2.53842
-0.756825, 5.56547
-0.788846, 3.26066
-0.55763, 2.2486
-0.392029, 0.86068
0.967133, 3.13448
0.265661, 1.20888
-0.0734157, 3.58767
-0.352432, 5.28674
-0.400314, 0.693376
-0.95658, 4.03092
0.956987, 0.148136
0.948168, 0.0719206
0.926662, 1.25409
-0.853478, 3.17363
0.056706, 2.15094
-0.107051, 2.15359
0.573622, 0.20011
0.54257, 2.74822
-0.674705, 2.16421
0.415206, 5.46938
-0.120412, 0.709046
-0.35945, 2.51912
0.624485, 1.02526
-0.385651, 3.30936
0.827927, 4.069
0.336105, 4.51512
-0.0964598, 2.98152
-0.871368, 4.2794
0.754322, 3.34792
0.661734, 2.78277
0.813082, 5.73791
-0.461824, 4.86308
0.886163, 3.61859
0.838742, 2.05237
-0.967006, 3.57227
0.67803, 0.160498
-0.886696, 4.17883
-0.351908, 3.84823
-0.703385, 4.64523
0.300456, 6.06699
0.656538, 5.54549
-0.874665, 5.43818
-0.360572, 2.57872
0.93226, 5.04623
0.627458, 0.228297
-0.511733, 2.77455
0.748026, 2.87761
-0.0038838, 5.68154
0.110051, 4.24333
-0.988169, 3.1032
-0.733876, 0.387831
-0.989625, 5.85506
-0.0665509, 0.310371
-0.690846, 1.83606
0.0452717, 5.89227
-0.905548, 3.03079
0.938942, 1.64931
-0.88952, 0.375894
-0.568436, 0.501033
-0.639634, 0.244539
-0.462124, 2.51223
0.963572, 0.00371667
-0.570867, 5.63506
-0.970684, 3.22132
-0.263031, 0.413941
0.607805, 3.87351
-0.889313, 4.86992
-0.485533, 0.912314
0.268299, 1.45087
-0.815344, 4.78756
0.496885, 2.63572
-0.660275, 0.315833
-0.696665, 3.38342
-0.0993193, 4.75635
0.847139, 1.27636
0.760339, 4.88374
-0.447154, 0.898717
-0.560479, 0.398914
0.234685, 1.83926
-0.270357, 5.72917
0.388883, 1.88132
-0.39981, 1.96844
-0.274123, 1.78205
0.393989, 5.19257
-0.0289029, 2.50222
0.451325, 1.6961
-0.716262, 0.283127
-0.859315, 4.18975
-0.488297, 6.081
-0.148147, 5.25633
-0.230148, 4.62781
-0.394544, 3.45042
-0.820247, 3.92926
0.0929112, 0.288153
-0.181874, 5.88162
-0.272507, 5.70162
0.999609, 6.06801
0.919483, 1.78823
-0.844466, 5.87953
0.265589, 4.16021
0.332553, 3.89005
0.614078, 2.6026
-0.717997, 3.05966
0.465668, 0.586605
0.195527, 3.3653
0.680523, 0.121088
-0.308715, 4.76805
-0.893153, 3.87413
-0.155218, 0.183464
0.941414, 0.454631
-0.646489, 1.55512
0.981847, 2.47197
-0.432911, 5.6468
0.509285, 5.31568
-0.648284, 3.48438
-0.131772, 5.80128
-0.973944, 0.708579
-0.671303, 5.64387
-0.741138, 4.3727
0.533506, 4.7326
-0.648364, 1.89419
-0.76818, 3.36248
0.623581, 2.01753
0.968749, 6.22945
0.00837969, 4.47729
0.899232, 6.21369
-0.977816, 5.51323
-0.912695, 2.12142
0.742457, 1.47567
0.678858, 5.83508
0.257692, 2.0032
0.788084, 2.57284
0.0922948, 2.33385
0.752453, 3.88293
0.550119, 2.59688
-0.735505, 5.45792
0.209797, 6.11911
-0.540079, 3.98573
0.998618, 2.57677
-0.611401, 4.27543
-0.797851, 3.87892
-0.361316, 2.76922
-0.686341, 3.55878
-0.788499, 2.62726
-0.998475, 5.37453
-0.622944, 1.621
0.422567, 5.4328
0.744043, 1.72611
-0.180606, 5.33005
0.385514, 0.140408
-0.157497, 0.0293933
-0.50767, 5.43794
-0.05209, 6.22257
-0.858449, 4.34901
-0.719498, 1.67825
-0.779113, 2.28932
-0.82581, 3.62367
-0.0808526, 5.99495
0.106478, 5.39868
-0.308839, 4.61018
0.673933, 0.773832
0.893817, 6.06617
0.51765, 1.54101
-0.960871, 5.03281
-0.138973, 5.94199
0.644566, 6.17215
-0.043826, 3.41253
-0.936217, 4.07028
0.893769, 3.17382
0.355324, 5.05353
-0.918453, 3.77492
-0.192501, 2.213
-0.472002, 2.68268
-0.928837, 3.23423
0.209312, 3.80008
0.394825, 0.444675
-0.674006, 6.26059
0.0674147, 3.36472
-0.0509379, 0.341932
-0.0905675, 5.73962
-0.253479, 2.26536
-0.588182, 4.71143
-0.819358, 6.15691
0.657002, 1.07386
0.731986, 5.66711
-0.845996, 5.61907
0.860884, 2.32688
0.907609, 5.58867
0.694477, 1.26223
0.671681, 2.63184
0.971775, 4.64599
-0.915734, 4.48173
-0.37959, 5.1775
0.615736, 5.47798
-0.203938, 4.74138
-0.22907, 5.35854
0.96059, 1.53987
0.225161, 0.208172
-0.440929, 4.68577
-0.44575, 4.74898
-0.531769, 3.37271
-0.393247, 0.0800342
0.543906, 5.3196
0.722445, 6.05782
0.619936, 2.76269
0.356144, 1.37008
-0.462238, 3.97121
-0.499304, 1.97179
0.308697, 5.92292
0.654837, 2.14961
0.960602, 4.89337
-0.999354, 1.06139
-0.842793, 5.58759
0.275507, 5.01825
-0.491899, 2.1547
0.768519, 4.56898
0.272491, 3.84141
-0.98416, 4.4574
-0.966668, 1.66434
-0.212305, 5.77597
0.58644, 1.83943
-0.455486, 3.96394
0.860981, 5.40551
0.487146, 0.185529
-0.664497, 1.10078
0.985208, 0.784996
0.435876, 4.42823
-0.466612, 0.629067
-0.207021, 5.04853
-0.319404, 4.27712
-0.165901, 0.838113
0.322744, 5.64742
-0.0175946, 0.558833
0.84562, 1.67185
-0.524445, 5.96915
-0.308363, 6.04297
0.897224, 1.42883
0.182327, 0.636807
-0.874314, 4.05565
0.854953, 5.27822
0.912567, 4.41366
-0.962939, 2.64844
-0.56944, 3.72351
0.00870584, 6.26155
-0.338005, 2.64786
0.595872, 3.58646
0.482025, 2.428
-0.675497, 6.24374
-0.421614, 3.90714
0.802592, 3.09603
-0.687722, 1.30017
-0.904134, 1.85073
-0.990387, 2.27136
-0.247709, 3.18097
-0.670586, 4.62661
-0.0853242, 2.25728
-0.964492, 4.04059
0.851944, 1.56134
0.808745, 5.64687
0.451016, 1.71677
0.462196, 1.24339
0.278079, 1.2005
-0.734165, 1.35553
-0.398012, 1.72549
0.662102, 4.72581
-0.916715, 4.75681
0.112257, 2.11476
-0.964996, 2.1674
0.203975, 0.598578
-0.993225, 0.442767
-0.615935, 5.11829
0.0826134, 4.8183
-0.512397, 0.80799
0.638525, 6.27822
0.649342, 0.200359
-0.721289, 3.84539
-0.620888, 6.05248
-0.76797, 0.659601
0.37438, 6.21697
0.744454, 6.04933
0.516514, 2.63382
0.512985, 0.336893
-0.945646, 5.68766
-0.90429, 0.567288
-0.957758, 2.9498
0.94842, 4.29333
-0.427088, 3.9801
-0.406641, 4.29583
-0.919947, 3.90314
0.995757, 0.906802
0.889051, 4.39488
0.363296, 0.0087977
0.993864, 1.78466
-0.851566, 1.41539
-0.345139, 2.16011
0.334385, 2.81006
0.429202, 0.81183
0.73058, 5.0833
-0.971726, 3.52419
-0.794354, 6.26779
-0.484286, 4.93533
-0.620287, 0.019487
-0.746516, 1.80187
0.148664, 5.23979
0.519965, 1.41202
0.511767, 4.33826
0.573713, 4.5361
-0.702975, 1.91302
-0.695568, 3.41639
0.587984, 4.43639
0.865242, 2.57651
0.286237, 2.90418
0.307786, 0.921379
-0.73589, 3.56407
-0.915613, 1.55285
0.118378, 2.33535
0.200141, 4.16043
0.951335, 5.34819
0.785041, 3.02806
0.618618, 0.601551
0.964505, 2.91468
0.0417797, 4.57445
-0.0152041, 1.26713
-0.510893, 0.763022
-0.557361, 3.59211
-0.0352789, 2.94129
-0.502174, 0.536308
0.974527, 4.94971
0.630871, 1.48868
0.732651, 5.28366
0.989296, 5.08524
-0.672327, 3.53074
-0.145295, 3.38915
-0.918786, 3.51157
-0.728867, 5.24375
-0.640538, 6.00507
0.262151, 3.41917
-0.802313, 6.25009
-0.284948, 2.66377
0.932439, 3.83047
-0.850799, 1.79358
-0.666496, 6.1508
0.794379, 4.2114
0.78603, 4.35396
0.197728, 1.29573
0.755049, 0.846114
0.120834, 1.55386
-0.30634, 0.447642
0.626086, 6.11993
0.802566, 2.37272
0.842281, 2.01746
-0.421061, 5.74915
0.416566, 1.79339
0.444209, 4.25287
-0.253588, 3.85731
0.116707, 0.409372
0.294524, 3.64785
-0.467192, 3.76298
-0.587822, 0.00545316
-0.628592, 0.976842
-0.643094, 2.44409
-0.946814, 5.73798
0.839496, 2.08925
0.732144, 4.24716
0.754, 2.91191
0.583047, 4.55512
-0.321569, 2.19173
-0.638452, 3.50524
-0.916556, 4.11682
-0.952455, 5.36421
-0.664783, 6.11658
-0.777165, 3.92406
-0.735556, 2.91754
0.802725, 0.864772
-0.972085, 2.26408
0.453288, 3.72246
-0.297759, 3.09168
0.579651, 1.12681
0.963194, 5.57374
0.699477, 2.76227
0.219791, 4.50409
0.900818, 1.61427
-0.406556, 5.67606
-0.915362, 1.58225
-0.858144, 0.989567
-0.235236, 2.52226
0.950266, 2.94792
-0.987483, 6.07314
0.0658955, 4.12301
0.824348, 3.89635
0.519266, 0.479132
0.588598, 5.77999
-0.505103, 3.36845
-0.713856, 1.65592
0.621419, 3.85385
0.968906, 3.56157
-0.634164, 1.93207
0.519946, 3.38224
0.0601379, 0.103695
-0.372912, 0.258816
-0.935052, 5.3694
-0.536035, 0.711403
-0.629163, 3.66211
-0.923802, 4.87776
0.755258, 4.14172
0.373852, 2.63175
-0.929005, 3.33691
0.389151, 3.45806
-0.0472597, 0.889849
-0.956432, 4.51625
-0.636672, 1.73353
-0.669737, 5.46713
0.761199, 5.95487
-0.84074, 2.34127
-0.531297, 3.12728
0.236554, 4.43285
-0.551662, 0.310907
0.147631, 5.49013
-0.859593, 1.73265
0.175243, 5.70685
-0.767797, 1.50792
-0.840705, 2.45394
-0.139253, 0.21554
0.0115208, 3.57335
-0.665191, 0.924855
-0.321438, 3.58422
-0.414575, 5.88992
0.735316, 4.93654
0.411302, 3.70981
0.988563, 0.267906
-0.766975, 4.07106
-0.269743, 3.15279
-0.762247, 3.33926
0.148072, 4.13527
0.891725, 4.65486
-0.307445, 2.98906
0.000796558, 4.15117
-0.257671, 6.06136
0.319601, 3.70853
-0.741591, 2.51272
0.27086, 2.84515
0.495415, 3.87981
-0.567984, 2.99727
0.300751, 2.43782
-0.565494, 4.04416
-0.128777, 0.0185855
0.852301, 0.448444
0.0895538, 1.05623
-0.977687, 3.32259
0.895363, 2.08953
0.732031, 3.59302
-0.00403736, 0.433376
0.060872, 0.0575532
-0.916145, 1.82563
-0.612199, 3.98248
-0.187731, 1.77874
-0.76016, 3.02047
-0.744136, 6.05093
-0.105102, 4.12449
0.159236, 6.0338
0.256554, 5.24714
0.419166, 3.03565
0.91221, 4.23
-0.351975, 0.586285
-0.606476, 0.444511
0.505077, 1.93381
-0.994178, 5.84995
-0.122853, 4.71882
0.00654889, 5.20409
0.907395, 1.03583
0.773496, 5.4084
-0.975982, 5.14601
0.616051, 3.34425
0.811924, 5.57181
0.518788, 0.922649
-0.79184, 2.46606
0.569265, 1.4691
-0.384677, 1.61513
-0.780154, 4.30135
-0.514555, 3.86647
-0.874831, 0.891878
-0.784165, 1.79071
-0.906908, 6.0618
-0.733985, 0.351957
-0.267807, 0.63062
-0.330339, 3.34964
-0.673411, 0.235583
0.616797, 6.08209
0.666126, 4.78984
0.956161, 4.78242
-0.082999, 4.54105
0.220448, 3.53871
0.86201, 4.68486
0.265881, 4.47245
-0.288613, 1.00305
0.47874, 2.72572
0.663916, 1.58658
0.87682, 1.8895
0.261209, 0.0223481
-0.0167961, 3.30811
0.46254, 5.01534
-0.390402, 3.57306
-0.943022, 4.08699
0.734548, 5.91126
-0.0435151, 5.40249
0.174662, 4.96028
0.106806, 0.494031
-0.887008, 0.59293
0.345645, 4.07656
-0.216134, 1.30771
0.411061, 5.74977
-0.21663, 0.254767
0.566808, 0.562226
0.0802623, 3.28146
0.730632, 4.04865
-0.978117, 0.88284
-0.652859, 1.53376
-0.516841, 2.41743
-0.074667, 3.94497
-0.598832, 0.75898
0.382224, 2.56036
0.431896, 3.55556
-0.31359, 4.44943
0.228457, 5.95568
0.361062, 2.85349
0.0829503, 1.12496
-0.950512, 3.96346
-0.728169, 1.02175
-0.826139, 4.97779
0.0794973, 2.40485
-0.927713, 6.06452
-0.106101, 0.0860056
0.993248, 0.277305
-0.445396, 5.04728
0.994793, 1.10166
0.47746, 3.39819
0.0579968, 2.13105
-0.663757, 5.58709
0.461089, 6.00346
-0.751641, 5.63371
0.121199, 2.29927
0.957264, 0.649835
-0.342022, 2.97901
0.133798, 2.02845
0.966637, 4.28123
-0.898536, 4.71971
-0.102159, 1.83219
0.452087, 0.421513
0.877683, 5.63979
0.55307, 4.76187
0.355295, 5.71817
0.406474, 0.893645
0.693588, 1.64078
0.522338, 4.95429
-0.960736, 2.14816
0.534299, 6.16893
-0.386098, 2.1695
-0.487262, 4.01176
-0.876352, 3.09693
0.396956, 4.92529
-0.578673, 0.495593
-0.955964, 2.14066
0.779247, 1.35804
-0.969152, 3.06713
-0.0273854, 5.86359
0.740252, 1.92063
0.811351, 4.19119
-0.843624, 5.20424
0.15457, 1.06427
0.346081, 4.81228
-0.547041, 1.42767
-0.615227, 1.00241
-0.260875, 3.22292
-0.322671, 2.8086
0.27424, 5.4837
0.320204, 5.66613
-0.206284, 1.57962
-0.835906, 5.23919
-0.655655, 2.841
-0.777578, 3.39985
-0.594859, 3.65138
-0.874664, 0.571157
-0.233039, 4.22197
0.594352, 4.26461
0.965488, 1.93124
0.686326, 1.22216
-0.599436, 2.2685
-0.528924, 5.08621
0.845626, 1.35624
-0.055981, 1.50763
0.843677, 2.86948
0.811797, 2.32887
0.826012, 3.51886
-0.495837, 1.41814
0.916999, 2.46146
0.632537, 2.799
-0.92435, 3.6551
0.708874, 1.45777
-0.0397639, 2.61991
0.620695, 3.74725
-0.519593, 0.924955
0.0905745, 3.23982
-0.96468, 2.68398
0.387298, 1.07247
0.321556, 6.11227
0.892297, 3.06794
-0.627669, 4.70688
-0.967856, 0.0242885
0.575715, 4.90962
0.134005, 1.83427
-0.790462, 1.03544
-0.272823, 0.806114
0.814004, 0.21708
0.945305, 1.98345
0.494295, 1.01405
-0.768352, 0.419243
-0.725394, 5.67968
-0.346042, 5.19032
0.0088987, 1.26468
0.804408, 2.33603
0.049574, 6.04703
0.830275, 4.90083
0.455664, 0.741187
-0.0665586, 5.2397
0.877769, 0.921301
-0.528946, 4.89402
-0.947051, 5.69134
-0.538939, 4.29455
-0.67314, 1.17349
0.593047, 6.15753
0.875286, 4.69864
-0.999216, 2.33466
0.895109, 4.56007
0.34885, 0.281032
0.108766, 1.71754
-0.940203, 3.9823
-0.149452, 0.73793
-0.179302, 2.54693
0.0307494, 3.29748
0.646593, 5.79928
-0.57204, 0.174429
0.660646, 4.67656
-0.175983, 3.04662
-0.331289, 2.13615
-0.375592, 0.963696
-0.0891208, 1.7449
0.82617, 3.57591
-0.860133, 1.83733
0.99856, 1.84431
-0.600462, 4.64904
-0.215196, 0.336691
0.883225, 5.33808
0.374602, 4.19106
0.505596, 2.26407
0.650577, 5.36121
-0.879513, 0.85129
-0.707296, 3.17286
0.846762, 2.10395
-0.84469, 0.601579
-0.739077, 5.80508
-0.930905, 5.80268
-0.894509, 0.736698
-0.489998, 5.62585
-0.0880941, 3.69789
-0.789296, 4.58173
0.000252903, 4.51882
0.763601, 3.25176
-0.222789, 4.36566
0.45111, 0.347853
-0.943039, 4.71034
-0.545824, 4.46142
-0.940621, 0.369177
-0.975048, 5.74792
0.355935, 2.01429
-0.966245, 5.32603
-0.367846, 0.196389
0.962179, 0.21603
0.558133, 0.44656
-0.643845, 6.23791
0.908028, 3.78609
0.549035, 3.79418
0.378898, 1.77482
0.821337, 5.97688
-0.505915, 1.40562
-0.54405, 3.44153
0.61091, 1.67812
-0.882549, 5.63885
0.404615, 0.750698
-0.958711, 0.324111
-0.252537, 3.12097
-0.817221, 1.99908
0.633243, 0.59981
0.589607, 1.72391
0.997538, 1.09303
0.907252, 2.73919
-0.748608, 6.15184
0.964253, 4.34634
0.646077, 2.4202
0.793555, 1.56662
-0.640306, 4.10496
-0.48718, 3.09547
-0.757924, 5.89942
0.596662, 3.88182
0.575673, 2.54121
-0.214909, 1.62365
0.947499, 4.50103
-0.351294, 1.70471
0.862298, 2.83889
-0.844147, 3.02365
0.837413, 0.596451
-0.282768, 0.38024
0.988988, 0.774672
-0.864413, 3.96511
-0.421101, 4.03831
-0.837363, 4.27402
-0.319023, 4.94305
0.197518, 2.03398
-0.633765, 3.92327
0.815054, 5.32954
-0.564879, 3.56728
-0.134647, 3.5591
0.730714, 1.95262
-0.875458, 4.69532
0.502606, 1.59955
0.827048, 2.53425
-0.528739, 5.37494
0.495763, 3.06377
-0.677111, 0.357595
-0.399279, 1.43832
0.513504, 6.27297
0.764965, 1.65851
-0.955222, 4.50853
-0.423939, 2.66493
-0.608917, 3.62475
-0.954554, 5.25374
-0.874842, 0.153393
-0.233596, 5.80963
-0.789108, 0.551553
-0.756014, 1.77014
-0.920406, 2.84237
-0.883847, 2.18556
-0.567812, 5.94575
-0.980348, 4.65858
0.819862, 4.10363
0.0624509, 3.94771
-0.321399, 1.69332
-0.16419, 4.17472
0.85497, 4.97686
-0.410444, 5.27161
-0.792013, 4.276
0.711057, 0.769605
0.802662, 4.9523
-0.863942, 1.84092
-0.833903, 0.713427
-0.522807, 3.93726
0.758625, 0.654232
-0.25352, 1.28076
-0.356255, 6.21482
0.758197, 5.8508
0.982268, 5.5857
-0.787199, 2.21076
0.383265, 6.04079
-0.996005, 5.46002
0.151822, 4.10438
0.988627, 4.85849
-0.0678039, 0.474184
-0.911825, 1.75029
-0.272058, 2.0407
0.0588098, 4.82683
-0.295103, 5.80987
-0.260346, 3.50066
-0.978791, 2.65562
0.644594, 3.4263
-0.774326, 3.62757
0.956087, 1.47565
0.940354, 4.02865
0.27826, 6.07332
0.595122, 1.81565
-0.751872, 2.05245
0.88812, 3.09852
0.941186, 0.946702
-0.543705, 4.4286
0.938208, 4.93799
-0.75935, 1.73688
0.0304552, 5.70951
-0.661835, 2.13266
-0.0355197, 6.15658
-0.8721, 1.36666
-0.695966, 2.26245
0.425727, 2.15663
0.928852, 2.71518
-0.743024, 6.26208
-0.872872, 1.98709
0.290248, 4.28988
-0.940288, 1.60344
0.441459, 5.3795
0.991692, 2.07639
0.541725, 2.61917
-0.362334, 5.2886
0.123811, 0.390454
-0.679643, 1.59755
-0.561449, 5.36793
0.452056, 3.51866
0.0013822, 0.637918
-0.448202, 3.72812
-0.35341, 5.13326
0.155608, 2.22627
0.720632, 4.72855
-0.416665, 2.54474
0.658937, 2.85699
0.158421, 1.47678
-0.851398, 0.768907
-0.283281, 4.6029
0.143437, 0.583128
-0.30071, 5.24097
0.471833, 0.628222
-0.938079, 4.31854
-0.833175, 0.667127
-0.462125, 1.671
-0.706974, 5.35507
-0.209639, 0.703865
-0.846113, 0.11968
-0.749076, 3.89072
0.827655, 2.02637
-0.905527, 1.98514
-0.667599, 2.64142
0.461605, 0.904412
0.777861, 4.48072
-0.959683, 1.43978
-0.0762955, 2.67333
0.922203, 5.98551
0.290012, 5.78503
0.308454, 5.0597
0.0798763, 3.02797
-0.577863, 5.82678
0.345961, 0.582437
-0.891048, 2.58281
-0.274949, 4.50193
0.589749, 1.20442
-0.484816, 3.27128
-0.0473619, 2.53348
0.425461, 5.28605
0.59839, 3.31131
0.32241, 1.53716
0.766115, 2.96107
0.729902, 0.863314
0.991292, 2.20441
0.763536, 3.03205
0.975314, 2.13876
-0.103571, 5.70506
0.113576, 5.8413
-0.462494, 3.22033
0.380274, 4.14511
-0.117464, 2.63062
0.393851, 1.2188
-0.988838, 4.46806
0.124818, 1.90359
-0.538626, 1.26657
0.979369, 5.5325
0.195384, 2.64919
-0.915522, 4.08707
-0.566606, 0.736762
-0.0758037, 3.45994
-0.591018, 2.37921
-0.061115, 3.69139
-0.520598, 4.78453
-0.162732, 5.07213
-0.278147, 3.00773
0.302727, 3.10898
0.878178, 2.25639
-0.623223, 0.588827
0.209208, 4.45482
0.906903, 3.57399
0.625104, 1.07254
-0.108646, 4.30327
0.259629, 0.690897
-0.921686, 1.33589
0.488522, 4.20228
-0.526732, 3.16734
-0.646375, 1.92962
0.805237, 2.07441
-0.827537, 1.20891
-0.997189, 6.10521
-0.695239, 4.12763
0.848684, 5.44954
0.984169, 1.62186
-0.5956, 2.4983
0.460182, 2.2248
0.16649, 0.845352
-0.882457, 5.36755
0.598109, 2.61561
0.224381, 4.7173
0.940546, 1.94005
-0.366639, 2.23455
0.519121, 2.81693
0.803986, 2.33418
-0.00969616, 3.27667
-0.306756, 0.983308
0.236283, 3.59423
-0.596177, 2.13342
0.661363, 1.91006
0.631819, 0.0717927
-0.615161, 0.688477
-0.175747, 3.43909
0.0128756, 4.14393
-0.896093, 3.30913
-0.794786, 5.39825
-0.994763, 5.5985
0.956503, 0.760509
-0.318287, 5.11495
-0.605232, 5.34665
0.734466, 2.96942
-0.758463, 4.32368
0.453136, 3.48206
-0.277864, 4.5535
-0.794162, 1.31194
0.627748, 1.39397
0.767758, 5.98171
0.663984, 5.02558
0.865338, 4.06201
-0.287704, 2.65643
-0.225282, 0.626955
-0.999694, 2.65092
-0.115112, 0.36022
-0.107896, 3.55497
0.080667, 3.8897
-0.43337, 3.68762
0.0309292, 5.06015
0.0439446, 3.03114
0.293477, 4.24642
-0.432367, 4.02504
-0.969693, 3.13814
-0.687522, 5.20888
0.249587, 1.40675
-0.636462, 3.81253
0.706195, 5.97234
0.739464, 4.92914
0.125975, 4.00609
0.490156, 4.3765
-0.492416, 6.25465
-0.4734, 2.03729
-0.880321, 4.81094
0.544083, 4.07378
-0.432737, 5.34061
-0.0367361, 2.55322
-0.539085, 0.74685
0.421715, 5.97322
-0.772612, 2.74594
-0.369681, 5.47563
-0.687643, 3.37417
-0.982321, 0.144252
0.293343, 4.57997
0.403246, 3.68438
0.845268, 3.36416
-0.209604, 0.587901
-0.789624, 1.11891
0.779503, 5.10078
-0.328754, 1.40126
0.461657, 1.08086
-0.968572, 1.60261
0.339812, 1.15652
-0.254998, 2.25864
-0.972057, 5.64428
0.621018, 3.37301
-0.289363, 4.81358
-0.319553, 4.58485
-0.700765, 1.44564
0.821259, 5.0626
0.861841, 5.50295
0.0537244, 1.23954
-0.93136, 3.27782
-0.884315, 5.25139
0.677145, 0.491531
-0.976435, 5.64864
-0.676602, 1.04274
0.8961, 3.774
0.822421, 2.68608
-0.616091, 3.11514
0.711522, 4.77515
0.48109, 4.26057
-0.596894, 1.12467
0.839092, 1.52243
-0.548832, 2.37825
0.623477, 3.04305
-0.727089, 3.46949
-0.766828, 2.07822
-0.953377, 4.52143
0.0588119, 3.66342
0.0665359, 4.90277
0.854705, 4.10474
0.800171, 6.09218
-0.991741, 1.91446
0.315587, 4.47151
0.505977, 3.81641
0.468888, 5.26647
0.473724, 2.42011
0.799615, 1.39327
0.77784, 5.38938
0.600026, 0.503194
-0.385286, 5.63886
-0.0189151, 2.98515
0.350459, 2.11532
-0.29036, 5.522
0.984343, 0.743152
-0.520312, 3.82317
0.754462, 5.51942
0.398196, 1.17131
-0.699552, 1.19971
-0.686505, 0.466535
-0.301189, 5.00665
-0.436829, 0.290304
-0.103595, 4.40148
-0.699818, 5.24199
0.18409, 0.369774
-0.0325653, 1.33186
-0.0749015, 4.23495
0.186027, 2.82517
0.410937, 2.06272
-0.889362, 6.2793
-0.815819, 5.32627
0.395308, 0.260989
0.643955, 4.3145
-0.513149, 0.269333
-0.65925, 3.05451
0.947231, 0.967126
0.0342681, 2.41552
-0.562207, 2.74153
0.733216, 2.64592
-0.748583, 5.43213
-0.449927, 2.76471
-0.000711853, 3.44121
-0.382794, 4.71159
0.152493, 5.65497
0.72933, 0.122772
-0.358033, 1.92405
-0.796676, 3.44519
0.28521, 4.93807
-0.916459, 4.36157
0.982577, 4.88059
0.933197, 3.8692
-0.907676, 3.84422
-0.912943, 4.39655
0.0815112, 1.71029
0.73863, 5.47975
0.551389, 2.52038
-0.365289, 2.32503
0.174823, 2.99146
-0.656505, 4.55289
0.936343, 1.56472
0.34823, 4.37309
0.734323, 4.97673
-0.619358, 4.42063
0.266707, 0.0137779
-0.341977, 0.117746
0.412417, 0.0682832
0.139027, 5.92538
-0.472634, 5.23623
-0.427223, 5.70915
-0.0499113, 3.90132
0.708147, 1.06252
-0.818946, 5.21594
-0.985765, 2.72714
-0.989196, 3.37571
0.868072, 5.69858
-0.313694, 4.84829
0.382875, 3.57921
0.810849, 4.91466
-0.230982, 1.07002
-0.301141, 0.0442035
-0.685034, 2.48148
0.868003, 4.44099
0.549499, 0.99861
-0.106595, 4.32368
0.779655, 5.6094
-0.955424, 5.38553
-0.998917, 3.52815
0.692309, 2.54016
0.138449, 3.26945
-0.64422, 4.00218
-0.528861, 3.00927
0.648421, 1.71481
-0.46109, 5.88416
-0.650402, 3.40493
-0.852829, 2.39114
-0.84687, 3.83619
-0.814715, 0.616565
0.841976, 1.96875
0.656222, 6.25693
-0.113413, 4.84343
-0.717642, 4.41814
0.973911, 3.60859
0.767582, 5.47276
-0.51877, 3.03887
0.691331, 1.16486
-0.872676, 2.92611
0.46995, 1.85841
-0.626257, 4.87438
-0.91648, 6.00399
0.820853, 4.1204
0.835672, 5.87116
-0.420226, 0.394067
0.0476704, 4.31276
-0.34519, 4.35092
0.250397, 0.192626
0.969239, 0.155223
-0.645205, 3.93603
0.934861, 1.39571
-0.888518, 3.76402
0.120826, 4.94864
0.950235, 3.46248
0.0388948, 2.56355
0.73902, 1.30026
0.889762, 1.53731
-0.414035, 6.11027
-0.930747, 2.48722
0.944321, 5.64894
0.834078, 0.590497
-0.988695, 5.70018
-0.761976, 4.95075
0.274944, 1.16926
0.991631, 0.0607599
0.480692, 2.19662
-0.899216, 5.86969
-0.907568, 0.574218
-0.208003, 5.28819
0.0958922, 1.12305
-0.961387, 2.94855
0.674738, 4.7576
-0.156056, 4.79658
-0.63053, 1.5597
0.624964, 5.56183
0.340357, 4.93121
-0.0552363, 3.07616
-0.0200193, 4.07409
0.155697, 0.284903
0.759223, 5.90815
-0.0222873, 1.0687
0.869072, 5.61435
0.700125, 2.81197
0.968283, 1.41953
-0.313097, 5.00718
0.515636, 4.83261
0.145307, 5.64623
0.892197, 6.12679
-0.9269, 3.96346
-0.252643, 4.77901
0.834936, 0.0410938
-0.36979, 5.28649
-0.334817, 1.78871
0.780009, 2.08402
0.625966, 2.40728
-0.978282, 4.85649
-0.764837, 2.87917
-0.531666, 4.51417
-0.337409, 0.394157
-0.838816, 3.86478
-0.753124, 5.87404
-0.750326, 2.61091
0.947038, 1.02318
-0.646319, 3.74166
-0.8717, 4.64758
0.566298, 2.75701
0.121196, 6.08594
-0.810905, 4.13783
0.539267, 0.944949
-0.836049, 0.0641935
0.246171, 6.02674
0.980426, 5.06377
0.0464792, 4.54695
-0.494514, 4.90957
0.602868, 3.52683
-0.790771, 2.37247
-0.885012, 5.89304
0.944295, 0.808804
0.581534, 3.52784
-0.862721, 2.99648
-0.557326, 0.504863
-0.807924, 5.62962
-0.647243, 1.38438
-0.332531, 0.148292
0.315909, 4.73905
-0.629163, 6.03223
-0.126653, 4.63708
-0.45354, 5.60228
0.34765, 3.54528
0.856356, 1.45316
-0.927031, 5.3434
0.616515, 6.27051
-0.740167, 4.38859
-0.0453221, 1.56132
0.986008, 0.251163
-0.918182, 1.90079
-0.174624, 2.17373
0.395806, 2.21404
-0.859984, 1.25032
0.663972, 1.95862
-0.89631, 1.58644
-0.837829, 2.41492
0.862307, 2.7509
0.0954224, 3.43974
0.135658, 2.18624
-0.18323, 3.36432
-0.51718, 0.159597
0.946941, 3.26025
0.622015, 4.72724
-0.204488, 0.299336
0.761963, 4.10814
-0.232306, 5.15961
0.884464, 3.71417
-0.53718, 4.46599
0.637414, 3.05487
0.611892, 2.14643
0.629002, 5.52589
0.0460963, 5.12675
0.974114, 2.14248
0.988566, 2.69102
-0.519819, 3.65656
0.76768, 6.0415
0.504161, 2.87166
0.231679, 1.54122
-0.478264, 5.88734
0.726718, 4.98829
-0.975486, 4.408
0.120411, 2.59865
0.3107, 3.79322
0.987332, 3.93884
-0.883243, 1.39731
0.953823, 1.95711
-0.634896, 2.60059
0.688174, 5.52104
-0.848852, 1.63228
0.971038, 5.37121
-0.954171, 6.01491
0.779499, 1.70626
0.668174, 3.79121
-0.803173, 2.50985
-0.831825, 1.64558
0.080615, 5.27139
-0.470483, 0.625934
-0.0889576, 3.16797
0.912602, 2.19549
-0.87083, 1.21689
-0.62393, 5.21671
0.811127, 4.55619
-0.0493497, 4.96341
-0.620861, 1.89861
-0.472022, 2.44272
0.940408, 6.12133
-0.617604, 1.06145
-0.492887, 5.87262
0.899202, 2.45156
-0.920021, 1.87911
0.0662026, 4.68693
0.0195306, 5.11901
-0.925029, 5.65117
-0.0655966, 5.68105
0.759013, 5.67376
0.575208, 1.22868
-0.168033, 3.64313
0.817818, 5.67697
0.864624, 1.20716
0.162944, 2.60043
-0.271336, 2.5941
-0.586637, 1.70431
0.486393, 2.36316
-0.837552, 6.04183
0.206305, 0.681623
0.454946, 5.5982
0.179338, 1.26558
0.98234, 3.10211
-0.822893, 2.74979
-0.462811, 4.49975
0.515569, 0.481887
0.464998, 5.28256
-0.909302, 1.03878
-0.717101, 0.194414
0.245436, 1.98947
0.995985, 2.25661
0.883686, 3.41129
0.259081, 4.31989
-0.954882, 1.42398
0.251338, 0.304326
0.884767, 2.85617
-0.840436, 1.02573
-0.0269749, 2.01487
-0.618393, 2.48629
-0.0943355, 4.60032
0.284708, 1.27236
-0.216415, 5.62306
0.917162, 0.408528
0.571724, 2.23229
-0.115534, 1.30067
0.990053, 3.27927
-0.867806, 0.661651
0.905001, 1.57303
0.307217, 4.04956
-0.0857912, 6.26716
-0.243614, 0.415271
0.482886, 1.6284
-0.889173, 2.17449
0.202298, 5.27837
-0.935333, 5.32612
0.812834, 3.04091
0.696792, 1.05203
-0.844616, 1.39208
0.612279, 2.35033
0.818254, 4.85467
0.762292, 0.654583
-0.0828353, 0.425994
-0.827232, 3.4814
-0.828319, 5.06606
0.845334, 3.90732
0.367669, 4.11457
-0.939347, 5.30622
0.907841, 0.497254
0.976354, 3.30939
0.663977, 0.841661
0.191952, 6.23001
-0.786628, 0.394947
-0.990745, 2.5211
0.277661, 2.6065
-0.665296, 3.65229
-0.221607, 2.43046
-0.38694, 4.9502
-0.0568884, 3.08185
-0.68467, 0.203836
-0.663089, 1.44416
-0.829092, 5.13214
-0.000401087, 4.6316
0.703025, 3.22496
0.512215, 4.08147
-0.541225, 4.50745
0.343215, 6.16849
0.933215, 3.54481
-0.877898, 3.19354
-0.921365, 2.82291
-0.587516, 5.67702
0.855008, 3.81293
0.869804, 6.25759
0.74441, 0.393959
0.513342, 4.51166
0.477964, 1.28157
0.487477, 0.481605
0.235417, 1.26566
0.548206, 2.22799
-0.951469, 2.87604
-0.641357, 0.0577434
0.759805, 0.957397
0.329975, 1.18371
0.900593, 4.97917
-0.807425, 1.68133
-0.6765, 1.58413
-0.58748, 5.65853
-0.0434493, 5.37935
-0.664065, 1.15753
-0.223436, 3.94006
0.572028, 3.47428
0.668275, 1.23984
0.95823, 5.77937
0.0327919, 5.35273
-0.0310195, 0.66354
-0.924564, 0.653366
-0.440993, 5.3834
-0.364629, 0.583221
0.251514, 6.13823
-0.676905, 2.3267
-0.0836394, 5.11898
0.714199, 0.749997
0.741658, 5.86837
-0.14412, 1.23876
0.395404, 0.993674
-0.0530231, 5.72346
0.151642, 1.56048
0.100309, 0.0360174
-0.646599, 5.98078
0.442653, 2.71152
-0.633149, 4.78491
-0.490176, 0.942647
-0.667449, 4.25733
-0.717383, 4.10022
-0.431324, 0.306335
0.0874286, 2.18723
0.416695, 2.40229
0.948424, 4.95807
0.953577, 0.695749
-0.664614, 0.902037
-0.0725388, 1.9987
0.303018, 5.2579
0.867178, 0.798681
0.0358988, 2.7443
0.339572, 0.0454858
-0.789433, 5.07085
0.873824, 4.19261
0.599108, 4.441
0.624874, 4.31181
-0.515123, 2.01887
-0.761072, 3.60743
-0.716487, 1.73542
-0.138609, 3.4174
0.99999, 2.61101
0.147437, 2.64237
-0.162716, 3.18051
-0.732685, 1.81486
0.726597, 3.04463
-0.471977, 4.44845
0.485449, 0.34832
-0.795067, 4.33918
0.853185, 0.441315
0.0860717, 3.99306
-0.754823, 1.52983
-0.0597854, 4.81332
0.336247, 5.06502
0.29363, 5.78892
-0.523834, 0.555183
0.273116, 5.12444
-0.658546, 0.554423
-0.18314, 5.12638
0.960227, 1.4348
-0.546931, 0.405039
0.790861, 4.21209
-0.0624411, 6.03316
-0.701528, 0.826734
-0.965228, 2.29665
0.729237, 1.0263
-0.765638, 2.07164
-0.833034, 4.02303
-0.730482, 0.197769
-0.0245695, 3.71592
0.564757, 0.918632
0.81377, 3.36748
0.438629, 4.54125
0.94327, 2.07488
0.531973, 0.183316
-0.876249, 5.91991
0.360185, 5.07946
0.954689, 1.63078
-0.244543, 3.07464
-0.92935, 3.3158
-0.133326, 5.5789
-0.867908, 4.88199
0.368012, 2.8952
0.559468, 5.00798
-0.934405, 1.02789
0.0798441, 5.02721
0.626843, 3.73313
0.716866, 4.2411
0.0707869, 5.27531
0.552861, 1.33029
-0.888381, 0.526862
-0.0457442, 1.13169
0.410549, 3.65397
0.287755, 1.41972
-0.527195, 1.08914
0.480272, 4.48126
-0.0145969, 4.95019
-0.412342, 5.56563
-0.812502, 3.519
0.781286, 3.57819
-0.0178953, 2.43981
-0.73899, 5.01874
-0.46577, 4.14227
0.177754, 4.17243
-0.881723, 0.449434
0.358626, 0.896514
-0.444741, 2.1412
-0.653037, 3.5052
-0.636681, 3.59625
-0.252803, 3.98321
0.318579, 1.61364
-0.466365, 4.52214
-0.917869, 0.46072
0.188891, 1.58501
-0.870677, 3.82585
-0.242298, 3.45882
-0.0814232, 4.5939
0.920858, 2.54728
-0.194021, 2.74904
-0.766693, 4.07929
-0.382687, 2.03854
0.979286, 2.34728
0.899199, 4.23209
-0.936261, 5.64715
-0.997519, 0.362146
-0.883069, 4.11971
0.387346, 5.72302
0.575452, 6.27389
-0.900423, 2.19638
0.701166, 5.61529
-0.777315, 3.31739
-0.967342, 2.50759
-0.391836, 0.433068
-0.596395, 3.2115
0.568441, 3.19256
0.548288, 4.66245
0.0672117, 4.86173
0.380874, 5.08907
0.171026, 0.924468
-0.594201, 1.40693
-0.379808, 5.61711
0.162074, 2.54893
0.232854, 1.60714
0.48953, 0.435987
0.146416, 5.03127
0.890774, 1.76292
0.967776, 5.30386
0.648393, 4.1047
0.187013, 3.61263
-0.405094, 1.99515
-0.113794, 5.26806
0.0346268, 4.67701
0.302979, 4.2485
-0.663833, 0.36948
-0.528714, 4.1823
0.985919, 0.880434
0.356868, 0.151799
0.552611, 2.95818
-0.814153, 5.68327
-0.263967, 5.58123
0.556972, 2.68823
0.280157, 1.64714
-0.668541, 5.05394
-0.41257, 5.71286
-0.159254, 0.281265
-0.903342, 5.00321
-0.872804, 4.75685
0.120698, 0.528667
-0.373741, 3.88978
-0.384241, 1.47658
0.948158, 6.00554
-0.829056, 6.02627
-0.942097, 3.08551
0.62065, 2.68874
-0.427923, 0.068033
0.618284, 4.89481
0.39382, 3.3077
0.533204, 5.18996
-0.694372, 1.8952
-0.33924, 3.80004
0.707488, 3.00067
0.350128, 5.18218
-0.288941, 2.91914
-0.945373, 6.12805
0.708289, 4.94164
-0.623412, 4.37431
0.276152, 3.78895
0.79899, 3.30218
0.96351, 0.95197
0.998367, 5.51512
-0.827387, 6.19422
-0.854209, 0.773318
-0.6379, 0.140984
0.782277, 1.5294
-0.134844, 4.65225
-0.432754, 5.71655
0.654963, 0.295089
0.836474, 0.433539
-0.829565, 1.14652
0.836853, 3.4403
-0.878234, 1.57987
0.220543, 0.591669
-0.114901, 3.87277
0.970901, 4.8248
0.92846, 2.19006
-0.083913, 6.00426
0.929359, 0.402381
-0.714336, 0.986167
-0.861458, 6.16907
0.94739, 0.291016
-0.608789, 0.104913
-0.165956, 5.0102
-0.187532, 3.8752
0.717426, 3.65028
-0.709401, 5.8925
0.461767, 2.88534
-0.014785, 2.78721
-0.74629, 3.51167
0.985349, 0.093573
0.674988, 2.21056
-0.641396, 2.30498
0.0858635, 1.85565
-0.17846, 5.34723
-0.360977, 1.2747
0.226141, 0.853629
-0.351251, 4.83445
-0.357465, 0.922554
-0.760187, 5.44834
-0.947476, 5.66345
0.407169, 3.03282
-0.972796, 4.20268
-0.331787, 0.760968
-0.868635, 1.85668
-0.594493, 1.10756
-0.84915, 4.40889
-0.932501, 5.12356
0.777635, 5.65795
-0.0159474, 6.13998
0.413014, 5.84093
-0.505944, 2.93653
0.407581, 6.24867
-0.8508, 2.26057
0.491082, 2.03907
-0.481241, 1.85292
0.350411, 4.80995
0.89738, 4.24484
0.409287, 0.36512
0.23494, 5.9934
0.803555, 1.02156
0.640827, 0.833467
0.15627, 1.37047
0.307422, 4.53204
-0.495109, 4.26594
0.793772, 4.32018
-0.891872, 0.526965
-0.378744, 1.65971
-0.2276, 6.07723
0.333982, 0.294008
0.941052, 0.25603
-0.686861, 0.314241
0.175307, 2.71594
-0.901777, 3.75873
-0.757363, 2.91943
-0.295577, 3.29182
0.817798, 3.30251
0.199242, 2.95902
-0.227608, 5.49968
-0.0560581, 4.91967
-0.339122, 5.06923
0.8523, 1.58257
-0.375235, 1.40677
0.79282, 3.07164
0.750016, 2.26543
0.862228, 1.64425
-0.192414, 4.62634
-0.97648, 5.35615
0.258258, 4.43895
-0.267429, 0.490499
0.118144, 4.63214
0.778214, 2.85944
0.436693, 5.32563
0.891326, 3.54744
-0.256931, 2.19374
0.681721, 1.49508
-0.275454, 1.40309
0.983983, 1.70911
0.174963, 1.27742
0.878003, 3.24472
-0.885618, 5.20289
-0.571062, 3.26474
-0.272362, 5.16486
0.379641, 3.77706
-0.918184, 2.9343
-0.526259, 5.83366
-0.622186, 4.99684
0.893547, 4.18813
0.673432, 2.16251
0.918032, 1.83682
-0.367038, 1.45037
-0.722025, 4.03974
-0.902904, 6.15008
0.489533, 4.86872
0.367378, 2.26856
0.623118, 4.64355
0.758783, 5.24013
0.950421, 6.03403
0.767686, 0.361267
0.718305, 4.09686
0.885512, 3.41348
0.803933, 3.42591
0.757823, 0.000569463
-0.982317, 2.90571
0.249393, 2.40034
-0.992092, 3.41157
0.0165102, 0.735528
0.799007, 5.01675
0.146852, 1.24136
-0.25953, 4.16799
-0.21028, 0.580296
-0.2687, 2.9842
-0.422127, 2.88191
-0.715515, 5.0585
-0.349939, 5.19885
-0.683731, 5.17437
0.887928, 6.12688
-0.178796, 2.68018
-0.431165, 4.85008
-0.629563, 3.1165
-0.563684, 0.216283
0.406014, 0.318638
-0.314823, 4.18635
0.990994, 4.8085
-0.495617, 2.94455
-0.531081, 4.31736
0.737681, 4.5697
-0.323157, 1.19555
-0.881475, 5.0126
-0.901665, 5.2983
-0.727019, 3.58029
0.652387, 1.46587
0.709003, 5.7991
0.191785, 5.44318
-0.539377, 2.3086
0.450755, 0.827521
-0.678497, 5.14285
0.698716, 1.78514
0.739458, 6.04478
0.609834, 4.27572
0.413652, 4.69742
-0.798096, 3.57165
-0.976843, 0.722943
0.699279, 1.86576
-0.173119, 1.23416
-0.899894, 0.0854218
-0.260798, 3.71464
-0.326612, 4.48188
-0.644095, 2.85179
-0.727266, 2.88752
-0.865242, 1.07425
-0.882713, 2.84768
0.554581, 3.78806
0.728521, 2.83011
-0.602688, 0.730312
0.679804, 0.0389502
0.373964, 3.40471
0.617228, 5.30269
0.749574, 0.363663
0.621909, 1.14183
0.835738, 5.28893
-0.376058, 1.05387
0.156497, 5.95514
0.424597, 5.05838
-0.398856, 3.64013
-0.340264, 1.589
0.75645, 3.33481
-0.897039, 3.19854
-0.569676, 2.09248
0.670834, 3.18862
0.889514, 6.03128
0.658504, 0.729299
-0.159202, 2.41873
0.856002, 3.30628
0.636175, 5.00443
0.882879, 5.56485
0.983327, 6.03372
0.543348, 2.76358
0.519593, 5.24881
-0.896549, 1.56445
0.440628, 0.604892
0.582405, 1.09917
-0.00607056, 0.619908
0.117914, 3.36408
-0.282475, 5.45907
-0.144804, 3.621
0.315026, 5.13368
-0.92676, 0.664395
-0.881356, 4.0642
-0.706028, 0.38407
-0.776398, 5.89214
-0.853685, 6.21305
0.779583, 1.68229
0.780816, 2.20864
-0.883416, 3.65593
0.991696, 0.0221435
-0.36252, 4.91274
0.825302, 1.83251
0.73343, 5.32331
-0.677574, 1.30244
-0.880179, 3.06231
0.0749363, 0.822993
-0.992982, 3.03954
0.916713, 6.01828
-0.649163, 3.24984
0.0843527, 3.62524
0.960845, 2.62159
0.0297032, 2.9517
0.343459, 0.928159
-0.866896, 3.0045
-0.837892, 2.0482
0.636365, 2.68671
0.279758, 0.665502
0.283177, 1.19371
-0.420572, 2.28898
0.775341, 4.2439
-0.638641, 1.95095
-0.540596, 5.52964
-0.928265, 5.3356
0.174708, 1.75203
0.915961, 0.828294
0.987956, 2.79787
0.203466, 3.63883
-0.801169, 4.31142
-0.477389, 4.38135
-0.088686, 2.73024
0.234863, 1.58579
-0.728282, 0.652043
0.99424, 1.61271
-0.912014, 0.640412
0.968193, 1.04439
0.543682, 5.16469
0.818606, 0.983243
0.443459, 2.48821
0.0797183, 1.07836
0.476114, 2.37647
0.594279, 2.0057
0.224039, 1.34383
-0.973947, 5.11752
0.39302, 1.97408
0.986417, 1.38921
-0.613292, 0.382173
-0.790398, 1.37563
-0.697332, 1.84393
0.356479, 5.97628
-0.266341, 2.95016
0.281146, 2.15417
0.673152, 4.95929
-0.0655206, 1.0704
-0.230417, 1.3386
-0.21493, 6.24606
0.725253, 2.57388
-0.453031, 1.97197
0.0711655, 2.86862
-0.181032, 1.0215
-0.925892, 3.71306
0.689441, 3.29734
0.610914, 3.66579
-0.139278, 4.75968
0.720356, 1.95023
-0.995291, 0.79361
0.449842, 4.45619
-0.496256, 5.91317
-0.333787, 5.72225
0.49474, 6.20399
0.478472, 2.01191
0.813682, 2.6017
0.646624, 3.4737
0.310069, 2.32597
0.803748, 6.04126
-0.549015, 3.07724
-0.868954, 0.112881
0.676351, 0.789063
-0.066003, 4.96365
-0.168332, 4.44879
0.902841, 1.41166
-0.856165, 5.85225
0.979172, 2.38588
-0.898282, 5.10552
-0.448245, 2.79795
0.831684, 1.00801
-0.57077, 2.67076
0.872527, 1.90162
-0.83371, 1.49236
0.385528, 6.09397
0.956764, 0.151552
-0.820781, 2.1356
-0.556452, 3.92677
0.7623, 0.155478
-0.00591674, 3.17139
0.846143, 0.6374
-0.738237, 5.1136
-0.50475, 4.06493
-0.843167, 5.93236
-0.967478, 4.20798
-0.447649, 1.99243
0.998991, 5.13824
-0.760736, 4.88757
-0.54164, 3.66392
0.115078, 0.318294
0.843329, 1.69968
-0.918436, 1.25177
-0.0993331, 2.05928
0.958567, 2.01428
-0.10191, 2.18917
-0.989848, 5.72797
-0.0927616, 4.66124
-0.830365, 5.51418
0.320025, 3.5354
-0.0700214, 1.23845
-0.0459145, 1.67904
0.315887, 3.37314
0.703959, 5.92808
0.81637, 0.856267
-0.285647, 3.75877
-0.944783, 1.72829
-0.972141, 2.97257
0.222382, 3.92135
-0.598518, 2.44873
0.979106, 0.47063
-0.192035, 3.61771
0.805175, 0.989044
0.919858, 2.52033
-0.157804, 2.28674
-0.0731911, 4.95086
0.70132, 3.21688
0.187208, 5.45954
0.12038, 2.34422
0.915099, 2.64302
0.785713, 3.72312
-0.348027, 0.725117
0.367785, 1.45534
0.871468, 1.59749
0.457221, 0.492591
-0.921966, 4.47149
-0.803279, 1.53973
0.65199, 5.93063
0.999214, 2.8175
0.646507, 3.90264
-0.962097, 6.23535
0.515058, 3.86755
0.845206, 4.833
0.310351, 1.51853
-0.511501, 4.62484
-0.21408, 6.02687
-0.383247, 4.37034
-0.468382, 0.422901
-0.66952, 0.401395
0.415229, 3.33761
-0.538406, 3.18328
-0.439728, 4.5979
0.390544, 3.07111
-0.473545, 0.557009
0.313612, 4.35143
0.746244, 5.13901
0.809623, 2.52363
-0.583843, 0.0739545
-0.0435137, 3.35862
-0.435293, 1.92325
-0.346796, 2.20358
0.653812, 5.34431
0.448099, 3.76208
0.670399, 2.84084
-0.416514, 5.01662
-0.975535, 6.14805
0.611779, 5.30304
-0.732312, 2.43641
-0.699344, 1.21187
-0.673445, 4.40705
-0.404522, 2.56428
-0.723121, 2.36438
0.938469, 3.77922
-0.311591, 4.50435
0.44601, 2.39331
0.0208467, 3.01288
-0.888643, 2.42321
-0.50415, 5.35979
-0.569421, 3.78053
0.341462, 1.52874
0.857898, 1.17559
-0.645215, 3.6144
0.941239, 0.120002
-0.776975, 4.77861
0.728181, 5.97188
-0.0282241, 1.25134
0.424191, 2.3805
-0.671587, 3.06815
-0.00234983, 4.76917
0.0531193, 3.57735
-0.304581, 2.22409
-0.304407, 5.65211
0.731174, 2.80675
0.955025, 2.55295
0.946189, 0.328151
0.572993, 2.73913
-0.744145, 4.16623
0.942402, 1.34201
0.642261, 0.908063
0.664439, 5.46343
-0.0158005, 5.48517
-0.866374, 3.54707
-0.700818, 6.02607
0.957656, 1.5726
-0.744491, 6.23139
-0.590817, 5.37722
-0.620847, 0.537743
-0.549684, 2.95762
-0.538795, 5.82789
0.898752, 4.60259
0.381013, 4.41388
0.690147, 2.92008
0.835005, 5.94683
-0.855011, 2.37298
-0.564024, 2.931
-0.644588, 3.4225
0.696017, 3.90966
-0.407914, 1.69934
0.123604, 1.42062
-0.708859, 0.646078
-0.941959, 1.37466
0.89893, 5.18938
-0.955366, 5.73794
0.836718, 5.93453
0.285476, 2.65223
0.924257, 4.66119
-0.39256, 3.32354
0.579592, 3.15914
-0.419548, 3.73429
0.781722, 2.08795
0.466372, 1.18229
0.796129, 4.01619
0.417441, 3.9959
-0.661502, 1.90757
0.791586, 3.37295
-0.725022, 6.24361
-0.195794, 2.65504
0.535155, 2.73082
-0.632134, 4.07571
0.34103, 1.84633
0.467337, 4.4621
-0.407393, 2.81437
-0.264503, 6.02502
0.986323, 5.60427
0.227319, 2.54559
0.41665, 5.03938
0.471972, 5.05814
-0.21715, 0.107689
0.102291, 2.44706
-0.584343, 3.01361
-0.900423, 3.85358
0.294454, 4.96764
-0.940699, 4.70506
-0.426188, 1.59343
-0.39556, 1.19498
0.706257, 4.73955
0.775641, 4.51119
-0.939452, 1.00079
-0.462441, 1.64343
-0.817606, 5.19648
-0.280809, 5.82712
0.862035, 0.240198
-0.826751, 0.789972
-0.649106, 3.07913
-0.183281, 1.476
0.595253, 1.33669
0.00717579, 5.78112
0.909418, 1.14348
0.842206, 3.72248
0.104546, 0.696663
-0.807802, 0.628019
0.669701, 1.91629
-0.896863, 4.12597
0.781847, 6.23966
-0.556486, 2.44446
-0.371906, 5.04923
-0.925115, 4.30572
-0.571146, 5.90002
0.725717, 2.64835
-0.598774, 1.10218
0.651957, 5.24495
-0.767288, 0.551561
-0.12862, 2.41359
-0.744018, 5.218
0.422867, 2.13618
0.208128, 5.42103
-0.171036, 2.46976
0.512988, 1.36134
0.908163, 2.45057
-0.232418, 6.18536
0.611107, 5.07421
0.67935, 0.166643
0.27142, 1.43475
-0.763206, 1.09806
-0.66133, 4.9991
0.81115, 4.47453
-0.439646, 5.76688
-0.375227, 6.07031
-0.533333, 0.717236
0.81913, 2.21591
-0.597644, 6.13788
-0.712273, 0.599756
0.53892, 5.90216
0.14057, 1.52376
0.843575, 2.82903
0.357722, 3.89879
-0.587198, 4.50281
-0.820875, 3.65331
-0.558989, 2.59989
-0.298708, 1.0214
0.637567, 0.060043
-0.598128, 6.2404
0.917426, 1.71927
0.963022, 4.4181
0.738902, 5.92324
-0.926348, 4.77777
0.64873, 0.811796
0.512441, 0.514145
0.874717, 5.09026
0.9868, 2.49977
-0.668093, 1.06138
0.636682, 3.46653
-0.0625551, 0.27327
0.463343, 3.68583
0.860968, 4.40314
0.121519, 2.00496
-0.318254, 0.119184
-0.191769, 1.04443
-0.767128, 4.54018
-0.424453, 2.69805
-0.79667, 2.0931
-0.948525, 1.515
0.159329, 1.62854
0.982609, 2.50551
0.951926, 3.93275
-0.504753, 2.78506
0.434103, 5.10113
-0.198098, 4.73201
0.745951, 0.529975
0.648387, 0.902144
-0.850204, 3.68156
0.126207, 1.64171
-0.798832, 6.13157
-0.499076, 5.89904
0.645867, 4.51042
0.332103, 3.06794
-0.835232, 3.11826
-0.244789, 4.60912
-0.387606, 5.06122
0.836527, 4.06662
0.978677, 4.78583
-0.275992, 0.565525
0.121618, 1.46332
0.113791, 4.67215
0.804815, 6.04834
-0.372502, 5.46778
0.162484, 0.00472328
0.419361, 6.25639
-0.966728, 3.41719
-0.0602246, 2.68762
-0.553301, 0.0712678
0.729498, 3.17209
0.944458, 1.95043
-0.269497, 2.93113
0.677377, 1.69655
0.439101, 4.23509
-0.634974, 2.90031
0.97025, 5.88825
-0.171271, 5.92005
-0.941146, 0.107689
0.900619, 6.00126
0.867315, 2.15397
-0.782152, 0.33288
0.383962, 5.59154
0.577436, 1.36332
-0.238512, 6.17608
-0.630881, 0.756461
0.515329, 4.33499
0.257328, 2.5703
0.369465, 1.59434
-0.828292, 3.14151
0.493007, 1.93791
0.883033, 2.59363
0.472906, 0.356258
0.127292, 2.70788
-0.843188, 6.01264
-0.738758, 0.176553
0.00981184, 4.08265
0.183852, 5.54131
0.396577, 3.26729
0.272071, 5.15967
-0.900019, 5.2296
0.97669, 5.97036
0.796604, 6.27519
0.666616, 1.77708
-0.819889, 6.13256
-0.989476, 5.78639
-0.381509, 5.60072
-0.17597, 5.37043
0.161063, 0.383767
0.950371, 0.210826
0.544207, 1.17253
-0.0145004, 4.05035
-0.582548, 2.78748
-0.929245, 0.00361656
0.176181, 3.02577
-0.260681, 1.9236
0.429893, 4.8797
-0.584509, 3.0969
-0.753764, 2.83218
0.874783, 0.648582
-0.359005, 2.9304
0.240001, 4.75086
-0.7797, 0.271854
0.704926, 1.1123
-0.160891, 4.69947
-0.216145, 4.3122
-0.933445, 4.86461
0.876951, 5.05802
0.488886, 5.72898
-0.760851, 4.79179
0.77144, 4.14658
0.0974778, 1.94715
0.181556, 3.09458
0.429399, 3.58138
-0.788701, 2.08571
0.398349, 6.27547
-0.298187, 3.66939
0.355905, 2.18073
0.98785, 2.85237
0.697453, 2.15713
-0.996897, 0.409636
-0.825241, 2.0915
0.447425, 2.57581
-0.46065, 0.527583
0.584318, 5.83132
0.906866, 1.03382
-0.758814, 1.01718
-0.516254, 5.29958
-0.576697, 1.09291
-0.063417, 2.63511
-0.559683, 0.283272
-0.214358, 1.90049
0.118021, 5.73433
0.582767, 2.45718
0.960049, 4.85913
-0.104635, 3.6449
-0.950451, 0.808221
0.014582, 2.33553
-0.78945, 2.73552
0.612357, 2.40323
-0.4747, 5.58693
0.172758, 0.0194446
-0.495466, 0.801747
0.0903646, 1.73855
-0.973645, 3.26221
0.574766, 4.89485
0.92336, 0.456613
0.25856, 5.45834
-0.799912, 3.13815
-0.483346, 4.98393
0.793901, 4.91368
-0.856056, 4.02534
-0.463484, 4.16476
0.680875, 1.36687
-0.61026, 5.86951
-0.045381, 2.73267
0.587956, 2.78494
0.910302, 4.49333
-0.559125, 5.38422
0.327934, 3.4637
-0.163465, 4.05431
0.985103, 0.204709
0.634244, 1.22886
-0.0774767, 2.73147
0.649131, 0.569031
-0.285497, 3.69563
-0.767669, 5.13817
-0.413121, 5.45506
-0.539005, 1.42359
0.773955, 0.314184
-0.663384, 0.559693
0.27031, 3.46689
0.903289, 0.678276
-0.220554, 0.613168
-0.836953, 0.608548
0.440963, 2.22623
0.0629659, 3.68263
0.635473, 0.0077177
0.319886, 1.15275
-0.132981, 1.55123
0.0759433, 3.20296
0.210539, 1.69073
0.40487, 4.27254
0.987812, 1.77017
-0.369416, 1.58768
0.332262, 2.75079
-0.193901, 6.16082
-0.313208, 0.768771
-0.683875, 3.33996
0.600364, 3.99175
-0.0260875, 2.25169
-0.498395, 3.51427
-0.493338, 3.90161
-0.107966, 3.27449
-0.843672, 5.13037
0.14109, 0.630513
0.271125, 0.149677
-0.231833, 2.84786
-0.367546, 4.49291
-0.0958888, 4.58044
-0.258895, 2.83658
-0.349439, 3.16641
0.317673, 4.47142
-0.483522, 6.19225
-0.970096, 4.32483
0.507012, 1.13009
-0.249945, 2.57782
0.594526, 3.08628
-0.160295, 5.72353
0.447076, 5.57234
-0.931006, 0.205643
-0.496328, 4.73163
0.209121, 4.50518
0.319031, 0.873913
-0.802529, 0.615896
-0.915514, 3.75131
-0.875869, 0.458306
0.723441, 3.31357
-0.676451, 4.73575
-0.684563, 2.3041
-0.731601, 0.352011
0.973145, 2.82119
-0.723868, 0.385
-0.0496156, 3.9703
-0.138925, 2.42249
-0.709651, 5.36398
0.42297, 0.100788
0.738043, 2.36118
-0.215659, 6.1525
0.502914, 6.23568
0.946607, 3.11834
0.211046, 5.26993
0.554819, 3.86462
0.649449, 5.63268
0.217473, 1.14357
0.229174, 1.11128
0.0367911, 1.34816
0.144605, 4.97721
-0.483524, 3.56727
-0.461674, 0.475846
0.0188978, 4.57151
-0.86325, 0.281005
0.755417, 4.07757
0.937802, 4.46136
0.119652, 4.18457
-0.111874, 4.83688
-0.323611, 5.18946
0.654233, 0.260832
-0.290241, 4.44334
-0.418174, 4.15342
-0.0418213, 3.37994
-0.573843, 0.166516
-0.0239635, 2.62571
-0.819853, 2.72973
-0.038147, 4.23961
-0.838328, 2.4585
-0.577316, 4.77323
-0.628172, 4.77576
0.248694, 3.68365
-0.317421, 3.50138
-0.0764451, 5.09458
-0.940285, 3.73361
-0.433176, 1.38091
0.00436725, 2.77848
-0.748071, 1.28244
0.992077, 5.92932
-0.659589, 2.32354
-0.525344, 1.27589
0.0974885, 0.977204
0.704171, 4.38909
0.179672, 1.89369
0.446242, 5.54942
-0.169455, 1.2022
0.427217, 6.091
-0.693659, 0.167318
0.959804, 1.33434
0.799587, 1.85489
-0.961771, 4.47725
0.875124, 5.86479
0.686684, 4.98229
0.56302, 2.74181
0.0726141, 2.96442
-0.375193, 0.0923173
0.830117, 3.17761
-0.627151, 3.39421
0.0210902, 0.637141
0.660483, 5.79211
0.827366, 0.511959
0.191981, 1.70133
-0.9284, 4.33655
0.66922, 4.47136
0.896087, 2.9929
-0.816034, 4.70026
0.689049, 4.78515
-0.898341, 2.49862
0.837161, 0.660981
-0.481186, 3.28282
0.401082, 1.79339
0.311952, 3.16009
0.848925, 4.53384
0.250978, 4.75933
-0.642346, 4.40516
-0.0795998, 1.01837
-0.043989, 4.96545
0.338495, 1.28208
-0.230654, 3.78425
0.963437, 2.96634
0.239136, 1.62282
0.935259, 3.57827
0.249136, 1.12602
0.558506, 4.04334
0.241404, 1.50907
0.65888, 3.71555
0.281003, 6.10065
-0.662355, 1.82546
-0.284503, 3.83044
0.203373, 5.12497
-0.580008, 3.79547
-0.984589, 0.158365
0.827145, 1.19697
0.208091, 3.81769
0.435274, 2.35489
-0.710306, 3.45038
0.784672, 2.2341
0.93985, 2.69946
-0.999559, 2.63995
-0.828774, 2.98558
-0.510427, 4.93961
-0.936129, 4.70493
0.822973, 4.63587
-0.859269, 3.60138
0.82842, 4.13666
-0.296365, 6.13822
-0.304289, 2.03907
-0.379294, 3.10985
0.0755907, 4.53255
-0.525078, 4.32681
0.205695, 6.03891
-0.81163, 4.78511
-0.805783, 3.35402
0.571233, 5.83738
0.589292, 0.253217
0.942584, 3.74162
0.0134903, 3.22283
-0.814005, 5.5352
0.76913, 3.21941
-0.509837, 0.757052
-0.125381, 2.13148
-0.450555, 4.01458
0.811595, 3.12536
-0.989529, 5.00116
-0.831408, 0.0755195
-0.288914, 3.20746
-0.311532, 1.92141
-0.4575, 2.24997
0.157959, 5.2238
0.583977, 4.11798
-0.75511, 4.87032
0.19467, 4.55785
0.396371, 0.22047
-0.769267, 1.05565
0.728428, 5.01987
-0.925068, 3.32454
0.742485, 6.16117
0.514026, 0.57418
0.156032, 3.13593
0.620498, 3.21103
0.962273, 0.703638
0.542209, 2.01117
-0.546637, 1.59282
0.62851, 3.60638
-0.706098, 3.5022
-0.864333, 0.745843
-0.653965, 1.55855
-0.296767, 3.3518
-0.863218, 3.33077
-0.651622, 6.03297
-0.694171, 3.76699
0.167139, 0.336073
-0.936508, 2.58921
-0.000407221, 4.60349
-0.639414, 4.19874
0.19932, 0.0775869
-0.409135, 2.06623
-0.600111, 0.595696
-0.139869, 1.39729
0.899369, 3.33159
-0.69732, 2.1722
0.935843, 2.64194
-0.589517, 0.310176
-0.719436, 1.44196
-0.0486201, 5.94765
-0.739854, 5.59744
0.852261, 2.46737
0.352538, 5.42099
-0.630756, 3.91318
-0.427382, 1.3743
-0.239944, 0.0272206
0.948544, 0.139258
-0.89414, 2.45143
-0.990105, 2.56773
-0.381773, 4.58158
0.987179, 3.67198
0.872935, 1.5057
-0.594204, 1.4605
-0.131154, 4.76996
-0.197365, 4.26931
-0.911048, 3.35667
-0.828173, 2.7095
0.527295, 5.86619
0.933998, 2.52687
0.581197, 1.80998
0.137407, 0.281579
0.393213, 5.91364
-0.708004, 3.67469
-0.342884, 1.57665
0.813226, 4.73045
-0.967357, 1.12385
-0.413266, 0.966546
0.980015, 0.597151
-0.951582, 5.16512
0.558756, 3.80158
0.904229, 5.0992
0.378545, 3.84393
0.444441, 0.504392
-0.987407, 4.03297
-0.667239, 2.89663
-0.951324, 2.33119
0.416545, 4.14719
0.523856, 0.566753
-0.490732, 3.22924
-0.378988, 4.40797
-0.75797, 1.11268
0.879344, 3.80976
0.965659, 4.04564
0.314859, 0.494178
-0.0152336, 1.60942
-0.755351, 5.50255
-0.950439, 0.526571
-0.970467, 4.86401
-0.296994, 3.26314
0.20217, 6.18388
0.117717, 3.55743
-0.277194, 6.08868
-0.739906, 5.34036
0.843377, 1.15828
-0.960019, 0.199094
0.980282, 3.28606
-0.732254, 2.89675
0.680854, 4.45553
0.760006, 4.54232
0.987713, 4.00134
-0.370355, 2.17056
-0.54344, 6.04679
0.954399, 0.0717207
-0.917553, 3.09623
0.166972, 4.04124
-0.659281, 5.46851
0.978375, 1.56624
-0.937643, 5.81324
0.150559, 3.86124
-0.960052, 3.72476
-0.874501, 1.8744
-0.981283, 3.55143
-0.342726, 0.946093
-0.823496, 2.39702
0.272156, 3.53077
0.92909, 0.793767
0.219487, 1.77489
0.189173, 4.9824
-0.781259, 0.563179
-0.472596, 6.06971
0.968772, 3.61639
0.861314, 0.120905
0.871431, 2.22945
-0.807341, 0.822405
-0.971687, 5.81794
0.827484, 1.91576
-0.113486, 6.082
-0.0128486, 5.6697
-0.664359, 3.93869
0.934769, 0.122406
-0.710036, 3.23609
-0.266156, 3.03957
0.524353, 0.100478
-0.144135, 4.58324
-0.633987, 4.28007
0.57535, 0.85387
0.0644775, 2.23729
0.647428, 3.22822
-0.232501, 6.01792
-0.612381, 4.58948
-0.745798, 4.18284
0.814708, 5.39911
0.37792, 4.01194
0.375598, 3.6397
-0.88254, 2.75507
0.50714, 3.29989
-0.416521, 0.730779
0.988604, 2.34602
-0.965274, 0.41594
0.464079, 2.9049
-0.747252, 0.478083
0.81692, 1.65066
-0.691831, 4.30419
0.201273, 5.28233
-0.28975, 3.24396
-0.586479, 4.90155
-0.874423, 2.96589
0.907425, 3.36286
0.560414, 3.05552
0.878608, 4.13991
0.543826, 4.33909
-0.685804, 2.70292
0.202725, 4.96441
-0.0617447, 5.92713
0.861143, 5.19089
-0.111932, 3.71523
-0.233553, 1.83235
0.309563, 4.80574
-0.683368, 3.57452
-0.494778, 2.96956
-0.907012, 5.12787
-0.468625, 0.987795
-0.228195, 3.38388
-0.461152, 3.83374
0.449678, 3.15249
-0.616034, 0.0019513
-0.897956, 5.19774
-0.641495, 1.66278
-0.839926, 0.180602
-0.998453, 0.627107
0.691045, 3.03366
-0.859097, 5.53799
0.8369, 3.42754
0.409928, 4.07164
0.859936, 0.927472
-0.734931, 4.73779
0.995058, 3.04259
0.808198, 0.405834
0.8117, 0.869724
-0.426192, 4.28492
-0.432407, 5.67365
0.550242, 0.988991
0.283033, 3.37847
0.267549, 1.10123
0.797801, 4.17844
0.00476783, 0.372727
0.861024, 1.32535
-0.439258, 3.27365
-0.110526, 2.64286
-0.104436, 0.436318
0.129153, 6.28102
-0.170119, 3.81561
0.786721, 2.17352
0.112909, 1.3963
0.417444, 0.859823
0.266151, 5.7142
-0.32436, 4.87818
-0.00726956, 1.9333
-0.549219, 0.503573
0.737529, 0.176897
0.907751, 0.263785
0.468258, 2.3459
-0.839051, 1.44783
0.415659, 2.72481
0.0897765, 1.37957
-0.409039, 3.06434
0.777011, 0.402698
0.840282, 5.35807
-0.966748, 0.884836
-0.902343, 1.77622
0.954528, 0.908054
-0.550732, 0.413853
0.312031, 0.540085
-0.473657, 6.03989
0.696499, 0.469264
0.820196, 1.86327
-0.228981, 0.960451
0.688384, 0.133859
-0.801573, 3.66234
-0.300655, 2.82683
-0.902231, 2.47287
-0.695254, 3.29756
-0.32391, 3.5051
0.965449, 0.742103
0.712924, 2.64639
-0.346036, 1.50033
-0.627689, 0.391945
-0.636244, 3.66595
-0.681362, 5.58229
0.791785, 2.94191
0.997607, 5.71951
-0.678831, 3.61092
-0.0791518, 1.76281
0.714062, 1.07216
-0.16243, 0.235903
-0.335236, 3.44567
-0.353169, 4.84688
0.885565, 0.581394
0.692677, 1.46449
0.257871, 5.30067
0.835545, 6.10009
0.543916, 3.8503
0.255747, 1.00724
-0.974171, 4.6793
0.824621, 0.585284
0.864373, 1.27203
-0.613104, 6.2207
-0.950345, 0.579859
-0.682661, 1.91026
0.839963, 2.89328
0.479777, 5.79343
-0.694819, 0.824403
0.93593, 3.17304
0.370498, 5.04608
0.795844, 3.5834
0.594238, 5.1243
0.35619, 6.05489
-0.276223, 0.0942953
-0.702503, 1.3411
-0.744385, 2.87638
0.80423, 4.09016
-0.83542, 1.67274
-0.748352, 5.37056
0.744295, 2.43783
0.851832, 4.41371
0.791918, 1.52518
0.97461, 2.68833
0.957079, 5.0772
0.331819, 5.99476
0.902249, 3.63217
-0.981982, 5.0672
-0.762708, 1.70519
0.468872, 2.11944
0.564337, 3.51743
-0.622747, 0.105804
0.60623, 1.22741
-0.596838, 2.33851
-0.758698, 1.56572
-0.620554, 3.00477
-0.0207184, 2.58275
-0.112518, 5.73299
0.198255, 3.13027
0.491401, 5.91081
-0.427782, 1.49417
0.900275, 3.22315
0.619017, 4.70141
0.816423, 3.39166
0.820403, 5.13366
0.326179, 5.50309
0.703734, 0.358955
0.304789, 0.257933
0.0927757, 0.320716
-0.99733, 0.465087
-0.700543, 3.28452
-0.373306, 5.70006
-0.398963, 5.08304
-0.812728, 3.42334
-0.182935, 3.0461
-0.826688, 0.339753
-0.875842, 0.484573
-0.760871, 0.933534
0.341276, 1.73648
-0.644303, 1.43445
0.134611, 3.56175
0.63257, 3.23049
-0.984406, 3.0811
0.0462747, 4.0249
-0.919165, 1.54339
-0.562805, 4.03647
0.271475, 6.28185
0.519463, 0.0148058
0.45235, 5.08167
0.815035, 0.175132
0.970885, 4.69479
0.58002, 5.51645
-0.92897, 4.30528
0.00245101, 6.00722
-0.103882, 2.46757
-0.775123, 5.56154
-0.99752, 3.55765
-0.533533, 4.87603
-0.0637489, 1.04806
-0.77453, 1.35344
0.870762, 4.89415
0.902713, 2.36619
0.0859209, 6.08592
-0.154449, 0.156336
0.559044, 0.681052
-0.514527, 3.10842
-0.708512, 4.89621
0.0317127, 5.93939
0.547228, 4.33882
0.292431, 5.56944
0.573325, 4.07016
0.715195, 0.977394
0.184981, 5.86815
0.99335, 2.63928
0.927676, 2.11712
0.290825, 3.59589
0.887126, 0.660574
-0.409147, 4.00001
0.884144, 4.71634
0.992061, 2.31797
0.932421, 0.114538
-0.796274, 5.94757
0.402778, 0.681497
-0.478617, 4.26653
0.566287, 0.303571
0.0238542, 3.11924
0.868181, 1.57678
0.997983, 2.61394
0.860836, 1.53392
-0.483664, 2.80355
0.484254, 2.64966
0.262519, 2.78248
-0.551713, 2.02513
0.637435, 1.79889
0.874745, 0.657018
-0.552372, 4.84538
0.622295, 5.85904
-0.695382, 3.06027
0.366686, 4.48457
0.634723, 3.81441
-0.968835, 0.0659805
0.180203, 5.34594
-0.956293, 3.60008
-0.466901, 2.14964
0.850278, 0.919924
-0.0594773, 1.60575
0.69126, 1.33496
-0.177069, 0.0485544
-0.518653, 5.28377
0.977005, 6.09865
-0.616464, 1.76229
-0.881322, 4.99462
0.186028, 1.63503
0.387823, 6.0612
0.0344501, 5.30389
0.72142, 4.70287
0.622876, 5.96892
-0.616891, 5.23716
-0.367453, 4.38249
0.454452, 2.38006
-0.107748, 6.06082
-0.0214573, 1.43978
-0.851773, 4.26979
-0.815989, 2.89705
0.545156, 5.43285
0.517332, 3.97172
0.589835, 3.07102
-0.619825, 5.0802
-0.999134, 5.29613
0.473556, 1.43744
-0.704225, 5.2709
0.426458, 3.93134
0.406987, 0.418579
-0.391426, 0.521363
0.461967, 5.47689
0.07037, 6.08247
-0.932763, 4.06534
-0.781551, 6.20104
-0.291423, 2.53996
-0.925919, 2.34659
0.515479, 2.82811
-0.726502, 0.935759
0.862822, 1.67533
0.883316, 3.1213
0.56677, 2.6811
0.971599, 1.0572
0.885219, 6.22008
0.699521, 3.21273
-0.829346, 2.57908
-0.975824, 0.280244
0.622882, 4.21904
-0.630424, 1.24647
0.862889, 3.19464
0.422319, 0.163082
0.768942, 4.36529
-0.563971, 3.57644
-0.0546995, 0.734507
0.0654553, 2.54893
0.584617, 1.0355
-0.952295, 1.40713
0.656277, 1.55926
0.965389, 1.10972
0.345885, 2.10444
0.302205, 1.98147
-0.519203, 3.15411
-0.70889, 4.99631
0.57568, 4.74425
0.57165, 1.17939
0.176735, 4.83739
-0.134823, 5.61247
0.537388, 0.0131076
0.00371791, 6.26735
-0.983428, 1.8025
0.881367, 4.02302
0.51016, 5.60177
-0.578669, 3.88823
-0.904027, 1.18728
0.555439, 1.1217
0.588328, 3.98193
0.203635, 3.31924
-0.716941, 5.57972
-0.354711, 6.21868
0.589439, 5.42316
0.527697, 4.00364
-0.199436, 3.51902
0.540219, 5.52796
-0.232568, 3.36225
0.566828, 3.54733
-0.32323, 2.89487
-0.504006, 3.52414
0.257001, 1.8048
0.154274, 0.609663
-0.756347, 6.02056
0.294922, 4.60721
-0.846706, 3.33533
-0.888922, 0.632498
-0.885724, 1.97756
-0.931918, 0.931146
0.786556, 5.90823
-0.536427, 5.79103
0.773719, 4.28595
0.249369, 1.16069
-0.676305, 2.24297
-0.220443, 2.28807
0.0910713, 3.36797
-0.529133, 5.22925
0.46473, 5.20624
0.410668, 5.74754
-0.305436, 0.60607
-0.727963, 5.56201
0.539284, 0.206045
0.349951, 3.00856
-0.587312, 3.05906
0.0699375, 2.8915
-0.553987, 3.24008
-0.208491, 1.13705
0.591256, 2.31737
0.436453, 0.638102
-0.626339, 6.15556
0.811522, 5.41688
-0.657711, 0.150605
-0.437666, 1.82099
0.231206, 2.1428
0.501657, 3.485
0.119963, 2.83615
-0.828583, 6.16447
0.998499, 5.63462
0.643241, 3.71308
-0.440461, 3.11308
-0.508332, 5.48914
-0.17965, 1.0682
-0.535714, 1.1971
-0.217978, 0.6364
-0.947552, 3.70401
0.500626, 2.41359
0.33337, 2.20406
0.32758, 6.06078
0.786959, 0.0160508
-0.347833, 5.93426
0.75696, 1.68775
-0.190005, 4.30431
0.626031, 4.32778
0.225934, 2.22948
0.586546, 2.35159
0.857651, 5.89012
0.973499, 5.79714
-0.538719, 1.18395
-0.560609, 4.48184
-0.574282, 3.5024
0.954738, 1.53174
0.188094, 0.711474
0.211142, 5.49845
0.757912, 5.92875
-0.904911, 6.14672
0.118929, 4.72979
0.722782, 5.07893
0.731246, 2.23365
-0.275784, 3.81058
-0.553918, 0.777263
-0.935805, 2.67901
0.469679, 1.92069
-0.908647, 5.63938
0.63824, 4.17202
0.92635, 3.64352
0.540692, 1.61399
-0.640998, 3.04017
0.603019, 2.25376
-0.207664, 5.81139
-0.544613, 4.01829
-0.934112, 0.954441
-0.201462, 0.97862
-0.56543, 0.37799
0.88294, 5.72202
0.23382, 5.87179
-0.262006, 2.96822
-0.568835, 1.31285
-0.975433, 5.0246
0.237143, 5.01144
-0.524801, 3.81064
-0.901997, 0.160796
-0.453128, 1.5575
-0.819632, 2.85429
0.630218, 0.56548
0.464764, 0.902332
-0.994197, 3.18246
-0.472302, 3.52775
0.642005, 0.370779
-0.203066, 6.1754
0.699666, 0.825471
-0.313279, 0.779641
-0.523201, 1.66389
0.996689, 5.10586
0.453672, 1.01772
-0.143124, 1.63936
0.581447, 1.7478
0.215667, 1.46359
0.711823, 3.84884
-0.918522, 6.17907
-0.589018, 0.486149
0.590633, 0.950158
0.738302, 3.02981
-0.0844633, 0.392119
0.787651, 4.85423
-0.917984, 0.244968
-0.675199, 3.2882
-0.991448, 2.79629
0.322643, 3.70148
0.315643, 6.06359
0.148536, 0.45228
0.0903565, 5.93252
-0.865441, 3.90922
0.492948, 6.28138
0.836727, 1.72129
0.0508646, 0.0299679
-0.191375, 1.22595
0.0985542, 4.59734
0.92141, 3.92017
0.504467, 5.38668
-0.998323, 1.27011
0.482947, 0.0642306
0.886913, 5.12159
0.034291, 4.80312
0.845901, 2.54705
0.641329, 0.972003
-0.582521, 4.96733
0.413812, 3.52035
-0.127161, 2.16538
-0.068108, 4.73366
-0.0605328, 4.17306
0.556054, 1.27208
-0.609597, 5.48652
-0.344618, 2.4998
0.855747, 5.41937
0.656693, 4.32899
0.857642, 1.91667
-0.93159, 3.85587
-0.495131, 3.58392
0.957316, 5.83714
0.165845, 6.23938
0.982286, 5.70896
-0.684089, 3.91179
-0.368903, 2.56576
0.0151073, 5.13586
-0.109994, 3.87492
-0.981262, 0.256145
0.592022, 2.22951
0.179318, 3.44713
0.984011, 0.139246
-0.322793, 5.74437
0.906751, 2.34912
0.334461, 3.51408
0.343485, 3.77944
-0.714895, 6.03585
-0.89726, 3.4879
-0.376063, 5.39631
-0.632237, 5.55266
0.269804, 2.7312
0.69309, 0.484053
-0.0270242, 5.00088
-0.680987, 5.16994
-0.872062, 1.1937
0.0976312, 4.75477
0.605056, 5.12873
0.409086, 3.13512
0.995478, 2.36235
-0.728015, 5.84226
-0.46651, 1.24953
-0.69438, 2.45988
-0.380401, 5.05012
-0.618859, 5.35781
0.158002, 1.37389
0.998819, 1.91382
-0.537484, 1.03872
0.854683, 5.11236
0.00880554, 3.77579
-0.678406, 0.857808
-0.444022, 0.509394
-0.636607, 0.822133
0.666856, 3.69672
0.359908, 3.68226
0.34634, 3.52133
-0.0980431, 4.20997
-0.462844, 5.46926
-0.452286, 0.916444
0.269945, 0.642423
-0.889829, 2.53511
0.331432, 1.56305
0.664373, 6.18624
0.887936, 2.11779
-0.828255, 5.81926
0.822932, 1.99975
-0.716197, 4.97164
-0.669078, 1.06746
-0.358171, 2.39882
-0.101953, 3.53331
-0.0422093, 5.60223
0.799399, 4.14211
0.27666, 0.0184105
0.707695, 5.65694
-0.851978, 1.4958
0.563544, 2.1083
0.652612, 3.50834
0.22396, 0.0187832
0.421162, 0.432766
-0.776474, 5.48552
-0.91484, 1.07599
0.922914, 5.98773
-0.121381, 3.81103
-0.49972, 3.55677
-0.961905, 0.699363
0.963699, 3.16316
0.737168, 5.30109
-0.587298, 4.55376
0.581975, 3.28506
0.981436, 1.58919
0.690654, 0.0594464
-0.97584, 0.401903
-0.758903, 4.97252
0.340162, 4.20226
-0.688765, 3.04345
-0.814864, 4.67732
0.555943, 6.14152
0.96869, 4.62222
-0.633596, 5.58247
0.992945, 5.88435
-0.469443, 3.05268
-0.679391, 4.68578
0.033355, 6.20012
-0.507088, 5.64337
0.327342, 1.12534
0.951195, 0.271106
-0.377684, 3.01892
0.890243, 0.370251
0.456443, 3.18925
0.291097, 3.42367
-0.681167, 3.93791
0.98471, 3.58291
0.852258, 2.66026
0.435219, 5.15188
-0.780628, 1.43577
0.256833, 5.45478
0.538632, 1.94089
-0.77925, 0.646327
0.253677, 2.3147
0.324356, 1.81471
-0.528215, 6.07362
-0.736287, 4.66097
0.860154, 5.29421
-0.872757, 0.58732
-0.219277, 1.61004
-0.854803, 1.54488
0.424685, 3.14357
-0.949799, 4.12164
0.522086, 2.29436
-0.246139, 3.2424
-0.669557, 2.86164
0.185028, 6.03561
0.308491, 5.10474
-0.462, 5.79453
-0.0953322, 5.85956
0.868976, 3.0283
0.657795, 0.654912
0.999558, 1.85137
0.0746474, 2.18303
-0.929717, 2.27907
0.423408, 3.09693
-0.666806, 4.33271
-0.910424, 3.28851
0.179462, 3.08697
-0.375092, 1.38916
-0.694677, 1.09005
-0.535387, 3.32042
-0.840921, 0.336886
0.966156, 0.907605
0.254466, 6.10019
-0.666442, 3.83757
0.803393, 1.88554
-0.888357, 4.75722
-0.491962, 1.27592
-0.707377, 6.26613
-0.222117, 0.352445
-0.0530786, 5.64368
-0.90635, 2.6187
-0.972726, 3.68541
-0.374961, 4.27393
-0.845465, 0.757394
-0.764799, 3.95492
0.296818, 0.0727182
0.868376, 3.32558
0.861177, 4.6591
0.917858, 3.49287
-0.0978336, 4.81786
-0.168866, 3.84378
0.758871, 6.19003
-0.856173, 3.95748
-0.397716, 2.57271
-0.292728, 1.28343
0.894486, 2.77109
0.776033, 2.7912
-0.808165, 4.92872
0.975143, 4.79787
-0.58828, 3.75801
0.7363, 1.6248
-0.0407573, 2.39804
-0.790993, 6.2046
-0.135829, 0.886487
-0.652535, 0.453667
-0.934367, 4.93875
0.768049, 6.07421
0.69653, 0.667056
-0.942953, 2.3286
0.2736, 4.41817
-0.764163, 5.16547
0.826012, 0.175157
-0.474759, 2.02341
0.409848, 4.5843
-0.205365, 5.73783
0.252452, 6.24428
0.534915, 1.8559
0.871675, 5.02422
0.671543, 5.43743
0.675571, 5.20098
-0.475136, 1.92317
0.673682, 1.43261
-0.0525588, 2.72075
0.028097, 2.53723
0.456684, 4.94939
-0.491911, 1.32564
0.213437, 3.07217
0.901198, 5.39589
0.573412, 1.44307
0.00133547, 0.849159
-0.761022, 2.18849
0.10182, 0.107819
-0.29759, 1.52597
-0.769551, 0.894084
0.573943, 4.23298
-0.121904, 0.675031
-0.89729, 1.8134
-0.363325, 3.2611
-0.846965, 0.370451
0.386651, 5.6743
0.934439, 0.226705
-0.440904, 0.407867
0.780028, 1.62337
-0.283791, 5.86616
-0.43325, 3.01456
0.618853, 5.68734
-0.0603269, 5.39943
-0.729343, 4.17152
-0.644612, 0.00771805
-0.308163, 4.18951
0.996269, 5.42333
-0.972113, 6.03308
0.235236, 3.52738
-0.951636, 1.8158
0.123875, 1.33154
-0.310122, 6.17746
-0.527666, 3.40034
-0.188867, 5.19581
0.456254, 1.39228
-0.433593, 0.50003
0.537559, 2.19552
-0.857591, 6.07826
-0.278175, 0.00934532
-0.543294, 2.98262
-0.936845, 5.50671
-0.697708, 0.175275
-0.12958, 1.89086
-0.335348, 0.919747
0.811155, 0.222857
-0.888829, 1.28491
-0.687536, 3.71367
-0.548013, 1.51068
0.427734, 4.98937
0.462821, 0.581403
0.407461, 1.91184
-0.200672, 1.37664
0.208596, 2.53583
-0.399144, 0.87706
0.428004, 1.87939
-0.309009, 4.49291
-0.318359, 0.671052
0.747284, 1.37468
-0.814717, 0.134204
0.168542, 1.89408
0.816549, 5.86882
-0.643593, 5.17669
-0.80972, 5.05884
-0.693157, 2.42023
0.810548, 1.96407
0.19388, 3.44018
-0.954101, 5.02429
-0.883307, 0.776353
-0.895109, 4.76742
-0.152614, 0.231409
-0.751004, 3.90391
-0.373363, 0.272084
0.00473902, 3.67495
0.0597638, 0.745659
0.0611328, 4.76858
-0.842899, 2.33729
-0.882979, 4.29684
0.891263, 2.15952
-0.439313, 2.26673
-0.607517, 3.09876
0.647461, 4.95465
0.911525, 2.287
-0.468881, 6.14176
0.241251, 5.12911
0.60767, 6.2578
-0.790747, 4.69892
0.0705268, 1.18919
-0.706227, 2.20051
-0.877971, 6.21385
-0.699841, 3.14691
0.979069, 0.328454
-0.277837, 5.2086
0.599966, 2.21124
-0.858035, 2.95232
-0.867677, 5.29375
-0.228401, 5.52276
-0.869349, 4.74926
0.825763, 2.54345
0.111824, 2.89374
0.555801, 4.85703
0.323065, 3.12688
-0.81906, 2.93607
0.254166, 0.229585
-0.70742, 3.1605
-0.711228, 0.154442
-0.999057, 5.35568
0.242327, 3.1337
-0.667148, 1.64381
-0.381058, 6.05273
-0.384637, 5.3933
-0.538258, 0.202396
0.856801, 3.11906
0.996667, 1.70917
0.0537505, 5.84852
0.837692, 3.48493
-0.31778, 5.74459
0.407546, 4.95557
-0.498797, 4.46106
-0.293656, 3.07929
-0.399399, 1.70998
-0.31836, 4.93284
-0.19256, 0.204132
-0.975048, 0.98687
0.487841, 0.649796
-0.299984, 5.92404
-0.811253, 2.62901
0.968171, 1.58819
-0.461109, 5.56907
0.696204, 5.58616
-0.236699, 1.44516
0.899494, 4.82344
-0.471758, 0.0855694
-0.596825, 6.04442
-0.982886, 3.6992
0.542956, 5.36621
0.887643, 0.922407
0.729674, 5.86929
-0.783773, 0.450742
-0.801606, 0.459716
0.447466, 0.0577298
-0.117816, 4.05313
-0.462471, 0.651024
0.82966, 5.75741
-0.463233, 2.19261
-0.561111, 2.04924
0.979235, 1.8397
-0.846467, 0.876405
-0.371166, 1.3316
-0.817019, 0.113185
-0.904199, 2.19718
0.543049, 0.296427
0.37472, 3.85147
-0.76412, 1.80359
0.431172, 3.89306
-0.872514, 2.6178
0.533914, 4.67222
-0.550293, 0.919535
-0.511766, 6.24642
0.493698, 4.08285
-0.0404294, 2.54796
0.644453, 0.522605
0.715811, 6.24399
-0.300569, 1.61052
-0.188929, 5.08431
-0.973189, 5.90227
0.438903, 1.52658
-0.466321, 5.63132
0.894103, 6.0083
0.90096, 3.0391
0.388638, 2.40125
0.405995, 2.72285
0.667844, 2.4275
-0.669897, 4.03846
-0.984102, 1.48252
-0.95366, 2.54975
0.0494383, 0.200028
-0.40421, 3.14571
0.296263, 2.28268
0.944392, 0.200272
-0.816839, 0.373692
0.389495, 6.0704
-0.564548, 1.96716
0.829838, 4.56226
-0.460521, 1.89265
0.573118, 0.318847
-0.450707, 1.45265
-0.801776, 5.51002
-0.478377, 1.96189
0.472825, 4.84615
0.287803, 1.85766
-0.762551, 3.20697
-0.0871112, 4.46788
0.803718, 3.66931
-0.261206, 5.79734
0.61769, 0.223627
0.0643242, 4.19442
-0.907861, 2.02259
0.245907, 3.12194
-0.73325, 5.0586
0.490134, 4.44198
-0.911449, 0.663167
-0.683833, 5.55981
-0.755774, 2.15951
0.96742, 5.36313
0.143444, 3.8872
0.667449, 4.29777
-0.939715, 0.561384
0.670527, 2.45239
-0.997476, 2.31384
0.578652, 0.214929
-0.668886, 2.42717
-0.976984, 0.806505
-0.266361, 3.97931
-0.637254, 6.08508
-0.777088, 3.4179
0.282433, 2.00142
-0.736563, 3.85931
-0.649111, 0.664945
-0.39815, 2.32177
-0.866402, 4.07868
-0.422117, 2.97295
0.956141, 2.78209
-0.487987, 3.80893
0.593668, 1.75162
-0.818952, 2.00817
-0.106945, 1.3143
0.0285607, 4.6965
-0.49604, 0.188771
-0.851328, 2.81372
-0.598502, 6.03349
-0.418041, 0.0545095
0.0983266, 2.18192
-0.235538, 3.87638
-0.691644, 1.26945
-0.745193, 3.7302
0.415003, 6.19676
0.510431, 3.94947
-0.852583, 1.23011
-0.934969, 1.79929
0.514449, 5.79628
0.491344, 3.74456
0.827746, 3.44604
-0.417019, 4.52641
0.520888, 4.55754
-0.428074, 5.25042
0.684291, 0.663634
0.30601, 1.98276
0.0192231, 3.6804
-0.188143, 1.31359
0.697146, 3.65595
0.392694, 4.93422
-0.300359, 4.11956
-0.561879, 3.15363
0.661435, 2.89109
0.890388, 3.01296
0.487538, 5.27883
0.713241, 4.77128
-0.997753, 0.200056
-0.656333, 0.565928
0.123409, 0.267369
-0.787716, 6.19059
-0.763975, 1.17061
-0.316038, 4.61853
-0.241986, 0.796374
0.175714, 3.9955
0.968776, 0.150729
-0.4013, 1.49569
0.664633, 2.39776
-0.827542, 5.8445
-0.777363, 3.02387
0.300386, 1.5805
-0.786859, 1.6068
0.841946, 1.77777
0.635043, 1.64349
-0.429278, 3.36584
0.41882, 3.41876
0.0298075, 1.54176
0.506175, 1.87743
0.456854, 0.782925
-0.864265, 5.2117
0.818764, 5.30764
0.235401, 4.73734
0.67725, 0.031742
-0.679829, 6.12843
0.88327, 2.72255
0.526728, 0.873026
0.248491, 3.81904
-0.887457, 2.55717
-0.954441, 6.25791
0.468022, 2.95691
0.671829, 2.39698
-0.417199, 3.19505
0.738843, 3.67625
0.613589, 5.94281
0.843284, 4.5163
0.945214, 1.47894
-0.4169, 4.11268
-0.197845, 2.46956
-0.26902, 0.838967
0.740959, 0.399488
-0.428624, 0.779927
-0.593483, 6.24169
-0.880628, 1.26335
-0.428929, 1.01733
0.111007, 2.50473
0.888241, 0.00589568
-0.917526, 0.801617
0.886373, 5.53625
-0.297886, 3.41651
-0.0210294, 4.40125
0.790658, 0.719916
-0.620019, 5.89374
0.908698, 4.32961
0.187519, 3.06544
-0.786173, 3.05138
-0.645056, 5.80077
-0.867831, 4.02816
-0.917766, 3.47417
0.88642, 0.640454
-0.22842, 0.524521
-0.158707, 0.672739
0.945098, 2.78034
0.874933, 0.00358959
-0.899894, 1.07854
-0.337303, 0.139288
0.667673, 5.55379
0.643121, 1.22826
-0.776997, 5.0186
0.286547, 3.25687
-0.892157, 4.3756
-0.362329, 5.74991
0.666019, 4.90703
-0.799436, 3.45329
-0.394755, 4.20543
0.597043, 4.7821
0.374304, 1.07077
-0.0673467, 0.621964
0.831776, 2.02709
-0.317737, 4.50982
0.842703, 3.69478
0.966881, 4.92053
0.2786, 5.32846
0.0147749, 3.84487
0.80457, 2.79672
0.211492, 5.44083
-0.25604, 5.27798
-0.903169, 6.06652
-0.554116, 4.75617
-0.704099, 2.44846
-0.44013, 5.52174
-0.299646, 3.40227
0.558498, 3.93187
0.0573174, 0.521025
0.258706, 4.42474
0.98308, 5.85138
-0.955896, 2.73251
0.683606, 1.81228
-0.707708, 3.6909
-0.650323, 5.26088
0.34817, 0.934022
-0.972147, 5.1845
-0.940263, 3.66868
0.701736, 1.34054
-0.465349, 4.11526
0.198477, 5.67755
0.0744237, 1.48326
0.283033, 3.5803
-0.367797, 4.56794
0.802651, 5.33364
-0.117195, 2.25734
0.881162, 0.592072
0.0118721, 5.68458
-0.053616, 5.96329
0.525326, 0.450792
-0.90263, 5.19041
-0.809735, 0.832248
-0.113212, 5.97472
-0.219147, 4.56014
-0.077618, 1.4282
0.251712, 1.30677
0.297472, 5.23425
0.691602, 3.0315
-0.355244, 2.43766
0.98685, 3.95046
-0.355195, 3.49617
-0.793077, 4.48549
0.951646, 0.951871
-0.856338, 2.44363
0.749328, 3.16401
-0.502466, 3.6806
0.879588, 0.240705
0.81919, 4.05197
-0.843702, 1.85503
0.983443, 0.733269
-0.955432, 2.25688
0.0770403, 1.40823
-0.434853, 3.72291
0.83036, 4.14048
-0.758764, 4.07051
0.324642, 5.96278
-0.709655, 2.93734
-0.315334, 3.74395
-0.854346, 4.17094
-0.723757, 1.05607
0.21774, 2.10512
0.756283, 5.96311
-0.373207, 0.044053
-0.366892, 5.0057
0.00503646, 4.08905
0.876226, 2.28226
0.972892, 3.31665
0.286658, 4.7763
0.877228, 6.21085
0.487169, 1.08982
0.594863, 5.70243
-0.46514, 5.88754
0.31811, 2.75723
0.812867, 4.55723
-0.534441, 1.14966
0.681579, 5.36055
-0.668022, 4.48925
0.576029, 6.21019
-0.0814888, 3.83619
-0.171477, 1.88438
-0.0161338, 1.4545
-0.804013, 5.88386
0.742543, 1.77246
0.973311, 5.10608
0.835765, 5.63409
0.774931, 2.38058
0.705821, 2.50957
0.554144, 2.38771
0.738801, 1.45342
-0.972967, 3.39698
0.591752, 3.88471
-0.777008, 6.1761
-0.55148, 2.9459
0.777211, 2.06077
-0.654359, 5.35702
0.350004, 4.30815
0.502625, 0.497784
-0.949623, 4.18709
-0.318372, 4.62221
0.932482, 4.15383
0.460315, 2.32475
-0.365118, 4.83415
0.802107, 3.52767
-0.723204, 2.36518
0.687946, 2.13501
-0.258838, 0.195204
-0.911769, 5.31361
0.00618845, 5.82791
-0.309045, 4.8033
0.00797552, 0.494717
-0.807669, 2.62529
-0.818136, 2.17885
0.472057, 1.71812
0.109731, 2.68805
0.795725, 3.58018
0.272399, 0.313178
-0.538538, 0.250098
-0.500798, 4.78545
-0.168171, 3.16556
-0.479346, 2.42759
-0.924836, 5.26814
-0.840638, 5.43179
-0.819639, 0.490194
0.985716, 1.92233
0.586221, 0.0535519
0.51204, 2.37055
-0.338845, 4.89473
0.675125, 4.2206
0.557948, 4.8121
-0.0835724, 3.1133
-0.148603, 0.257492
0.698489, 3.27667
0.648445, 0.720289
-0.983682, 5.12516
0.880667, 1.66759
0.0557231, 4.11558
-0.178, 2.07576
-0.477766, 0.629256
0.106702, 2.8745
-0.582846, 2.38248
-0.60186, 1.56224
-0.21854, 4.40826
-0.607493, 1.35567
0.966997, 5.23038
0.651343, 5.0606
0.500276, 0.659054
-0.600666, 1.10536
0.677999, 2.31982
-0.0584145, 1.29247
-0.171011, 3.62923
0.963084, 4.00888
0.539088, 5.10294
-0.663755, 3.32609
0.36187, 0.211215
0.999177, 3.33507
0.802076, 2.29954
0.598967, 4.3626
0.512936, 6.22506
-0.633092, 3.23656
0.270989, 4.83989
0.547569, 5.90353
0.787837, 3.8171
-0.856545, 0.940376
-0.973083, 4.94842
0.451138, 1.52792
0.841668, 5.92131
0.0681033, 0.339575
-0.336721, 4.12774
-0.872414, 4.22465
0.18266, 2.63926
0.571264, 3.21635
0.688295, 1.41891
-0.657159, 2.32557
0.504188, 5.96641
0.787239, 1.49442
-0.55165, 5.34501
0.390636, 3.75713
0.612187, 2.5494
-0.897441, 3.9988
-0.839581, 5.33332
0.368046, 1.10023
-0.234621, 4.09382
-0.692063, 2.02193
-0.141306, 0.331596
-0.133189, 3.43586
-0.190474, 0.150632
-0.231543, 2.43047
-0.147357, 2.91472
0.063074, 4.1529
0.147391, 2.82147
-0.969845, 4.85266
-0.331794, 0.736583
-0.127023, 5.57149
0.810361, 3.7406
-0.921239, 1.76698
-0.0937784, 0.697
-0.0907463, 0.922775
0.0173759, 0.977034
-0.843094, 1.76103
0.917406, 2.28679
0.653668, 3.79782
0.619998, 2.16934
0.296875, 5.46601
-0.76883, 2.69389
0.844458, 3.52311
0.0912868, 5.77015
0.135664, 0.931821
-0.128259, 6.01047
0.32543, 5.0811
-0.846886, 1.39112
-0.0395009, 0.857856
-0.167057, 0.475487
0.664899, 1.23248
-0.0474056, 0.671498
-0.889573, 1.39239
0.513813, 4.24871
0.982666, 5.50711
-0.390055, 2.50787
0.711748, 4.67694
-0.069332, 5.99803
0.507414, 5.57023
0.79117, 1.7468
-0.978883, 3.80723
0.661196, 3.34108
0.518313, 2.68134
-0.67062, 5.3549
-0.220615, 1.97832
-0.569409, 2.45899
0.581747, 5.08089
-0.833495, 5.15437
0.916003, 5.45081
-0.882279, 1.03454
-0.133769, 4.73376
-0.624238, 2.34974
0.819091, 5.5858
-0.983605, 2.86845
0.726615, 3.966
-0.462012, 2.77825
-0.922021, 5.09172
-0.91875, 4.11852
-0.643709, 3.43512
-0.776147, 1.2697
0.752773, 1.64144
0.580035, 2.03872
-0.540471, 2.19379
0.747748, 2.32918
-0.419522, 1.99544
0.503081, 1.26715
0.333645, 3.92928
-0.233033, 3.69743
0.28737, 2.36015
-0.261121, 2.5183
-0.183597, 4.05374
0.949425, 1.51319
0.473911, 5.55396
0.27765, 6.28251
0.0565785, 3.17203
0.901727, 1.83017
0.977142, 1.92777
-0.871638, 1.39965
0.646081, 3.98929
0.659038, 0.307122
0.927609, 4.17732
0.0917992, 0.977057
0.801264, 1.35215
-0.994333, 0.443791
0.651123, 5.45885
0.911447, 6.1612
0.527221, 1.59239
-0.0960621, 3.73746
-0.990076, 1.41321
0.83396, 1.95941
0.759539, 5.57793
-0.275572, 4.91694
0.813597, 1.97825
-0.269992, 6.07695
0.749208, 3.53633
-0.706526, 2.17272
0.655577, 4.69842
0.628799, 1.1735
0.91528, 5.49013
-0.740681, 0.715967
0.339404, 5.78458
-0.240609, 2.01457
0.659689, 1.60015
0.518962, 4.48502
-0.988843, 5.61963
-0.367803, 5.1838
-0.695317, 3.71144
-0.83618, 0.165867
-0.686129, 1.64633
0.677043, 3.4026
-0.622052, 0.108
0.0795668, 1.99526
-0.775139, 4.28339
-0.786717, 5.22725
0.28856, 4.72976
0.35454, 6.12741
0.0333646, 4.07774
-0.248741, 2.95514
-0.329081, 0.483661
-0.067632, 5.97854
0.559276, 0.962711
0.0516535, 1.76604
-0.914514, 1.3173
-0.02493, 2.96431
-0.304222, 3.88345
0.57533, 5.58341
-0.047974, 3.79494
0.371296, 1.24394
-0.0470839, 5.5232
0.445991, 4.22238
-0.830228, 3.17265
-0.291066, 4.8395
-0.463475, 5.06915
0.527455, 6.26263
-0.362709, 3.17069
-0.313878, 4.92803
-0.970831, 5.24452
-0.792091, 2.94366
-0.837944, 3.97388
-0.283501, 0.836029
0.326585, 5.56162
0.76337, 0.804549
0.864853, 5.07492
-0.97024, 1.81346
-0.837406, 1.53227
-0.848206, 2.96822
-0.728512, 3.07683
0.911028, 4.4942
0.937881, 2.46868
-0.412291, 2.83208
0.485389, 5.79239
0.657759, 1.88123
0.888596, 4.51971
0.948087, 5.40573
0.375544, 1.11597
0.444297, 3.95388
-0.87362, 5.75164
0.70771, 1.37084
0.713427, 5.88143
-0.77365, 3.33624
-0.847602, 2.10231
-0.735556, 4.39821
-0.612744, 4.8839
-0.380796, 5.81848
-0.392457, 1.32641
-0.465101, 0.850967
0.23973, 3.64968
-0.272684, 0.344146
0.845771, 3.18949
0.904834, 3.69319
-0.607683, 1.68708
-0.838615, 4.45668
0.812536, 0.93812
-0.354755, 0.912587
-0.537487, 0.892752
0.208242, 2.68634
0.23801, 3.45234
0.683511, 2.37471
-0.353524, 3.57615
-0.849838, 4.40227
-0.529153, 3.91201
-0.259235, 2.24543
-0.414533, 3.67315
-0.843457, 1.29825
0.435021, 3.35843
-0.937406, 2.74967
-0.994145, 5.60107
-0.959342, 4.08408
0.54498, 1.02916
-0.44554, 2.4848
0.757103, 1.15273
-0.795777, 6.05222
0.447716, 3.64975
0.684877, 1.92841
-0.312489, 2.7942
0.975947, 5.97615
0.615221, 1.59988
-0.641535, 2.19605
-0.4374, 5.3481
0.874872, 5.79968
0.238406, 5.93165
-0.89252, 0.511673
0.534952, 2.17427
-0.44893, 0.0183559
0.00330616, 3.95809
-0.714642, 0.613272
-0.283247, 0.118119
0.996926, 3.69463
-0.399452, 1.00346
-0.778657, 4.00744
0.37674, 2.27345
0.394916, 2.91112
-0.214131, 4.04311
-0.748265, 0.385766
0.883837, 1.67763
-0.781008, 0.943366
0.534642, 0.329473
-0.652712, 1.45175
0.606896, 5.03291
0.586786, 0.558498
0.382224, 0.783963
0.645033, 3.27965
0.637925, 2.21872
-0.353866, 1.47905
0.110681, 1.97943
0.616692, 2.71838
-0.0551924, 4.00529
-0.406677, 0.646901
0.341288, 4.84898
-0.95446, 4.49441
-0.895358, 0.528973
-0.979396, 2.32574
-0.929067, 5.44049
-0.94288, 3.61445
0.929916, 4.80575
0.900408, 6.1374
-0.746719, 3.38939
-0.653412, 2.23078
0.672281, 4.94602
0.380708, 5.74037
-0.809368, 1.12392
0.0202251, 0.943334
0.751582, 6.14639
-0.00167575, 1.89884
0.59052, 4.6222
0.868702, 6.26799
-0.556252, 0.280825
-0.459841, 1.93288
-0.860602, 5.6576
0.666088, 6.20632
-0.1473, 0.4913
0.44605, 4.24328
-0.885567, 3.53057
0.702849, 3.3342
-0.0534168, 5.88947
0.25294, 0.434008
0.554116, 0.124617
-0.39209, 1.26745
0.211102, 0.60414
0.23858, 5.22445
-0.761523, 3.59525
0.159323, 4.0288
0.851975, 2.81141
-0.984929, 2.2701
0.0177086, 1.35392
-0.938494, 0.495372
0.917655, 1.40266
-0.675775, 5.74338
0.047544, 2.15433
0.0541032, 5.34458
0.721785, 1.31015
0.981329, 2.15846
-0.773448, 4.10188
-0.900689, 0.169008
-0.689532, 1.19405
0.447683, 4.25559
0.651647, 1.32854
0.437452, 0.0596657
-0.511379, 0.307736
0.497324, 0.952039
0.153191, 4.73118
0.500423, 0.652776
0.812391, 4.12096
0.774117, 1.29304
0.523879, 4.12689
0.567225, 2.96733
0.800283, 5.51258
-0.853087, 2.89016
-0.351386, 0.574047
0.511659, 4.8546
-0.997171, 2.63322
-0.734767, 2.34127
-0.873207, 2.53417
-0.605227, 3.57097
0.685913, 3.77432
-0.548667, 2.41621
-0.211116, 1.65249
0.915225, 0.0713181
-0.2273, 5.72977
0.173451, 0.629029
0.0123627, 5.9204
-0.566093, 0.177203
-0.554047, 4.28863
0.504734, 3.29621
-0.811998, 2.28665
-0.159642, 4.4316
0.59959, 5.51645
-0.89686, 5.01899
-0.0152853, 6.2145
-0.619417, 0.87769
-0.15516, 0.394389
-0.000947581, 2.52089
0.443342, 3.08041
-0.746892, 0.558691
-0.266697, 2.95104
-0.121936, 1.26789
0.263175, 0.105058
-0.219567, 5.71878
-0.457209, 5.97326
0.943269, 4.02185
0.848497, 2.62512
-0.367036, 0.484971
0.201763, 2.64984
0.955076, 3.58724
-0.187724, 3.745
-0.656026, 5.12301
-0.245114, 3.63927
-0.343153, 4.94802
0.907252, 1.14727
0.862112, 1.40557
-0.890077, 1.56989
0.368741, 4.16027
0.906386, 4.26651
0.262839, 3.25718
0.122831, 2.02325
0.333656, 3.8458
-0.270309, 3.86989
0.814427, 1.09127
-0.84372, 5.16917
-0.901143, 5.86639
-0.499053, 0.978961
-0.883735, 0.112246
-0.685041, 0.714398
0.862531, 4.11403
-0.267485, 6.06531
0.0735766, 4.31469
-0.543113, 2.70629
0.889278, 0.270895
-0.959743, 5.52344
0.980745, 3.36488
-0.772732, 1.1858
-0.932861, 5.06357
-0.263019, 3.14437
-0.990423, 4.4215
-0.0452297, 4.03625
-0.12601, 5.02158
0.54422, 0.618659
-0.916718, 1.4273
0.879398, 4.76177
-0.202937, 6.09853
-0.731915, 4.91082
0.591548, 4.10346
0.369543, 2.17384
0.408769, 4.16802
-0.559037, 4.15126
0.879402, 4.44622
-0.758058, 6.09417
0.323422, 4.335
-0.456404, 5.08818
0.466474, 2.45682
0.101175, 4.57919
-0.783852, 3.37241
0.85568, 2.76996
-0.802963, 2.26796
-0.135948, 3.29011
0.956494, 5.22134
0.802898, 3.36654
-0.997732, 5.82128
0.971233, 2.32218
-0.859746, 2.71564
0.515441, 3.87345
0.6594, 5.63213
-0.562277, 1.85292
0.42022, 5.88982
0.445327, 0.970611
0.063672, 2.52175
0.382415, 5.48923
0.77938, 0.622384
0.879104, 5.03575
0.0715412, 0.102102
-0.198248, 5.11001
0.973267, 2.5714
0.916096, 1.42921
0.861979, 5.90698
-0.957444, 0.552408
0.522535, 5.12284
-0.669437, 1.61658
0.559025, 1.26205
-0.0398368, 0.246823
0.954216, 2.36974
-0.307034, 1.38008
-0.53229, 0.0156064
0.423997, 6.22809
0.297516, 1.77161
-0.778277, 2.21304
0.992583, 4.905
-0.604993, 3.15408
-0.378039, 0.0839685
0.667137, 2.41988
-0.672681, 1.71612
0.873745, 5.83291
0.101819, 4.37448
-0.316194, 3.21101
-0.499967, 1.04895
-0.883946, 1.60463
0.796854, 2.67401
0.540043, 6.12843
0.483448, 3.08798
0.703248, 4.17085
-0.428437, 5.08289
-0.506839, 2.68092
0.0209345, 5.97268
0.791482, 2.07099
0.532501, 0.757878
0.954677, 1.15088
0.0418087, 2.34781
-0.966748, 3.09083
-0.860569, 2.67842
-0.930436, 6.20556
-0.232338, 4.9647
0.337682, 2.42354
0.695853, 5.63314
-0.186389, 1.92649
-0.245367, 6.18289
-0.684128, 5.38588
-0.0789824, 6.21417
0.809173, 2.66169
-0.450939, 0.0335753
-0.719509, 2.72632
0.992799, 5.45693
-0.908782, 1.31376
0.980106, 4.07311
-0.295416, 1.02039
0.819683, 0.337401
0.135814, 6.12387
0.45218, 0.667354
0.839834, 2.88102
-0.578426, 1.75716
-0.859796, 6.06462
-0.195213, 3.3244
-0.980661, 2.43875
0.023223, 3.11082
0.936775, 1.38533
-0.881868, 2.80742
-0.8152, 6.19854
-0.0819213, 5.62831
0.804909, 2.39993
-0.732895, 0.282492
0.4074, 1.84348
0.644427, 6.13611
0.200368, 3.51957
-0.544115, 4.84299
-0.756641, 2.72058
0.99621, 4.93809
-0.846874, 4.91421
-0.124819, 5.83608
-0.834766, 5.78969
-0.683395, 0.938009
0.592189, 0.402553
0.972224, 5.96573
0.617053, 2.22109
0.579602, 1.19244
-0.874105, 3.52384
0.998441, 3.69289
0.354508, 3.46245
-0.771495, 0.438171
0.0264037, 5.09877
0.816294, 0.605174
0.842446, 3.97757
0.646554, 0.660671
0.551613, 5.77022
0.755072, 0.259844
0.436175, 3.89569
0.740057, 1.1209
-0.681334, 1.19875
-0.719241, 4.13531
-0.955892, 0.212103
0.696877, 4.51404
-0.620209, 0.19589
-0.561807, 5.16899
0.66407, 4.51518
-0.394039, 0.639769
-0.896243, 4.93486
-0.371221, 2.2706
-0.351075, 1.62144
-0.474553, 2.52687
0.0744053, 1.84428
-0.871923, 0.032422
0.150359, 5.57741
0.212286, 2.86163
-0.318259, 2.93026
0.536029, 0.20859
0.446108, 3.46797
0.888162, 5.54056
-0.0859004, 3.60091
0.83175, 2.2934
-0.857514, 3.04863
0.226911, 2.16365
-0.537986, 5.84053
-0.932432, 0.868474
-0.925301, 0.300839
0.709601, 0.0197488
-0.451165, 1.19533
0.384284, 2.59528
0.455099, 4.42771
-0.818798, 1.11363
0.563339, 3.21402
0.688533, 0.20216
0.964744, 0.452803
0.442815, 5.2979
-0.213494, 5.51905
0.0463762, 5.48965
0.346361, 1.62922
-0.420984, 3.92763
-0.350159, 3.72833
-0.388156, 5.70229
-0.115174, 5.9274
-0.910501, 6.10654
0.72235, 3.25335
0.960011, 4.13649
-0.715029, 4.83216
0.945006, 0.972928
0.218704, 3.70929
-0.439354, 3.415
0.660673, 5.67953
0.729566, 4.64932
0.154707, 1.21325
0.402698, 4.24831
-0.491616, 5.2068
0.408616, 3.21936
-0.208375, 0.278216
0.814215, 5.82046
-0.0110856, 1.92465
0.404173, 3.7759
-0.566859, 0.534019
-0.37419, 4.76055
0.647461, 4.93904
-0.124094, 4.26448
0.342278, 5.58305
0.750463, 6.00946
-0.750194, 0.260232
0.528372, 2.27411
-0.781174, 4.8592
-0.0597589, 3.0873
0.98159, 2.98845
-0.33942, 4.61742
0.667285, 1.70843
0.580759, 0.305465
0.538987, 5.6841
-0.99705, 3.76668
0.195701, 4.04372
0.42282, 5.16617
-0.842019, 0.179633
-0.57223, 3.39275
0.579154, 3.9849
0.273885, 5.82428
-0.353249, 4.27721
-0.604912, 1.89536
0.300643, 6.26125
0.74917, 0.219548
0.231377, 1.53562
0.780261, 5.78113
-0.427654, 0.116546
-0.834059, 3.61907
-0.31571, 5.96943
-0.377488, 4.77475
0.860664, 3.26706
-0.35511, 5.63358
-0.760771, 5.23896
0.364675, 1.71548
-0.804554, 0.537219
-0.335986, 1.36847
-0.862545, 4.66388
0.890725, 4.6518
0.80459, 0.752787
0.768168, 5.83806
-0.300329, 2.68618
0.798268, 4.95748
0.819192, 4.00993
-0.820798, 1.03622
0.556951, 3.55815
-0.548009, 0.655739
0.708337, 0.699211
-0.787475, 2.02148
-0.698678, 0.957606
0.709459, 2.09757
0.845372, 1.09083
0.396721, 1.00106
0.235662, 4.66478
-0.966946, 5.10325
-0.0730091, 4.06067
-0.320004, 6.08195
0.446094, 0.237105
-0.415017, 5.26166
0.945931, 5.51345
-0.428655, 0.634858
-0.828617, 5.15035
0.583828, 3.36163
0.703973, 5.4685
-0.605379, 0.200058
0.353798, 5.93611
-0.0363468, 0.480767
0.304135, 3.6002
-0.450329, 0.848629
-0.318943, 1.76437
-0.49986, 3.24872
-0.303097, 4.20136
0.968993, 4.75864
0.0678196, 4.82907
-0.170819, 6.2716
0.158944, 2.44913
0.259123, 0.347884
-0.737731, 0.789524
-0.611677, 0.273112
-0.560166, 6.05318
0.975612, 2.01798
-0.00884067, 1.27068
-0.844058, 0.444892
0.71627, 0.295922
0.753495, 2.2723
0.675576, 6.18854
0.993052, 1.14808
0.698969, 2.65481
-0.031864, 0.254822
-0.133657, 2.32312
0.210574, 5.40871
-0.526427, 1.14457
-0.557589, 3.23102
-0.823697, 4.89707
-0.264209, 4.35358
0.475804, 3.93332
0.26203, 2.60367
0.740213, 0.648346
0.507291, 3.84353
0.409213, 5.57326
0.0873416, 0.531216
-0.562202, 3.30287
-0.691595, 0.0158799
-0.122528, 2.47171
-0.67838, 3.36731
-0.708636, 5.41754
0.810113, 0.96143
0.393187, 3.83291
0.327293, 0.298831
-0.301074, 4.71472
-0.815454, 0.79189
-0.27503, 2.28501
-0.864781, 4.14848
0.535484, 4.22445
-0.546279, 5.62683
-0.859495, 4.40618
-0.540029, 2.14855
-0.506322, 0.863811
-0.825598, 4.38065
0.812833, 4.28527
0.833261, 2.05874
-0.685515, 2.59764
-0.83112, 2.42224
0.732518, 3.93983
-0.727583, 5.51161
-0.00971277, 0.699048
-0.813283, 3.22491
-0.488969, 0.659175
0.21218, 2.73423
0.480011, 4.49756
-0.89065, 4.99049
0.260692, 4.78434
-0.708248, 4.34245
-0.966966, 5.22421
-0.1493, 1.83812
0.729276, 2.65001
-0.977358, 2.25269
0.111185, 0.484764
0.976706, 0.564992
-0.207145, 6.06112
0.483864, 1.23567
-0.584654, 0.835763
-0.00977286, 3.38365
-0.328414, 1.02435
0.466826, 3.66253
0.906614, 4.28996
0.834321, 4.62015
-0.645468, 1.45796
0.941784, 2.11963
0.229888, 5.6537
-0.799323, 3.67512
0.748485, 4.7229
-0.0757987, 2.90152
-0.745838, 2.55085
0.944142, 1.15059
-0.942804, 4.8365
0.539416, 1.41746
-0.146167, 3.0433
-0.674639, 5.32453
-0.569571, 1.99338
-0.916792, 4.1135
0.154982, 2.37095
0.0949103, 1.27061
0.819766, 2.55943
0.979597, 4.0652
-0.0539537, 3.04411
0.602105, 3.55804
-0.942816, 5.87422
0.389756, 5.0462
-0.215549, 3.80545
-0.675705, 6.13456
0.148705, 1.78052
0.66892, 5.60787
0.811566, 2.42777
-0.68943, 5.27716
-0.87637, 1.86774
0.68912, 3.92974
-0.293206, 5.16901
0.865412, 5.7693
-0.610924, 4.68518
0.933867, 1.56089
-0.851603, 1.94029
0.529233, 3.73355
0.878689, 3.03017
-0.842458, 2.47752
0.42904, 1.49516
0.881994, 1.16888
-0.677113, 5.64249
-0.0993769, 3.48217
0.765329, 3.8718
0.556202, 5.16914
-0.997778, 2.38145
0.835902, 1.53838
-0.641475, 6.17289
0.807781, 4.52215
0.903353, 4.14762
-0.262128, 5.1603
-0.621383, 1.78886
-0.777034, 5.08205
-0.834444, 1.19045
0.24854, 2.22458
-0.372747, 4.24358
-0.188116, 4.8572
0.324136, 2.4552
-0.637817, 2.11477
-0.50907, 0.435612
0.279712, 3.11031
0.884802, 5.88088
0.0115723, 2.8696
0.986627, 1.29284
0.948905, 6.01817
0.935595, 1.46752
0.716689, 6.20223
-0.65806, 2.19651
-0.756414, 2.48679
0.963357, 6.07176
0.163132, 5.16164
0.360568, 0.768703
-0.501625, 5.1361
0.590556, 2.44553
-0.204084, 3.45363
0.0786689, 2.88319
-0.790146, 1.81554
-0.66965, 3.40971
0.812721, 0.921018
-0.205245, 0.600257
0.684336, 2.63854
0.259092, 6.22337
0.566833, 5.55672
-0.819529, 3.95734
0.305769, 1.37234
0.909304, 5.09387
0.924594, 4.07999
-0.145019, 0.546806
-0.563413, 6.04519
-0.648643, 5.97971
-0.935171, 4.37069
0.394434, 4.12639
-0.578186, 3.32269
0.756613, 2.62933
0.0317213, 5.31217
-0.526844, 1.36998
-0.128131, 3.50188
-0.968203, 4.63388
0.847477, 0.0762333
0.0831776, 3.70969
-0.657659, 1.51619
0.704533, 2.95298
-0.987141, 4.21087
0.174063, 3.70621
-0.137115, 2.40446
-0.652124, 6.25743
-0.391473, 1.86325
-0.625816, 1.88104
-0.74446, 4.43086
0.995226, 3.19241
0.45308, 5.77935
0.979866, 5.30041
-0.00891119, 4.51182
0.268103, 1.72893
0.00824492, 3.76794
-0.991158, 5.25846
-0.797364, 3.86144
-0.61659, 0.499454
-0.312728, 6.28075
0.825993, 3.8993
-0.969711, 3.40447
0.784363, 3.73548
-0.818762, 1.92767
-0.831295, 3.13037
-0.572404, 2.60028
-0.133238, 0.98994
-0.192524, 1.50328
0.262299, 1.54077
0.715384, 3.02004
-0.148419, 3.85356
0.319902, 0.0204121
-0.89111, 5.3621
-0.934174, 5.89327
0.355312, 1.83887
-0.499366, 1.15136
0.299355, 1.48248
-0.861673, 0.224852
0.579735, 4.46338
0.500733, 4.84821
-0.831965, 6.13236
0.428492, 6.20995
-0.476589, 4.39845
-0.477389, 5.49128
0.876151, 5.07291
-0.341636, 4.75833
-0.0104319, 3.51563
0.806641, 2.42472
0.0704821, 2.02206
-0.0316293, 0.892181
0.314391, 4.83784
-0.00244135, 5.20052
0.0800546, 0.313705
0.504928, 6.26993
-0.144886, 5.09391
-0.232201, 0.23874
0.794131, 3.58877
-0.764213, 3.85465
0.674599, 2.23995
0.553927, 5.35548
0.736124, 1.79761
0.881971, 3.37864
-0.589599, 4.26447
0.35302, 2.82987
0.287167, 2.10754
0.0576298, 0.594984
0.968001, 0.0295683
-0.591092, 5.20378
-0.293211, 4.01125
-0.446955, 5.85228
-0.319161, 5.23302
-0.416491, 0.255331
0.693731, 0.0408739
-0.866006, 6.10073
-0.912263, 4.8795
-0.956488, 4.90122
0.851185, 1.21428
0.867784, 6.22216
0.490904, 4.00472
0.828279, 1.99265
0.0828954, 3.71451
0.914575, 4.05598
-0.307836, 2.47208
-0.946044, 5.37007
-0.960021, 3.14928
-0.957722, 3.72585
0.0139817, 0.714575
0.292982, 1.22775
0.923699, 1.44855
0.926448, 2.28408
0.79148, 0.301686
-0.266952, 1.35148
-0.944731, 2.52066
0.666493, 2.24159
-0.900978, 4.18749
0.0724625, 2.26227
0.763264, 6.13705
0.712976, 0.226179
-0.875141, 1.29852
-0.000792332, 1.22358
0.771363, 0.975533
0.155019, 0.77702
0.731569, 0.0135341
0.104898, 5.07795
-0.499473, 5.25322
0.270023, 1.06816
-0.545352, 3.88478
-0.997476, 0.320376
-0.541557, 0.144009
0.918148, 4.59913
-0.4246, 3.19322
-0.608489, 6.17586
0.727356, 5.81864
0.3708, 4.66527
-0.0555895, 3.07662
-0.453674, 3.73
-0.564683, 3.39645
-0.798886, 0.339016
-0.30876, 5.71033
0.532795, 5.25335
-0.140947, 3.39442
0.312406, 6.22572
0.00740343, 4.85269
0.104671, 2.50162
0.2018, 2.0477
0.513809, 1.8018
0.698285, 5.00707
-0.65115, 3.14053
-0.955959, 0.823776
0.94185, 1.78694
-0.731509, 1.53629
-0.490396, 5.21979
0.546235, 5.29644
-0.353179, 1.80279
-0.809681, 3.11419
-0.682015, 5.95732
-0.912366, 0.528505
0.645322, 5.15394
-0.288825, 4.58767
-0.832395, 5.12867
0.293199, 2.15986
-0.698015, 2.12392
-0.14812, 6.26442
0.0803193, 2.02605
0.293298, 5.58016
-0.277087, 5.4639
-0.775915, 0.585029
-0.0649181, 2.25513
-0.676458, 3.4607
-0.775526, 5.31486
0.881544, 1.03733
-0.656543, 2.4651
-0.802736, 1.2391
0.487951, 1.91684
0.243377, 2.78388
-0.831708, 2.76197
-0.298639, 6.27668
0.920448, 0.691388
-0.170811, 5.18092
0.802005, 2.57182
0.492569, 2.48876
0.363977, 1.70994
0.293523, 1.72407
0.381917, 1.32444
-0.853569, 0.992673
0.705118, 3.17793
-0.896691, 3.25539
0.825588, 2.80111
-0.573074, 1.76864
0.528152, 5.27763
0.693854, 5.34527
-0.854456, 0.420358
0.723398, 2.97288
-0.820331, 5.87142
0.749151, 5.34622
-0.415424, 4.3903
0.391724, 4.78081
0.661179, 2.52454
-0.973804, 2.96431
-0.493091, 4.45165
0.829275, 1.59831
0.18778, 6.1643
-0.622995, 6.07944
0.83243, 6.23134
0.674038, 3.13732
-0.447203, 3.37481
0.816151, 2.36326
0.759111, 0.200417
-0.673356, 6.10799
0.598032, 2.37145
-0.702355, 2.66114
0.79488, 0.894524
-0.530863, 0.0598281
0.139094, 2.54285
-0.691924, 6.08187
-0.0429343, 3.11891
0.524769, 4.77488
0.996443, 3.5246
0.691043, 3.70113
-0.987426, 5.18611
-0.0070819, 4.05426
-0.407616, 2.71999
0.842879, 4.52677
-0.994992, 1.13327
0.205659, 4.56927
-0.836493, 4.08993
0.139526, 1.16096
0.285793, 1.16341
-0.580507, 1.86788
-0.333175, 4.42163
0.398784, 2.35091
-0.535757, 3.24304
0.926435, 1.27082
0.702052, 5.22933
-0.023264, 3.85762
-0.806772, 1.90689
0.022054, 2.64575
-0.424937, 0.204238
-0.994492, 0.999821
0.845511, 5.86303
-0.349684, 5.38225
-0.411024, 3.72574
-0.668894, 1.71772
0.413843, 0.703015
0.197689, 1.98283
-0.770396, 3.03156
-0.45221, 1.85138
-0.41383, 3.65639
0.891236, 2.85977
0.445819, 1.1335
-0.338493, 5.77797
0.0583333, 4.79488
0.435294, 1.76415
0.107493, 3.15738
0.921642, 4.78113
-0.564426, 0.2118
-0.579359, 0.8954
0.610644, 1.96008
0.427467, 3.38067
0.655691, 4.33724
0.426913, 6.21362
-0.951889, 4.14623
-0.864455, 5.15558
-0.765754, 5.71734
0.436661, 0.0399526
0.974178, 0.54145
0.906035, 0.0788134
0.688757, 2.89714
-0.940973, 1.05754
0.908469, 3.97124
-0.628275, 3.82787
-0.0650581, 0.499478
0.344766, 0.663742
0.931768, 4.97769
-0.160328, 6.17156
-0.0433691, 2.41316
0.575481, 3.03038
0.0256378, 3.6116
0.0463619, 0.611149
0.691454, 1.21904
0.376265, 2.76063
0.0594511, 4.2529
-0.869459, 5.45383
-0.372412, 2.4157
0.691921, 1.00474
-0.838923, 0.780131
-0.845667, 0.634936
0.135422, 1.26019
0.66563, 5.25926
-0.921569, 5.02959
-0.750164, 2.50119
-0.928412, 0.987251
0.666021, 1.21369
0.64953, 3.81661
-0.83555, 2.239
-0.54781, 2.79024
-0.777468, 0.70903
0.90805, 3.65888
-0.852628, 5.28269
0.877119, 5.19433
0.812542, 1.22923
-0.255635, 2.43833
-0.39008, 3.20368
0.991695, 1.81754
0.367505, 2.14413
0.996621, 2.93839
0.944419, 2.52133
0.850459, 6.14582
0.97411, 4.75188
-0.952235, 6.00883
0.470356, 5.38997
-0.706901, 0.463832
0.618518, 1.74568
-0.549177, 4.38987
0.621051, 0.477177
-0.967006, 3.26569
-0.973401, 4.3999
0.432107, 2.78872
-0.925568, 3.0798
-0.532302, 0.12795
-0.156472, 4.10729
0.922478, 5.64632
0.766737, 1.00796
-0.962687, 1.01479
-0.710313, 5.31646
0.727428, 5.65576
0.779185, 4.92277
0.2871, 2.4422
0.601764, 0.0195205
-0.103511, 4.84094
0.301614, 4.56907
-0.996975, 0.906314
-0.386155, 0.765066
0.129461, 5.70647
0.271246, 3.87148
0.37083, 5.79224
0.251167, 1.24451
0.446282, 3.87784
0.844549, 2.89249
0.782444, 0.779786
-0.507701, 0.288795
0.215805, 0.985609
-0.764309, 5.32403
0.189937, 3.27519
-0.824317, 1.9374
-0.675036, 3.61158
-0.960426, 1.92034
-0.837949, 1.8497
-0.506482, 3.50231
-0.66647, 2.47187
0.604864, 2.59447
-0.91439, 3.19066
0.968676, 4.51882
0.491563, 0.00906247
0.465535, 3.45108
-0.890987, 3.68471
0.372071, 1.27356
-0.178531, 1.96637
-0.785258, 2.69019
-0.712196, 2.52481
-0.376212, 1.9281
0.527152, 6.09457
-0.83389, 6.18309
-0.50914, 4.95209
-0.302251, 3.68411
-0.817902, 2.37633
0.748224, 4.04262
0.851489, 0.940188
-0.723106, 1.76899
-0.668469, 5.32847
-0.762883, 2.83944
0.96727, 1.74565
0.826942, 6.20053
-0.448256, 0.0648478
0.83002, 4.71985
-0.909187, 3.14909
0.726794, 5.84987
0.663156, 3.55329
0.881607, 4.25822
0.853375, 2.75107
0.348565, 6.04829
-0.679635, 3.90412
-0.228006, 5.58994
-0.281052, 2.07985
-0.408681, 3.75204
-0.83975, 2.32968
0.458213, 5.41511
0.370911, 0.703373
-0.29223, 0.514068
-0.514281, 6.11735
0.56963, 2.22742
0.717033, 2.41225
0.910162, 4.72133
-0.839425, 5.88415
0.63937, 0.562865
0.339625, 5.60452
-0.459452, 2.73901
0.207613, 5.44922
0.99694, 2.09909
0.00844227, 5.91108
0.63413, 3.98822
0.906187, 0.512479
0.884103, 3.80489
0.930736, 4.54186
0.572768, 1.53392
-0.698944, 0.764022
-0.566982, 5.56627
0.0927909, 0.183573
-0.501421, 5.33142
0.868421, 2.49889
0.672842, 4.13872
0.640835, 0.0950922
-0.385511, 6.2579
-0.692418, 5.0156
0.968646, 1.28682
0.170296, 4.41676
-0.447233, 1.52872
-0.632288, 3.96863
0.637077, 2.72695
0.901915, 4.675
0.498101, 2.01223
-0.157409, 5.59744
0.0556302, 2.73427
-0.280143, 3.79426
0.171184, 1.60109
-0.418465, 5.6792
-0.572856, 2.62415
-0.806392, 3.31548
-0.416921, 0.271507
0.160544, 5.59331
-0.568176, 5.50763
0.826582, 5.50104
0.950795, 3.51881
-0.86781, 5.84908
0.455574, 0.381242
0.303972, 0.637576
-0.131746, 5.81387
0.115722, 2.82578
0.952222, 6.02213
0.394222, 0.609481
-0.657619, 4.2453
0.940115, 1.75376
-0.552934, 5.20799
-0.0364491, 5.89942
-0.434546, 5.50599
0.946261, 3.24099
0.896315, 4.88111
0.801949, 2.52794
0.465889, 2.69547
-0.630267, 0.125843
-0.75371, 0.00667836
0.274127, 2.04232
-0.888116, 1.14387
-0.0905338, 5.90434
0.0867396, 1.67543
-0.112715, 4.8018
0.462125, 5.80151
0.835294, 1.90829
0.299974, 5.51625
-0.98492, 4.3099
-0.752183, 1.96041
-0.862969, 4.1056
-0.815521, 5.49948
0.335797, 4.23612
0.22033, 4.40312
0.915183, 5.28677
-0.506762, 0.575631
-0.372782, 5.40009
-0.0172106, 5.42838
0.880285, 2.21165
0.859634, 4.3359
0.530557, 0.69702
0.832077, 5.34065
-0.0298866, 4.47808
0.431502, 4.69275
-0.274001, 0.717717
0.401344, 5.75504
0.823982, 3.74633
-0.374477, 6.26969
0.658735, 4.95555
0.529211, 1.20044
-0.992581, 2.77267
0.993678, 1.18925
0.649661, 0.0167999
-0.0521714, 3.44439
0.669366, 1.22158
0.52866, 1.56685
-0.234836, 0.528887
-0.250353, 1.9764
0.375244, 1.92636
-0.0349823, 5.30078
0.627405, 1.38818
0.00245606, 0.660525
-0.753852, 0.192829
-0.444296, 3.50164
0.630717, 3.58568
0.671428, 4.37927
0.515977, 2.73975
0.650541, 5.12909
0.891057, 2.27883
0.622665, 1.92063
0.984766, 3.18138
-0.147734, 1.08795
-0.106592, 4.87984
-0.215112, 4.34675
0.083739, 1.74786
0.692973, 4.26669
0.111732, 5.98513
-0.811498, 3.01488
-0.848098, 6.1874
0.855631, 1.12697
-0.90961, 4.05632
0.139914, 1.39941
-0.947426, 4.13427
-0.222071, 1.39757
-0.111737, 1.74097
-0.110757, 4.80919
-0.300757, 5.72268
-0.636898, 5.90284
-0.830603, 6.20277
0.787267, 5.53239
-0.0919391, 3.40586
-0.554609, 3.22987
0.597695, 2.82324
0.527973, 4.32103
-0.0019698, 2.22419
-0.101306, 2.45725
-0.262364, 2.59868
0.318509, 2.35723
-0.628889, 1.76355
0.378968, 4.78407
-0.144461, 5.48898
-0.937703, 5.86043
0.0495535, 3.6123
-0.984372, 5.90269
-0.299304, 3.25834
-0.913051, 1.12048
0.335295, 1.89515
0.411596, 0.855147
0.425246, 5.37023
-0.50471, 3.94196
-0.675089, 3.03111
0.815874, 2.39222
-0.872289, 3.46065
-0.35116, 6.09049
-0.792615, 2.25845
0.244976, 6.16
-0.104645, 5.59661
0.202012, 3.73678
-0.620792, 0.969592
0.671291, 2.80181
-0.750436, 0.80431
-0.0852726, 2.27343
-0.712809, 4.7439
0.261799, 3.93304
-0.370792, 0.718439
-0.476868, 0.106696
0.613295, 1.33869
-0.913982, 1.52075
0.377333, 3.93905
0.78019, 3.94327
0.975739, 5.73905
-0.366279, 4.43953
0.154731, 4.91018
0.354504, 2.66368
0.536338, 2.46176
-0.430615, 5.86632
-0.680434, 3.75216
-0.787041, 0.878065
-0.831811, 4.91803
-0.505233, 1.45267
-0.572068, 3.9351
-0.331485, 0.474446
0.296295, 4.68024
0.59212, 4.18296
0.593539, 0.255523
0.262846, 5.38717
0.964287, 1.34173
-0.832941, 4.95784
0.680356, 0.485049
-0.586428, 6.2682
-0.944435, 3.26182
0.334533, 5.23932
-0.335944, 4.36724
-0.974911, 0.0450425
0.0795262, 1.33539
0.956479, 0.606834
0.46082, 1.47788
-0.14568, 0.525424
0.128609, 4.20946
0.486044, 3.97027
0.951654, 5.61573
0.692339, 3.01185
-0.746706, 3.3236
-0.966703, 3.13595
0.615097, 4.29314
0.190748, 4.89634
0.0854465, 2.88841
0.742848, 3.11585
0.400732, 2.40137
-0.895279, 0.835017
-0.865719, 4.44635
0.103867, 5.32479
0.889778, 5.99654
0.905142, 4.47504
-0.425052, 1.29849
0.61287, 4.50918
0.219681, 2.43874
-0.985007, 5.71169
-0.72242, 4.11415
0.97433, 1.1136
0.949652, 0.456119
0.246699, 3.30487
-0.319242, 4.40182
0.190845, 0.498955
-0.676843, 0.143471
-0.255498, 4.85015
0.650333, 5.46609
0.393068, 2.80237
0.742203, 5.14952
0.41965, 2.30164
-0.573091, 2.32398
-0.747714, 4.55938
-0.606428, 0.584641
0.0345978, 0.0629736
0.731267, 2.87546
0.958996, 2.84711
-0.529224, 3.02223
0.845503, 4.97403
-0.113275, 4.32379
-0.68239, 0.916591
0.510763, 2.79662
0.136617, 4.63318
-0.812873, 0.764557
0.913758, 1.49993
0.869598, 3.35679
-0.580528, 3.49874
0.990493, 4.99547
0.898058, 1.47569
0.806184, 2.47583
-0.0403835, 5.65519
0.235307, 2.06968
-0.00898254, 4.0686
-0.907436, 3.31068
-0.0668205, 3.79607
0.613864, 2.42107
-0.754293, 5.48255
-0.846014, 5.13259
0.828429, 5.08078
-0.0692524, 4.19774
-0.805329, 4.8053
-0.023005, 4.83886
-0.405602, 1.62237
-0.837374, 5.09867
0.468099, 3.3991
0.72894, 2.294
-0.521327, 4.369
-0.847956, 0.584425
-0.992646, 3.45272
-0.940143, 3.90516
-0.995643, 3.17401
0.573686, 6.05397
0.0169443, 5.05822
-0.796007, 1.65098
-0.354622, 5.76502
0.174554, 5.49389
-0.791504, 3.8491
-0.883872, 2.7002
-0.719717, 3.45597
0.968775, 5.1264
0.843916, 5.37708
0.871033, 2.99821
-0.470013, 5.77111
-0.886421, 2.38325
-0.60896, 3.09836
0.831362, 0.0970255
0.532923, 1.86486
-0.886629, 1.46184
-0.908385, 2.00744
0.863616, 0.604355
0.31321, 0.591855
0.000820607, 3.689
0.792428, 4.51206
-0.892602, 0.857098
0.58585, 5.5854
0.834315, 4.84845
0.863184, 1.9178
0.982727, 5.24941
-0.0978762, 2.49442
-0.954502, 1.59854
0.898773, 1.19856
-0.507697, 4.92127
0.876267, 0.202925
0.743005, 5.68753
0.801248, 3.33507
-0.482948, 2.79236
0.0678832, 2.62237
0.964644, 1.92643
0.964009, 3.92497
-0.946128, 2.21697
-0.519394, 0.897793
-0.390316, 0.302427
0.508661, 0.158101
-0.496539, 0.0511737
-0.419876, 0.338303
0.872007, 3.5923
0.362747, 3.77889
0.933804, 3.67358
-0.738443, 4.39527
-0.974593, 4.39094
-0.410066, 4.61872
-0.8931, 3.08832
0.0475979, 1.13252
-0.971802, 0.796968
0.717359, 2.58699
0.505269, 3.7416
-0.658917, 2.19688
-0.792185, 1.84428
-0.849757, 0.448452
-0.00858087, 5.10479
0.167291, 5.70321
0.639907, 1.85558
0.801984, 6.05829
-0.0912624, 5.54698
-0.288585, 5.9111
-0.84027, 0.137874
-0.461305, 4.2056
-0.849593, 2.02345
0.00564364, 3.78409
0.893442, 1.46899
-0.654769, 1.65904
0.218663, 5.74452
0.621692, 5.29245
0.742833, 1.99482
-0.920443, 2.80404
-0.642574, 3.60814
0.527478, 0.673342
0.72309, 2.15206
-0.0281645, 4.67875
0.225529, 1.4193
0.390643, 5.21417
-0.317953, 0.855938
-0.738727, 6.01083
0.778209, 0.605202
-0.698381, 5.7295
-0.157389, 4.1398
-0.850802, 0.0328466
-0.367671, 1.49741
-0.651298, 2.39121
0.138107, 3.74024
0.441559, 2.6654
0.331187, 2.90628
0.660237, 1.64569
-0.817438, 5.17321
-0.715643, 0.114648
0.898581, 1.11559
0.884594, 4.38193
-0.854888, 3.70641
0.554565, 0.0967012
-0.142154, 5.05964
0.719992, 4.53391
0.807974, 0.395778
0.963248, 1.64044
0.7762, 0.63513
-0.567415, 5.50106
-0.487405, 4.11506
0.151663, 3.84714
-0.174982, 2.30917
-0.213769, 5.62998
0.764314, 5.83413
0.899853, 0.0375555
-0.965038, 0.0955777
0.366895, 2.45278
-0.758268, 5.12193
0.119472, 1.45949
-0.563112, 0.943859
0.878627, 4.7777
0.415065, 5.10515
0.446042, 3.02556
-0.351214, 2.79552
0.661868, 2.64674
-0.324668, 1.88681
-0.826483, 5.59608
0.28201, 0.216692
-0.158409, 1.95046
0.755393, 1.88198
0.0292884, 1.58007
-0.128018, 4.99661
-0.705007, 1.52698
0.571038, 0.25474
-0.507042, 4.13215
0.755352, 0.626383
-0.766606, 1.34845
0.221709, 4.70514
0.341068, 0.105769
-0.232596, 1.54541
-0.109096, 1.02925
0.73091, 2.98504
0.138298, 0.144701
-0.562561, 1.26704
-0.451689, 3.81578
0.0093918, 4.95449
-0.649999, 4.18964
-0.628433, 5.81783
0.759932, 4.98007
0.201246, 4.90931
-0.6185, 5.51348
-0.3586, 3.96167
0.854281, 3.19668
0.734557, 5.69186
-0.651586, 5.93824
0.609826, 4.54498
0.764911, 0.111396
0.163934, 0.641179
-0.516632, 0.765531
0.467664, 5.14752
0.247297, 0.628539
0.60273, 6.0409
-0.602604, 5.4914
0.952439, 1.27169
0.888715, 0.0211087
0.616257, 4.82792
-0.815904, 4.56639
-0.614257, 4.88797
0.100579, 5.37686
0.982205, 4.85381
0.662776, 2.8338
-0.0557042, 3.95524
0.250929, 4.34724
0.294172, 1.41853
0.553527, 5.2101
-0.0808468, 5.44808
-0.402471, 1.5561
-0.694339, 6.17671
-0.435242, 1.77449
-0.661838, 5.07228
-0.00890142, 2.51435
-0.773015, 3.46049
-0.982192, 0.23866
0.789955, 0.953847
0.926182, 5.72658
-0.139733, 1.40848
-0.43248, 2.78023
-0.95666, 3.8203
0.828334, 0.514163
0.315673, 0.492912
0.77038, 4.60281
0.0171162, 0.191214
-0.849823, 0.846346
0.803727, 3.48317
0.724147, 1.53982
0.624295, 6.0268
-0.928825, 3.21937
0.449785, 2.246
-0.737574, 2.94725
-0.478477, 3.72119
0.834636, 5.96399
-0.543589, 4.32513
0.822202, 2.18346
-0.658236, 4.14467
0.213086, 5.2325
0.913676, 1.64333
-0.826087, 0.494261
0.977578, 2.30889
-0.144122, 4.34392
0.71094, 0.483652
-0.954221, 5.13502
-0.386912, 5.12201
-0.861251, 5.86504
-0.719086, 3.49531
0.629103, 0.824766
-0.473293, 5.34552
-0.146918, 0.212934
-0.993577, 5.61927
-0.783513, 3.66829
0.972492, 3.98913
-0.635761, 3.23205
-0.616686, 5.19825
-0.907575, 4.76636
0.148417, 0.736201
0.934233, 3.16735
0.836858, 4.15957
0.702285, 0.757371
0.138008, 0.532239
-0.334859, 5.08575
-0.611591, 6.04373
0.186948, 5.56586
0.62811, 2.44057
-0.961177, 5.98685
-0.735211, 6.16692
0.280818, 2.07766
0.348142, 5.83934
-0.829094, 3.01521
0.740628, 3.00205
0.917272, 4.93415
-0.56098, 0.532901
0.0903536, 0.118817
0.452684, 2.79163
0.984329, 5.02097
0.914227, 0.783806
0.766524, 2.82666
-0.36938, 1.7585
0.30179, 5.25766
0.621194, 1.47279
0.520623, 4.32587
0.42141, 6.1534
0.813806, 2.94899
0.775574, 1.3034
-0.114654, 1.06004
-0.94176, 3.72343
-0.570742, 0.179457
-0.378025, 1.17458
-0.652962, 3.09139
0.724497, 0.173893
-0.188734, 1.63995
0.612084, 3.12079
0.576469, 2.21998
-0.688989, 3.23945
-0.110004, 1.96232
0.536812, 6.14271
-0.418975, 1.88008
-0.448859, 2.61713
-0.189117, 0.379353
0.741666, 3.95405
0.710739, 2.22517
-0.993423, 0.683533
-0.477874, 0.168471
-0.407823, 0.770848
-0.638575, 1.25678
0.215619, 5.21094
0.615942, 2.36718
0.439257, 4.9095
-0.852161, 0.818717
0.532559, 5.165
-0.902057, 0.178722
-0.788291, 5.36547
0.242258, 1.42512
0.145503, 6.08185
-0.462214, 4.79581
0.918497, 1.43644
0.842437, 5.52423
0.692608, 1.59312
0.857268, 1.6829
0.505007, 1.69646
-0.770345, 5.03957
-0.425999, 0.380549
0.746014, 2.01143
0.0781123, 2.51563
0.242315, 0.155859
-0.648937, 2.75378
0.494515, 1.57885
-0.165948, 3.06154
0.753806, 1.44082
0.763261, 2.16492
0.224283, 4.5914
0.812979, 3.28683
0.53818, 1.87158
-0.0450986, 4.43037
0.547173, 4.97843
-0.598404, 2.5168
-0.991662, 5.94953
-0.76244, 1.12027
0.882026, 0.797368
0.882162, 2.38735
0.758674, 1.20694
0.901955, 5.98132
-0.161824, 2.59661
0.447954, 3.13962
-0.999919, 0.673781
0.532612, 4.59895
0.110391, 1.91605
-0.0198286, 5.83107
0.977419, 5.58853
0.616318, 0.642236
-0.9742, 2.29968
0.419746, 4.52707
-0.43993, 2.8065
-0.349631, 1.99798
0.00853278, 2.8364
-0.897496, 2.77589
0.602059, 0.793106
-0.352772, 4.34317
0.827152, 2.26598
0.601692, 3.8738
0.631674, 2.6994
-0.669631, 1.41466
0.135943, 0.385977
0.677534, 3.49546
-0.224871, 0.499415
0.846383, 5.20924
-0.735827, 4.89065
-0.96216, 5.39898
0.578728, 2.96163
0.675258, 5.77979
-0.0348316, 4.669
-0.107015, 4.76628
0.510589, 5.82524
0.245931, 2.85581
-0.911357, 1.51275
-0.624363, 1.78945
0.740947, 4.43321
-0.181113, 5.3158
0.854805, 2.65319
0.703582, 1.26751
-0.387617, 3.72519
0.444544, 5.93927
-0.853485, 1.2196
-0.689844, 2.62589
0.0974352, 3.70806
-0.636054, 1.57757
0.966583, 2.13131
0.218509, 5.06874
0.760962, 2.38632
-0.393966, 4.03064
0.970038, 3.04576
0.793267, 2.08539
0.466705, 5.95212
0.801132, 3.76228
-0.809601, 4.95541
0.947453, 5.28013
0.984368, 2.5935
-0.577978, 6.18347
0.303707, 5.89197
0.995336, 1.18539
-0.925898, 5.24756
0.589894, 5.59042
0.575937, 6.19705
-0.456184, 1.17941
0.318912, 1.31592
9.85155e-05, 4.435
0.459852, 1.27183
0.367911, 2.247
-0.575658, 3.11969
0.829648, 5.07822
0.6403, 0.847653
-0.604612, 0.2655
0.786867, 4.60791
0.333542, 3.58818
-0.491213, 6.03827
0.843051, 6.11137
-0.597888, 3.97138
-0.940545, 0.163132
-0.977404, 6.26887
-0.954938, 2.38244
0.316862, 0.0535205
0.485763, 1.09797
-0.57988, 5.2117
-0.190216, 3.99283
0.533717, 2.56774
-0.424277, 3.95721
0.150974, 0.245588
0.990347, 5.9694
-0.911353, 1.09454
-0.144322, 2.13496
-0.906674, 5.25857
-0.725115, 0.0540677
0.7208, 0.00536235
0.893278, 4.52638
0.507682, 3.50651
0.719265, 0.822298
-0.291826, 4.99531
-0.618256, 3.62226
0.631999, 3.77522
-0.632466, 4.19766
-0.843518, 1.24585
-0.0261385, 2.96418
-0.81642, 3.98861
-0.731429, 4.35962
-0.206007, 2.79391
-0.738105, 2.86055
0.864582, 5.44273
-0.355742, 0.985774
-0.171271, 4.95434
-0.665745, 3.09627
0.838561, 1.17284
-0.0698867, 1.29083
-0.703226, 0.506736
0.803424, 3.40763
-0.715213, 4.15151
0.228016, 5.84389
-0.886063, 0.645048
0.159467, 1.26323
0.456969, 0.635918
-0.848474, 1.99523
-0.988016, 5.77367
-0.586674, 3.91371
0.601539, 5.11272
0.623471, 0.013122
-0.878574, 4.99437
0.799913, 5.31923
0.680836, 1.01871
0.169891, 3.25209
0.654547, 0.888281
-0.23363, 1.11634
0.458165, 5.07809
-0.131376, 4.22294
0.0881315, 2.58131
-0.213364, 4.52972
0.566992, 4.49504
-0.488191, 1.71217
-0.540442, 2.45762
0.0891226, 2.0944
-0.553836, 5.6365
-0.0248737, 2.26563
0.851435, 4.63501
0.309525, 6.22231
0.49142, 1.09297
-0.168544, 4.36294
0.842983, 2.06551
0.81686, 2.8552
-0.211829, 3.23296
-0.144124, 2.36288
0.252132, 0.924253
-0.715885, 0.0350345
-0.131719, 3.20673
-0.88817, 5.18175
-0.021956, 1.64345
-0.242166, 2.10285
-0.883478, 1.03474
-0.896391, 4.75586
-0.704009, 5.79101
0.266436, 3.32869
0.177971, 5.28481
-0.470902, 2.15346
-0.587683, 0.831055
0.914135, 0.296097
0.033379, 3.65163
0.800617, 5.15083
0.927331, 0.309247
-0.88355, 5.65094
0.880501, 5.81493
-0.29552, 4.87368
0.512883, 3.79109
-0.427504, 4.76255
0.781198, 4.94018
0.321837, 2.36009
0.589564, 2.38361
0.557986, 3.44949
0.999319, 5.00771
-0.0348196, 3.91657
0.375645, 6.01246
-0.558988, 3.52248
-0.917334, 1.21111
-0.408361, 6.24651
-0.953092, 1.16276
-0.871394, 0.298046
-0.687535, 4.26042
0.27807, 3.72488
0.679132, 5.14623
0.275218, 4.68171
-0.997112, 1.60176
0.235371, 4.20229
0.95028, 3.29452
-0.218063, 3.98118
0.877565, 4.3723
0.695831, 4.40794
-0.0897975, 1.28758
-0.66033, 0.560913
0.190227, 6.17119
0.895184, 3.41095
0.451777, 3.42823
-0.569221, 2.63395
0.364269, 5.32522
-0.247248, 5.08516
-0.935516, 3.83538
0.87406, 1.35084
-0.465664, 1.51994
-0.714539, 3.33248
0.705513, 3.63416
-0.13748, 2.07777
-0.907236, 4.14598
-0.206009, 2.65909
0.636032, 4.96589
0.244512, 3.49566
0.289138, 1.76632
0.927741, 4.29494
-0.653177, 1.54543
-0.463777, 0.697568
0.662705, 5.37511
-0.55232, 3.25617
-0.575574, 6.10508
-0.901085, 2.71947
0.682015, 3.27446
0.65961, 3.55679
0.849089, 5.96436
0.586131, 4.62252
0.617143, 1.13301
-0.728267, 0.455457
0.284024, 1.22932
-0.866755, 3.29647
-0.771553, 0.162193
0.958252, 4.86262
0.648755, 2.02897
-0.523958, 6.2689
-0.799189, 2.27763
-0.00812081, 2.60002
0.338644, 1.80145
0.949383, 2.22786
-0.577972, 0.522523
-0.176623, 5.38389
-0.757565, 1.73762
0.953974, 3.80905
0.230105, 3.6977
-0.32036, 5.79639
-0.67939, 0.0796072
-0.553934, 1.2336
-0.286807, 4.5848
0.438858, 0.360906
0.403576, 4.00953
0.441483, 3.14347
-0.979082, 1.20956
-0.89085, 5.53363
0.467389, 0.07299
-0.880049, 3.91867
-0.373072, 5.59094
-0.609796, 2.50117
-0.615005, 4.23852
0.655817, 4.05642
-0.88864, 6.1068
0.296602, 4.48125
0.769483, 4.15718
0.960228, 5.89885
0.795605, 2.84681
-0.758863, 2.06725
-0.0367806, 4.49449
-0.260909, 1.14123
-0.454128, 5.42032
-0.932384, 4.74967
-0.0842845, 0.349302
0.767279, 3.05524
-0.66988, 4.1747
-0.793366, 4.58718
-0.355254, 5.03062
0.846443, 4.2605
0.989727, 1.42224
-0.748436, 4.00905
-0.546911, 2.41086
-0.850498, 5.31772
-0.865436, 3.42565
0.977094, 4.56994
0.348625, 0.217597
0.806321, 0.318666
0.93669, 2.89024
-0.87926, 0.087489
-0.741904, 3.33881
0.016028, 3.93396
-0.598885, 5.0922
-0.536332, 3.40216
0.461994, 0.414271
0.706617, 1.37331
0.678451, 4.36348
0.357818, 5.7428
-0.672791, 0.410259
0.982732, 4.22284
-0.394924, 5.06384
-0.0192001, 0.523357
-0.574711, 4.42612
-0.573753, 6.11601
0.490872, 6.15549
0.792713, 0.951119
-0.126581, 5.84608
-0.195223, 5.61172
0.0611333, 5.60444
0.82908, 3.88209
0.747149, 2.72286
-0.595974, 0.684917
-0.273713, 1.81594
-0.113914, 1.12349
0.58822, 3.30464
-0.258138, 5.164
-0.820808, 1.4391
-0.288747, 3.41134
0.0665853, 0.0156462
-0.352966, 0.109255
-0.636872, 5.52002
0.716076, 0.98047
-0.61193, 5.82403
0.813557, 3.55396
0.522833, 2.4716
0.586118, 4.37907
0.511829, 0.724939
-0.201554, 5.70348
0.933032, 0.244556
0.487049, 3.39682
0.211435, 1.84961
-0.589981, 3.94338
-0.376781, 1.20491
0.933553, 6.00129
0.0885832, 0.505002
-0.244137, 1.07668
0.452609, 2.22779
0.0824814, 0.0810197
-0.901929, 3.39935
-0.896127, 5.28331
-0.911836, 4.80713
0.528233, 5.66028
-0.826971, 6.03894
-0.327369, 2.61118
-0.459332, 5.71342
0.509878, 1.05229
0.416864, 3.72149
0.930921, 0.821294
-0.787736, 1.98982
0.874237, 5.40423
-0.901207, 1.87383
0.851573, 3.611
-0.543739, 5.42226
0.769392, 6.27309
-0.884608, 2.1088
0.113189, 3.91451
-0.143902, 1.34548
-0.305688, 3.86432
-0.836444, 4.71874
0.851142, 4.76578
0.725389, 0.0384736
-0.125321, 5.39564
0.104502, 2.44252
-0.444902, 5.23464
0.0349252, 2.57925
0.407719, 4.28318
0.768052, 1.17441
0.738568, 5.91437
0.37922, 1.03228
0.841783, 0.459385
-0.978432, 1.19028
-0.475063, 4.42889
0.281504, 0.890449
-0.571197, 4.23494
0.203517, 2.19277
-0.96732, 2.48778
-0.383507, 2.21564
-0.133873, 2.10889
-0.950883, 2.97515
-0.879937, 5.00744
-0.383361, 0.971944
0.727364, 3.15429
0.475655, 3.08256
0.963692, 1.58074
-0.94758, 0.493005
0.935, 6.19857
-0.307142, 4.62585
-0.515997, 0.315816
-0.748918, 5.03471
-0.995008, 5.40295
-0.249318, 3.91187
0.64109, 0.633641
-0.429144, 5.12549
-0.600131, 4.21605
0.359057, 1.11114
-0.121904, 3.73331
0.793071, 2.59752
0.60283, 0.440276
-0.672996, 4.61905
0.852193, 4.61075
-0.278727, 5.67298
0.828389, 3.98645
0.84039, 2.7151
0.509275, 2.5959
-0.635571, 4.28448
-0.677722, 5.78153
-0.684357, 5.59947
0.794336, 4.29782
0.107819, 1.26723
-0.488401, 4.85444
0.347927, 0.910981
0.0817486, 4.05088
-0.95624, 0.0663959
-0.913282, 5.27263
-0.920728, 4.83893
0.429769, 2.43119
-0.847343, 1.33819
0.704889, 5.04339
0.292035, 0.710576
0.520809, 2.13665
0.814838, 5.72209
0.587073, 3.62808
0.947685, 5.33899
-0.53483, 5.06801
-0.186063, 1.24907
0.870885, 4.43852
0.377861, 3.93985
0.101863, 0.153698
0.18882, 6.12808
0.303419, 5.20782
0.675834, 2.6109
-0.766298, 3.41682
-0.641518, 4.06871
0.25002, 4.47766
0.0634751, 5.57942
-0.81442, 1.75738
-0.720695, 1.18705
0.195525, 4.40837
0.249667, 5.09088
-0.4258, 0.168629
-0.180492, 4.29238
0.432812, 5.39034
0.376223, 3.74019
-0.942098, 2.34242
0.843461, 1.15846
-0.730854, 5.32302
-0.953558, 3.86038
0.847294, 2.66059
-0.819106, 3.01829
-0.607815, 2.30236
0.603051, 5.37066
-0.370016, 2.85487
0.178449, 6.21623
0.783678, 1.87095
0.356235, 4.24664
-0.044931, 4.72141
0.253503, 1.41713
0.214633, 2.47222
0.415518, 4.72965
0.688541, 3.95738
-0.855946, 4.91012
-0.0387371, 2.00121
-0.698565, 0.0542928
0.784268, 3.55934
0.150372, 5.18507
0.855511, 2.51247
0.940977, 2.78032
-0.676862, 0.727178
0.841443, 0.925528
0.0175579, 0.13128
0.843343, 4.9182
-0.466581, 0.0046239
-0.841541, 1.61588
0.895916, 3.73284
-0.205408, 0.802505
-0.12144, 6.1535
0.941608, 2.85314
0.447829, 3.08767
-0.257634, 2.75563
0.614922, 3.70267
0.959269, 3.56874
0.606865, 0.507188
0.91104, 0.784529
0.285297, 1.43584
0.490246, 0.645427
0.735364, 5.1891
-0.584506, 5.6192
-0.360176, 5.58687
0.557346, 1.80838
0.816477, 6.1612
-0.412187, 0.180385
0.71519, 5.01427
0.709186, 5.25434
0.029408, 5.41392
0.407732, 5.81821
-0.804806, 1.67172
-0.618076, 1.73197
-0.508123, 3.13848
-0.386234, 3.43963
-0.756114, 1.13505
-0.0222868, 6.25759
-0.531822, 0.327007
0.850063, 0.553741
0.507497, 2.99244
-0.0691454, 3.1222
-0.100909, 3.53719
0.714707, 0.158782
0.76482, 3.42874
-0.897379, 5.28069
-0.190956, 4.93366
0.449772, 6.04817
-0.714672, 3.61401
-0.89166, 2.29711
0.516604, 3.27635
0.348252, 3.442
0.692811, 1.9926
-0.387218, 1.39169
-0.246317, 1.74521
0.166073, 1.47689
-0.358144, 2.33219
-0.482491, 5.79604
0.270164, 1.50153
-0.911595, 2.51465
-0.418443, 0.965085
0.0839158, 1.01022
-0.866948, 2.21385
0.992837, 2.22638
0.697575, 1.02818
-0.483295, 3.85857
-0.446304, 5.85559
-0.277899, 4.75994
0.803923, 0.955743
-0.427238, 0.711474
-0.096006, 4.16312
0.0502765, 5.05985
-0.500371, 1.72107
-0.192045, 2.67166
0.0159872, 0.955641
0.290032, 2.31791
-0.73574, 3.79778
-0.322019, 1.93286
0.675956, 5.86163
0.861217, 2.33171
-0.505943, 4.71707
-0.580145, 3.82977
-0.139957, 2.33387
-0.882561, 0.662371
-0.0648135, 0.153489
-0.173738, 4.05356
-0.779582, 1.68256
-0.314285, 5.82795
-0.78528, 0.622607
-0.100065, 5.64102
-0.732948, 1.84993
0.562597, 4.32452
0.838437, 1.88527
-0.970112, 5.47219
0.769055, 5.3906
0.9719, 3.77626
-0.893613, 4.83581
0.898229, 0.517245
-0.450225, 4.65856
0.901709, 2.99544
-0.881249, 1.13522
0.615787, 2.23738
-0.878168, 4.13424
-0.964998, 0.785983
-0.150285, 5.40887
0.695038, 3.35516
0.350674, 5.13482
0.768842, 4.33186
0.93603, 5.82064
0.218832, 5.47792
0.626162, 3.4734
-0.0397567, 4.62713
0.712892, 3.56344
0.431517, 1.56509
0.943478, 5.75441
0.514199, 3.78667
0.835487, 6.12613
0.797296, 6.01309
-0.075622, 2.03165
-0.160628, 1.98364
0.743998, 2.63219
-0.0173022, 1.5777
0.589066, 5.60371
-0.84745, 1.32678
-0.233167, 5.97209
0.374292, 4.53843
-0.403747, 3.34541
0.85743, 2.82487
-0.128935, 2.32665
0.935568, 5.99718
0.159804, 0.260097
-0.661063, 4.81325
-0.250898, 2.97697
0.666968, 0.126699
-0.917218, 4.27645
-0.695815, 2.33883
-0.587797, 5.99099
0.681107, 1.78568
-0.0155185, 2.98838
0.622095, 5.6369
0.196141, 3.06314
0.904245, 3.1743
-0.545648, 2.79993
0.819668, 2.90244
-0.198852, 0.797035
-0.425439, 4.69541
0.483155, 4.26576
0.287975, 3.46129
-0.756548, 5.78063
0.673683, 5.27645
-0.036013, 5.56193
0.29441, 4.72097
0.627461, 3.11188
-0.812107, 2.50107
-0.735355, 3.347
0.935782, 4.65045
-0.546906, 5.77753
-0.743877, 3.85547
0.869968, 3.15664
-0.96018, 3.09713
-0.627587, 3.0269
-0.182946, 2.79621
0.800025, 1.24607
0.272768, 2.18602
0.582341, 0.619056
-0.968391, 3.34688
0.640652, 0.165759
-0.647171, 5.37369
0.711688, 0.890623
-0.368379, 4.18126
0.256114, 4.01271
0.643411, 2.63521
0.765215, 4.89111
-0.982483, 2.09328
-0.147245, 4.5654
0.588529, 5.29573
-0.910669, 1.95979
0.215658, 3.40761
-0.961818, 5.70279
0.444822, 0.885678
-0.848692, 3.06964
-0.921645, 0.394254
0.450992, 4.78452
-0.532524, 5.4409
0.81607, 1.77344
0.486495, 0.447204
0.17621, 1.93033
0.751918, 6.18012
-0.0831413, 1.34002
0.7533, 3.44288
-0.593095, 1.79395
-0.404402, 5.19389
-0.955072, 4.75215
-0.735546, 4.05538
-0.159932, 4.07226
0.269492, 5.22876
0.230657, 2.4905
0.897575, 6.28176
-0.410491, 6.16943
0.229075, 2.49929
0.198872, 5.98335
-0.761183, 5.73926
0.99328, 3.00764
0.61536, 1.1177
0.216598, 3.4343
0.0214968, 0.424062
0.0821582, 1.94069
-0.726406, 6.26225
0.872337, 4.12992
0.916264, 1.60737
0.90238, 5.88647
-0.445784, 2.82076
0.859611, 4.66612
-0.388486, 4.53567
0.23871, 0.892452
0.0229516, 4.40035
-0.529775, 4.41704
-0.87795, 5.09717
-0.382439, 2.38472
0.718498, 1.41741
0.709972, 2.62189
-0.515023, 2.0876
0.279609, 1.03453
-0.168583, 0.839643
0.619831, 3.09166
0.191739, 4.19743
0.927047, 0.437075
0.881405, 5.90539
-0.711254, 1.09431
0.489673, 2.71422
-0.999445, 3.02131
0.649834, 4.36381
-0.448604, 5.40823
-0.982066, 3.62637
0.813141, 3.0225
0.799133, 1.43591
-0.16616, 2.57401
-0.505897, 6.14512
-0.894979, 0.353839
-0.53618, 3.46857
-0.441946, 3.2533
0.618717, 3.3458
0.662091, 6.24692
0.657159, 3.27418
-0.874658, 1.06393
-0.996362, 4.15941
0.427174, 0.0885924
-0.74924, 3.63222
0.985945, 1.62792
-0.272596, 3.57896
0.566764, 5.47824
0.959547, 2.39285
0.381612, 6.21978
0.963414, 0.319862
-0.793312, 3.29659
-0.791217, 0.83998
-0.0607438, 5.87733
-0.693073, 3.37695
0.957138, 3.78309
-0.46821, 5.86862
-0.391735, 2.97525
-0.344792, 5.19799
0.878826, 2.19931
-0.463522, 0.281612
0.993906, 3.72417
-0.403862, 4.01325
-0.873541, 3.0237
0.891691, 4.50654
-0.449654, 4.76849
0.257355, 4.73754
0.711181, 5.58167
-0.768434, 3.74251
0.731269, 5.04993
0.482003, 0.548335
0.447638, 1.4416
0.955159, 3.66699
-0.244799, 3.27776
-0.990327, 1.62721
0.449054, 5.03247
-0.810478, 6.05061
-0.765528, 0.553823
-0.465306, 2.89315
-0.723461, 1.95371
0.414534, 4.5479
0.91455, 5.40323
-0.675758, 5.26717
0.318764, 5.25976
-0.962872, 5.73248
-0.51622, 2.61353
-0.52765, 5.29476
0.278959, 4.014
-0.962997, 1.13374
0.885536, 2.70924
-0.911759, 6.19006
0.967249, 4.22289
-0.741262, 0.392594
0.479712, 1.20882
0.711132, 6.16883
-0.267764, 5.00214
0.973458, 2.36634
0.305968, 2.32528
0.363607, 0.237912
0.694883, 0.888623
0.78604, 0.441101
-0.453498, 1.76441
-0.132976, 6.16754
-0.914721, 6.19425
-0.707565, 1.72321
-0.971655, 1.9108
0.672838, 5.02764
-0.247892, 2.51412
-0.723754, 1.47879
0.178262, 1.19682
0.119694, 3.48475
0.256807, 4.52919
0.17594, 0.803053
0.535256, 1.71964
0.875016, 1.33612
-0.813497, 3.22343
0.881409, 0.593458
-0.0661393, 0.0175479
-0.44521, 5.70776
0.478504, 6.04094
-0.997927, 0.301677
0.750159, 0.988845
-0.0322162, 5.49166
0.327049, 5.3737
-0.879212, 5.26807
0.892049, 1.51816
0.785108, 4.27774
0.33316, 2.74081
0.149955, 1.64842
0.633064, 6.08151
0.438591, 5.19879
0.0637779, 0.515739
-0.00703426, 2.50187
0.633938, 1.39699
-0.871608, 5.00373
-0.963141, 3.99052
-0.936506, 1.97883
0.362008, 1.02485
-0.619239, 3.72127
-0.986795, 0.266919
-0.433731, 1.91777
0.487514, 2.57019
-0.755769, 2.39766
-0.140582, 3.97306
-0.895143, 0.476281
0.557974, 2.70753
0.991292, 2.24339
0.214626, 4.59742
0.283485, 5.05875
-0.754024, 4.42761
0.0799772, 0.815197
-0.962819, 6.00529
-0.168171, 3.78612
-0.875474, 4.61885
-0.958515, 5.08941
0.960326, 0.434801
0.223388, 4.03425
-0.639998, 0.363465
-0.549915, 0.326814
0.463243, 0.365994
0.864803, 3.12975
-0.0750693, 3.69289
0.209905, 0.238282
0.962482, 2.97553
-0.951532, 6.24054
-0.612123, 4.79426
-0.571307, 1.51787
0.307237, 1.67139
-0.0515495, 4.35442
-0.593493, 0.483471
-0.93101, 3.52042
-0.897505, 3.68504
-0.304172, 3.38442
0.8735, 1.15253
-0.894592, 0.539997
0.961605, 2.96205
-0.579708, 0.6497
-0.384782, 0.639587
-0.929958, 1.32615
0.248689, 4.64852
0.10644, 3.80617
0.919155, 5.22668
0.74044, 0.986535
-0.799442, 2.42056
-0.45098, 4.52803
0.561129, 2.84556
-0.503234, 3.76726
-0.647976, 1.08637
0.897523, 2.86673
0.948623, 3.82889
0.85529, 5.03041
-0.651257, 1.7752
-0.88649, 0.264747
-0.677102, 5.80825
-0.0823173, 0.510023
-0.521503, 0.957155
0.314037, 4.51836
0.852546, 0.937481
-0.813451, 0.494388
0.0384767, 0.360342
0.267856, 5.76913
-0.491268, 2.1014
-0.0942053, 6.20948
-0.996605, 1.90866
0.591445, 3.7104
-0.621604, 1.68589
-0.858933, 4.60741
0.949807, 3.83952
0.632171, 2.27796
-0.181619, 2.70952
0.932488, 2.52588
-0.399945, 5.58861
0.803266, 3.02917
-0.534826, 0.0317223
-0.039486, 4.98868
-0.0572664, 3.04985
-0.64491, 3.48389
0.959424, 5.04672
0.582078, 0.669788
0.531333, 3.35659
-0.789367, 6.09809
-0.609201, 5.46043
0.701957, 2.77759
-0.0887916, 2.18164
-0.749338, 1.82742
-0.923347, 0.471718
0.728805, 3.5816
0.556206, 3.38047
0.467478, 6.28038
-0.890633, 0.63593
-0.903343, 2.27096
0.957151, 4.76151
0.963899, 5.12761
-0.0938213, 1.34952
-0.979104, 0.824653
-0.0413781, 0.299037
0.272049, 4.44583
0.865824, 0.834585
-0.620263, 5.8172
0.344947, 0.536485
0.952294, 4.44497
-0.82067, 0.768444
0.293841, 5.2854
-0.260512, 5.87513
-0.623151, 1.84647
0.0862441, 6.13892
0.607529, 2.25667
-0.733971, 4.19926
0.494814, 5.88839
-0.365824, 3.3814
0.840302, 0.271898
0.758817, 4.2776
-0.523609, 1.01848
0.237464, 2.06268
0.975529, 4.60704
-0.350057, 5.38736
0.975688, 5.85883
0.565609, 3.10284
0.655342, 1.89583
-0.323248, 4.89762
-0.444986, 0.916863
-0.680065, 5.65309
-0.91073, 4.37452
0.971828, 2.63145
-0.199869, 5.57881
0.978679, 2.67905
-0.44127, 1.21435
0.0316563, 2.62707
-0.529152, 4.99457
0.58811, 2.01862
0.947821, 1.45892
0.822884, 3.0517
0.290514, 3.45685
0.919087, 0.232978
0.884624, 5.32077
-0.741465, 4.5866
-0.435654, 5.59013
0.773429, 2.49777
0.705485, 1.07544
0.846626, 5.84374
0.249528, 3.8338
0.410993, 4.21419
-0.988313, 0.401665
-0.105093, 4.03341
-0.149517, 3.09547
-0.358682, 5.17222
-0.885202, 5.02689
0.703039, 5.28009
0.517182, 0.418755
0.652947, 2.32637
0.797263, 4.36519
0.986775, 0.5725
-0.320157, 0.190519
-0.580503, 2.02541
-0.758346, 1.02696
0.858783, 0.0650551
-0.884169, 3.71185
-0.813073, 5.75299
0.856689, 5.04263
-0.964158, 2.33978
0.738095, 3.35736
-0.571872, 4.3941
-0.710196, 3.2749
-0.301983, 2.10106
0.458141, 4.79632
0.0543509, 5.06649
0.934277, 1.94162
0.759493, 0.760314
0.640304, 2.87755
0.909975, 4.69505
-0.290892, 2.14144
0.7334, 5.75144
-0.18507, 2.28464
0.616751, 4.77941
0.287197, 4.87067
-0.191247, 0.221989
0.987162, 5.49258
-0.784558, 0.843257
0.281216, 2.48044
-0.758529, 6.23887
0.782393, 0.319378
-0.422526, 4.36919
0.0294077, 3.64378
0.0820582, 4.26569
0.905867, 3.06852
-0.052881, 4.71064
-0.349186, 1.20729
0.509013, 3.2447
-0.675591, 4.14032
0.79161, 1.56541
0.660979, 5.45084
-0.495125, 0.0995016
0.393404, 3.01622
-0.0589791, 2.58937
0.320467, 1.77492
0.763838, 2.35605
0.656747, 3.81378
0.582818, 3.81904
0.43339, 1.34926
-0.801365, 2.76586
-0.47069, 0.613632
0.714862, 0.147499
0.412224, 5.98276
-0.756127, 5.97016
0.967233, 3.9756
-0.573301, 2.4046
0.957198, 3.04567
-0.977443, 1.96709
-0.558228, 3.96908
0.376575, 1.81586
-0.649006, 2.66639
0.150374, 2.78448
0.561777, 0.00381602
-0.642525, 2.52407
-0.661897, 3.94459
0.433564, 4.2447
0.524227, 3.52407
0.750228, 3.01591
0.989744, 6.22098
0.429029, 3.75782
-0.449003, 1.34415
-0.676676, 4.23445
-0.709406, 1.37375
-0.00137437, 0.535271
0.908345, 6.19342
0.38081, 5.74368
0.253712, 1.11897
0.660635, 2.66855
-0.0184097, 5.37217
-0.866275, 0.187872
0.308301, 2.80207
0.955676, 0.674442
0.07379, 5.00542
-0.865209, 5.33118
-0.87564, 1.64406
-0.445407, 5.93743
0.275417, 4.04875
-0.950805, 5.67381
-0.243752, 2.43146
-0.446706, 0.751232
-0.467793, 1.59519
-0.97175, 6.21923
0.226143, 2.66352
0.454237, 4.98586
-0.589759, 6.25309
0.380227, 0.849689
-0.596818, 2.40596
0.543097, 1.42628
0.134828, 1.9174
-0.597028, 0.432324
-0.391225, 2.1116
-0.648459, 1.2477
0.242263, 6.28218
0.612127, 5.79676
0.240072, 0.733724
-0.561283, 1.04529
-0.834028, 5.57184
0.142589, 4.45371
-0.223701, 4.74043
-0.53782, 1.16275
0.259178, 0.694996
-0.674735, 3.06243
-0.0950321, 4.37257
0.384606, 1.06776
0.978948, 5.26974
0.871802, 2.26453
0.484583, 0.107382
0.524169, 3.17176
-0.623384, 1.73829
0.398086, 5.32418
-0.221899, 5.95542
-0.21175, 4.19998
0.983996, 1.25516
0.727262, 4.61988
-0.690027, 3.8368
0.401888, 0.263097
-0.167381, 4.20995
-0.698819, 4.94426
-0.583314, 0.734263
0.326129, 2.5863
-0.950143, 0.542253
-0.917159, 0.080356
-0.900166, 4.63325
0.55194, 3.91811
-0.0449462, 3.98479
0.678372, 5.8049
-0.656969, 2.81238
0.540103, 2.73973
0.229594, 2.82477
-0.286601, 0.665748
-0.82348, 1.35957
0.755754, 5.01128
0.323832, 5.54169
0.912867, 4.40957
-0.967999, 1.25456
0.00684462, 1.85101
0.825404, 0.949171
-0.543804, 2.66938
-0.919217, 0.168384
0.111997, 0.740791
-0.261233, 5.03444
0.489243, 0.631881
0.0771267, 0.832452
0.634393, 1.01843
0.567409, 3.97149
-0.940851, 4.84971
0.335616, 4.85165
-0.847778, 2.91971
-0.517283, 1.92169
0.268152, 1.28947
-0.502088, 0.341573
0.134997, 5.47823
0.667487, 5.10375
0.183721, 0.415526
0.25669, 0.216414
0.97287, 0.514845
0.19724, 3.96255
0.691033, 0.0611951
0.851709, 2.25044
0.66659, 3.42252
0.612067, 2.95638
-0.478203, 4.03718
-0.254932, 3.76352
0.820714, 4.44936
0.130318, 0.173987
-0.43685, 4.00008
0.349057, 0.870144
0.691894, 2.39819
0.00359041, 4.61576
-0.00301359, 1.34345
-0.137191, 1.09469
-0.275247, 3.2081
-0.12764, 1.12078
-0.571044, 3.29042
0.818653, 5.06732
-0.254343, 5.08605
0.57346, 4.747
0.930398, 2.14173
0.983167, 2.69184
0.230816, 5.33855
0.860286, 6.13336
0.659359, 2.96282
-0.258099, 4.64856
-0.994092, 4.16696
-0.875258, 5.79502
-0.121036, 4.30173
-0.5316, 0.563844
-0.29179, 2.78559
0.86569, 4.10604
0.983495, 5.67761
-0.902917, 2.39841
-0.17288, 5.23346
-0.0542008, 3.10655
-0.700116, 0.721778
-0.78084, 6.12797
0.0832448, 4.52438
-0.773485, 2.55615
0.283293, 1.16183
0.659046, 5.37721
0.800952, 3.85122
0.200386, 1.7979
-0.396517, 5.72414
-0.158367, 5.94964
-0.130788, 6.19085
-0.349792, 6.01345
-0.942953, 5.20684
-0.337089, 4.93007
0.21215, 0.0796446
-0.961223, 4.70338
0.328686, 0.032227
0.0304219, 0.672208
-0.447004, 6.25275
0.945562, 3.78316
0.7442, 1.13346
0.969612, 4.86421
-0.131004, 5.74763
-0.732522, 2.42286
0.953412, 5.78899
0.904905, 4.21983
-0.726736, 0.472005
0.229021, 4.13916
-0.450661, 2.39891
-0.278914, 3.72966
-0.687336, 1.64027
0.415855, 6.00159
-0.506779, 3.50057
-0.236428, 3.64671
-0.100266, 1.74689
0.458742, 5.50757
-0.0407073, 0.0670872
-0.741909, 2.649
0.927629, 5.09822
0.0296099, 4.76116
0.784706, 3.80524
0.734062, 3.04121
-0.497854, 3.73972
-0.0578975, 5.75453
0.933687, 0.623912
-0.869124, 1.67546
0.799447, 2.53407
-0.50803, 6.08795
-0.960015, 5.89298
0.719476, 6.26622
-0.0743492, 2.50702
-0.534493, 1.95563
-0.874254, 1.02821
-0.345945, 4.08613
0.595756, 2.12481
0.97971, 2.46883
0.268629, 3.2246
-0.870929, 2.0071
-0.246588, 4.45157
-0.845256, 0.377414
0.151508, 2.70356
-0.748378, 5.66624
0.333911, 1.32006
0.499032, 5.25269
-0.733202, 1.10852
-0.921575, 1.00075
-0.701122, 1.84441
-0.460434, 0.37013
0.973786, 0.193738
-0.0969186, 3.56632
0.809559, 1.8767
0.238573, 1.81842
-0.550345, 1.85235
-0.781972, 5.0472
0.883536, 4.11635
0.802625, 5.28496
-0.31104, 0.799587
-0.853716, 3.1014
-0.463243, 3.61156
0.939053, 4.93549
0.556832, 5.46868
0.212136, 0.0561017
-0.332898, 1.68281
-0.222759, 0.342219
0.244391, 6.02658
-0.487446, 3.15473
-0.873575, 3.42449
-0.83781, 2.02828
-0.185682, 1.89669
0.607838, 2.43253
0.484801, 1.08967
-0.209663, 1.18686
0.230206, 4.52157
0.558466, 5.05354
-0.698072, 6.1393
0.863299, 3.43455
0.887297, 3.31397
-0.434116, 4.2464
0.937813, 0.0459335
-0.10129, 4.44915
0.764594, 5.62619
0.973547, 0.944609
-0.0234273, 1.07638
0.442448, 0.425776
-0.420423, 0.425719
0.0218517, 3.469
0.835932, 5.73919
-0.272354, 3.73359
0.951008, 4.07261
0.90381, 5.1125
-0.319438, 1.94921
-0.091787, 2.03269
-0.0100626, 2.41178
-0.105185, 5.59323
-0.846716, 5.02548
-0.160984, 6.04341
-0.124676, 3.60092
-0.858275, 2.77877
0.782012, 0.772341
-0.980505, 1.33548
-0.107646, 0.485352
0.0357284, 4.79949
0.6446, 5.60517
0.420474, 0.719014
-0.176251, 3.43348
0.764033, 4.89173
-0.640016, 3.29755
-0.988689, 1.29712
-0.120714, 5.1659
-0.339522, 3.49411
0.948832, 0.961713
0.772743, 6.19868
0.438035, 1.94269
0.926249, 0.530706
0.886994, 0.699275
0.87652, 2.23774
0.623828, 0.980413
0.472314, 2.10084
-0.429176, 1.19703
0.692337, 4.71413
-0.697393, 5.26479
0.758345, 1.76165
-0.934711, 5.87909
-0.914757, 1.07757
0.82346, 1.20181
0.902171, 4.09241
-0.456856, 0.504163
-0.60746, 5.6133
0.497167, 3.15072
0.971356, 2.17853
0.0871647, 5.0313
0.312955, 2.22051
-0.98757, 4.66686
0.651394, 3.03481
-0.211614, 0.333487
0.288388, 3.06701
-0.00346254, 4.58678
-0.926972, 5.87051
0.205146, 0.297115
0.636736, 1.82961
0.746555, 1.18224
0.815773, 1.1467
0.100408, 2.6189
0.117007, 4.50675
-0.299157, 0.0196535
-0.66295, 3.53643
-0.689334, 1.74598
0.738266, 2.79721
0.827905, 5.04232
-0.90068, 1.95074
0.601354, 3.35314
0.469789, 3.75689
0.893088, 1.40079
-0.660943, 4.46027
0.947438, 2.40672
0.881525, 1.1497
-0.568195, 3.30965
0.427426, 4.5432
0.173091, 5.33716
0.725008, 5.39694
0.922244, 3.52733
-0.875809, 1.08785
-0.754889, 0.221144
-0.86908, 4.44291
0.680479, 1.59836
-0.902728, 4.47714
0.715367, 4.55797
-0.244764, 2.55211
-0.248215, 5.98684
0.649683, 6.13749
-0.0735889, 1.68198
-0.911689, 5.91462
0.359388, 1.76749
0.509923, 2.34664
-0.0109786, 4.23855
0.182911, 6.01933
0.631582, 3.28182
0.637419, 0.547365
-0.55848, 3.35301
-0.493009, 2.7465
0.946167, 5.35063
0.968111, 6.12495
0.778099, 2.61388
-0.782951, 4.2674
-0.631911, 0.274932
-0.223822, 1.18879
-0.407961, 1.25975
0.936085, 2.73849
0.701543, 6.03263
0.958975, 1.19664
-0.811585, 3.07113
0.500491, 0.501656
-0.728868, 1.07302
-0.714719, 5.99608
0.465093, 3.39205
0.854821, 2.15688
0.655977, 2.51878
0.564202, 2.70701
0.511243, 0.332797
-0.410584, 4.57777
0.311349, 4.67206
-0.432138, 0.474514
0.692802, 1.93411
0.513338, 4.02649
0.310964, 4.70585
0.698145, 5.11226
0.243156, 1.57208
-0.907252, 5.38913
-0.713682, 6.25176
-0.444958, 2.14022
-0.105569, 2.6076
0.435662, 6.07944
-0.817586, 0.906543
-0.27947, 3.06149
-0.968729, 4.85472
-0.969324, 4.11672
0.503055, 2.92022
0.88286, 2.57875
-0.955615, 3.13893
0.895859, 5.97839
0.113902, 6.17136
0.0928102, 3.11894
0.597581, 5.00376
0.632802, 3.43321
-0.438101, 6.1701
0.0755967, 2.99795
-0.226043, 4.99319
-0.0812208, 4.741
-0.926584, 3.82442
0.822813, 0.85808
-0.749418, 0.312948
0.00870926, 3.24903
-0.462786, 1.37272
-0.457743, 5.17044
-0.810168, 4.04247
-0.855639, 4.27678
0.311204, 2.43026
-0.0590354, 3.24949
0.966614, 6.16142
-0.343314, 3.30132
0.354387, 2.44754
0.815443, 3.50321
-0.30222, 5.39527
-0.324706, 1.3868
0.484548, 2.02
0.52563, 4.19721
0.996871, 2.0402
-0.77198, 0.851261
-0.16157, 0.319201
0.902887, 0.757384
-0.554142, 0.152096
-0.635081, 5.90121
-0.979567, 2.50876
0.970617, 2.3508
0.272055, 5.95498
-0.261876, 1.71405
0.800009, 2.21268
0.40523, 0.9606
-0.901798, 5.57675
-0.824956, 0.714231
-0.470428, 5.95219
-0.704426, 6.21008
0.949002, 1.60825
-0.517278, 2.78745
0.364746, 3.50342
-0.795564, 0.831036
0.600374, 0.271168
0.937469, 5.33894
-0.844591, 2.52442
0.307764, 0.620427
-0.748028, 1.08336
0.894304, 0.590081
-0.97313, 0.465291
0.366804, 4.55617
0.920409, 4.42736
0.969679, 2.97634
-0.819376, 3.53399
0.876884, 5.05753
0.112876, 4.14568
0.272485, 1.18835
0.965578, 0.00154779
0.152152, 4.55697
0.197867, 5.39131
0.321133, 4.7574
0.181217, 2.59133
-0.579885, 2.43673
0.809087, 2.36957
-0.213769, 4.32817
-0.924278, 1.8216
-0.599473, 2.75897
0.0750072, 1.56823
0.0950144, 2.81118
-0.974878, 1.85092
-0.58246, 6.16254
0.568565, 1.00594
0.216428, 3.78527
-0.613031, 1.07913
0.309569, 2.40829
-0.60608, 4.14124
-0.700064, 3.72824
0.0268591, 4.44562
-0.715305, 0.911746
0.797828, 2.90289
-0.135678, 0.447241
0.846427, 2.62943
0.646773, 2.78977
0.281468, 1.69559
0.877636, 3.84707
-0.958769, 3.33477
0.054808, 4.04726
0.327861, 3.07917
0.798932, 0.259877
-0.395268, 3.5715
-0.117613, 4.71075
-0.319396, 4.00404
-0.765342, 5.35189
-0.708747, 2.36783
-0.873578, 1.04115
0.714449, 4.09966
-0.0773468, 5.41539
0.30498, 3.86466
-0.706305, 3.26348
-0.26474, 1.60352
0.809014, 5.09941
-0.662885, 5.14814
0.670519, 6.0162
-0.807865, 3.94721
-0.531758, 2.83198
-0.705365, 5.8124
0.911089, 3.93298
-0.269629, 0.389911
0.570731, 4.46359
-0.717302, 3.7989
-0.837777, 5.15513
0.0359763, 3.95775
0.952405, 1.97362
0.975553, 5.2244
0.591849, 1.22806
0.56476, 0.990065
-0.957997, 2.70555
0.825901, 1.38528
0.69915, 1.49308
-0.244304, 2.16934
-0.276322, 3.93249
0.862434, 0.07341
-0.189745, 4.10026
-0.794911, 0.877817
-0.0625451, 3.33337
-0.125309, 2.89393
-0.815992, 2.79409
0.322447, 0.100034
0.86075, 3.4137
-0.604466, 0.442528
0.537793, 3.41605
0.245971, 4.61388
-0.583281, 4.19102
-0.0936271, 2.11686
-0.38847, 4.8306
-0.542095, 1.75716
-0.810438, 4.01509
-0.903272, 5.82643
-0.981641, 1.30303
0.225009, 1.36323
0.899204, 1.84109
0.520447, 4.51474
-0.831537, 4.30934
-0.298252, 2.32569
0.494153, 5.92763
-0.390228, 6.21409
0.396567, 0.766892
0.452399, 0.745538
0.668833, 5.00795
0.277187, 2.4358
-0.773437, 3.70235
0.842319, 5.94357
0.0212542, 0.231089
0.638814, 0.142957
0.985431, 6.10566
-0.841094, 1.54154
-0.234185, 0.04537
-0.859164, 4.89632
-0.761199, 4.24107
0.776656, 5.53879
0.701911, 1.86875
-0.64404, 4.9425
-0.0292534, 6.11975
0.931679, 2.38451
0.745072, 6.06848
-0.993621, 3.11148
0.913671, 3.51731
-0.82976, 2.4508
0.559695, 0.5305
-0.62816, 0.0760571
-0.850426, 5.85584
-0.554735, 5.86857
-0.970685, 2.47699
-0.537503, 2.92824
-0.025361, 3.81835
-0.00680768, 0.216403
-0.765995, 0.473821
0.0033548, 3.56043
0.956168, 0.879885
0.82236, 1.89963
0.0422643, 4.66052
0.738096, 1.63039
0.647307, 0.86378
-0.170229, 3.86893
0.942578, 4.52565
-0.621269, 0.886321
0.326557, 1.10337
-0.717248, 1.48631
0.240872, 0.986248
0.832858, 1.23131
0.74762, 2.95611
0.697103, 4.40259
-0.763812, 0.370997
0.637366, 2.56202
-0.0438326, 0.454015
0.539777, 5.41911
-0.767458, 0.553304
0.411854, 1.47341
0.411719, 4.62647
-0.386541, 5.78981
0.677119, 4.11448
0.886634, 1.55045
-0.420741, 3.81292
-0.723696, 3.17304
-0.555854, 2.05015
0.810513, 0.664435
-0.0158221, 2.86839
-0.967455, 0.396216
0.0636478, 4.48226
0.667912, 0.397057
0.477594, 6.06753
-0.222419, 3.98545
-0.945488, 5.39875
-0.964504, 3.01773
-0.884861, 3.22595
0.831803, 1.38745
-0.679702, 0.558687
-0.827205, 3.9818
0.492654, 3.22327
-0.413031, 6.2685
-0.393112, 0.401026
0.910526, 0.256982
0.63351, 1.00152
0.228321, 0.64063
-0.953381, 5.09728
-0.706458, 4.64408
-0.499263, 0.0476438
0.594871, 1.0969
0.363604, 4.32051
-0.664706, 5.91058
0.783579, 2.02982
0.76312, 1.44611
-0.97062, 3.23625
0.347017, 1.24937
-0.534153, 2.64112
0.114014, 5.15878
0.430066, 3.98299
0.0419793, 4.10269
0.287016, 6.14841
0.479858, 0.446576
-0.860243, 0.0355168
0.28743, 6.1944
-0.696953, 2.08323
0.850084, 4.35118
0.826839, 5.63916
0.852055, 1.77729
-0.700423, 5.20794
-0.574962, 6.02929
0.774637, 3.93081
0.151716, 0.176247
0.582544, 0.188195
0.397556, 5.6274
0.897199, 2.25841
-0.388909, 0.525049
-0.142889, 1.80723
-0.848913, 1.19641
-0.422131, 5.51703
0.55228, 5.76541
-0.524816, 2.95312
-0.315141, 5.6669
-0.810451, 5.03154
-0.433242, 5.90229
-0.966326, 4.19879
0.61717, 6.01692
-0.584434, 0.883188
0.308982, 2.0709
0.51694, 4.43867
-0.698894, 2.38863
-0.904997, 0.526835
-0.403811, 0.44115
0.208018, 3.39089
0.227533, 2.98033
-0.110468, 3.99758
0.469557, 2.36006
0.216999, 2.96376
0.372484, 2.20174
-0.771742, 0.331443
0.911429, 6.14519
-0.440784, 3.06628
-0.718796, 0.789715
-0.707348, 2.63418
0.733606, 0.00445619
-0.345635, 5.26105
-0.247313, 3.11897
0.124873, 1.174
0.116411, 1.88013
0.917728, 2.69469
-0.998997, 5.51562
-0.104979, 4.20986
-0.693584, 0.504828
0.82624, 5.50788
-0.427146, 5.73514
0.973646, 5.65923
-0.949927, 2.69352
-0.777974, 0.0461564
-0.860508, 1.40911
0.698633, 6.16628
0.154222, 1.99856
-0.759106, 0.977828
0.822342, 0.706738
0.671228, 6.03393
0.273912, 4.36633
0.23946, 4.18008
0.47385, 2.07372
0.585352, 5.14194
-0.62031, 5.35
-0.655235, 5.15027
-0.798522, 0.344997
-0.521796, 5.73664
-0.702642, 1.57429
-0.144839, 6.11191
-0.566353, 5.1265
-0.494921, 3.25327
-0.330678, 5.58073
-0.212406, 2.9058
-0.529334, 5.9751
-0.659125, 4.67295
-0.467985, 0.695409
0.604894, 0.108937
-0.400093, 4.61973
0.981642, 2.14248
-0.39588, 1.23152
-0.78497, 5.5067
-0.211887, 1.82967
-0.373108, 0.887258
0.579062, 3.27294
0.829232, 2.9846
0.818773, 5.70455
0.884172, 1.93701
0.709696, 4.618
-0.0558974, 0.989253
-0.584864, 5.12873
0.87632, 1.60558
-0.884088, 1.17956
0.0681169, 5.48232
-0.972072, 5.86472
-0.367342, 1.21054
0.587321, 3.21921
-0.513248, 0.412901
0.0373567, 0.532377
0.0111341, 0.136514
0.951746, 5.04391
0.0202183, 3.78424
-0.822872, 4.39139
-0.338864, 1.60723
-0.73437, 0.448648
0.893343, 1.23229
-0.412942, 4.48402
-0.443689, 4.71227
0.77805, 6.02633
-0.421477, 0.940868
-0.556853, 3.31992
-0.551308, 3.02071
0.257882, 3.21677
-0.246988, 1.73841
-0.323798, 5.19588
-0.382267, 5.95031
-0.810098, 0.982394
-0.646472, 5.08459
0.580906, 1.13487
0.314284, 4.20108
-0.575293, 3.81095
0.248861, 2.8669
-0.863763, 1.68699
-0.85253, 2.64284
-0.935873, 3.13328
-0.588212, 4.43846
0.474547, 0.231827
0.231759, 0.30172
-0.737255, 5.0842
-0.423224, 0.00541129
0.538564, 0.69046
-0.0820702, 5.95055
-0.885854, 1.99771
0.842536, 1.71616
-0.457207, 1.23466
-0.512105, 4.93499
-0.424937, 0.859219
-0.754148, 5.04567
-0.276185, 0.727239
0.855728, 5.62581
0.754276, 2.72088
0.161028, 2.65935
0.856679, 4.62993
0.491663, 2.22306
-0.18516, 6.21519
-0.321096, 0.329197
-0.82536, 0.27559
-0.537275, 4.94813
-0.951526, 1.80104
0.238373, 0.806714
-0.771451, 2.24503
0.774248, 4.0944
-0.0149305, 0.551634
0.996239, 1.31249
-0.690231, 1.81781
-0.56658, 2.23344
-0.803943, 1.57083
0.0177493, 5.12236
-0.859014, 1.45503
-0.166238, 3.31151
0.539494, 3.59254
-0.580479, 3.68218
-0.566726, 4.24983
0.149718, 4.17889
0.887746, 0.921011
-0.233638, 1.98385
-0.260047, 2.70378
-0.980176, 5.16508
-0.618816, 2.46909
-0.801219, 6.23671
-0.719262, 4.71637
0.486212, 5.19407
0.884359, 2.41093
0.64965, 5.24714
0.754591, 4.69262
-0.699693, 5.736
-0.268802, 5.74293
-0.629947, 4.921
0.669849, 2.31292
-0.684393, 0.509459
0.402258, 4.52532
-0.481755, 3.39632
0.610054, 4.44941
-0.777559, 3.88307
0.494028, 5.7604
0.515995, 1.72702
-0.650461, 3.54921
-0.738118, 5.45512
0.69455, 6.18438
-0.796662, 3.51781
0.799581, 3.44636
0.551527, 1.82874
-0.667341, 4.51212
-0.40971, 1.5083
-0.756623, 0.928236
-0.998959, 0.476707
0.55405, 1.92958
0.877269, 1.28147
0.944734, 5.10328
-0.538931, 4.12236
-0.0638894, 0.937991
0.129642, 0.271052
-0.80685, 4.4587
0.238664, 0.23054
0.541697, 0.877871
-0.374909, 2.87978
-0.705886, 1.44997
0.345028, 4.82647
0.789864, 4.28869
0.844033, 4.50954
-0.0806035, 4.62172
-0.121201, 2.47542
0.52102, 5.51881
0.551284, 2.24411
-0.917847, 1.48921
-0.674468, 5.95999
0.822271, 5.27435
0.46881, 3.08167
-0.185641, 2.37805
0.396071, 0.0509204
0.838199, 1.22187
0.293236, 3.68105
0.55187, 2.04754
-0.917376, 3.95198
0.308975, 5.0223
-0.467636, 4.26373
0.73586, 0.703476
0.237727, 0.646707
-0.426824, 4.50669
0.739878, 5.37561
0.775736, 0.0736257
-0.849177, 3.88931
-0.340759, 0.896722
-0.114468, 4.62966
0.371185, 1.54371
0.867808, 3.84436
0.35711, 1.59284
0.17767, 1.04612
-0.346206, 2.26508
0.953376, 3.98561
0.953653, 2.76527
-0.777677, 0.521182
0.418405, 4.11651
0.199836, 5.98962
0.630496, 1.43172
0.927229, 1.31505
-0.190554, 4.61696
0.42828, 1.37694
-0.223164, 4.33335
-0.846815, 3.62628
-0.809094, 0.827218
-0.857352, 6.20848
-0.692834, 1.17397
-0.633593, 2.12679
-0.0912717, 1.93637
0.845911, 1.75321
0.231245, 0.650672
0.128086, 5.34385
0.870609, 4.40149
-0.50769, 4.32586
-0.9611, 2.51453
0.59054, 0.567282
-0.727508, 2.33818
-0.902058, 1.04479
-0.259446, 1.62274
-0.991485, 5.68377
-0.856884, 3.49644
-0.654723, 0.295996
-0.942178, 4.87835
-0.994548, 2.67716
-0.879826, 0.893765
-0.338395, 6.0932
0.965629, 4.58315
0.980829, 2.79831
-0.853782, 6.08848
0.116982, 5.9103
0.265585, 1.28316
0.0953339, 4.54821
-0.941693, 1.89178
0.462356, 0.800398
0.697085, 1.25229
-0.901462, 0.636222
0.979248, 2.8816
-0.247584, 2.61861
0.813226, 4.63944
-0.527077, 6.1183
0.606774, 2.13596
-0.72774, 1.75484
0.770371, 0.29052
0.711827, 0.33234
-0.9757, 5.79965
0.632385, 3.13683
0.855721, 2.52176
-0.428403, 5.45582
0.908096, 2.08399
-0.31913, 3.63479
0.485706, 2.36647
0.538595, 3.44612
0.0154411, 1.43928
0.660781, 1.54305
0.331347, 1.71209
-0.527037, 4.32974
-0.84549, 2.27129
-0.559823, 2.07096
-0.749493, 4.89286
-0.898053, 3.80449
0.586406, 3.2999
0.976467, 2.90918
0.181026, 3.35237
-0.262814, 1.51571
0.906404, 4.48303
0.470479, 1.60766
-0.912801, 0.241713
0.64873, 6.05905
0.404143, 2.44774
-0.110326, 2.28782
0.905882, 4.53218
-0.768541, 5.6807
0.417144, 0.437845
-0.650755, 4.40265
-0.590994, 5.74053
-0.853826, 0.972062
0.607927, 5.06998
-0.332325, 6.20914
-0.951784, 2.81153
0.224923, 4.54654
0.850375, 4.76723
0.388949, 5.16393
0.786814, 1.20485
-0.0122457, 1.82101
0.970803, 1.36734
-0.519897, 2.83313
0.730355, 4.20019
-0.287243, 1.00176
0.70848, 2.17705
-0.824219, 0.780061
-0.883802, 6.15713
-0.865441, 0.834332
0.726393, 4.05975
-0.763053, 2.75413
0.197459, 4.70848
-0.0811025, 5.80583
0.445501, 5.00409
0.256829, 2.19238
-0.335394, 0.303052
-0.978245, 4.78656
-0.324687, 1.27477
0.85271, 0.247661
0.69581, 4.71768
-0.256984, 2.19763
0.640385, 2.72509
-0.296586, 1.32571
-0.80141, 4.95888
-0.559585, 3.38041
-0.587804, 0.396723
0.605942, 3.43909
-0.661221, 2.3438
0.697359, 0.987087
0.382629, 5.0746
-0.779199, 4.62694
-0.631206, 2.1785
-0.388495, 0.900273
0.208654, 4.43313
-0.70254, 1.19086
-0.418319, 2.91934
-0.185486, 0.91389
0.495827, 5.31455
-0.908021, 5.06332
-0.76954, 1.30843
-0.980165, 5.47721
-0.0101197, 3.14795
-0.978656, 1.31073
-0.383667, 2.79462
0.25303, 0.617919
-0.486617, 2.21581
0.0416896, 3.52401
0.786508, 2.50586
-0.480495, 1.73981
-0.680395, 1.88839
0.515073, 0.0757215
0.814148, 0.753166
0.105402, 1.89824
-0.589296, 3.60012
0.337355, 3.2371
0.469921, 2.50248
-0.221007, 6.23255
-0.179463, 6.26985
0.742639, 5.90222
-0.754809, 3.22924
-0.761251, 4.89286
-0.989187, 5.44794
0.417018, 6.01915
0.665488, 1.69317
0.602347, 2.78552
-0.923427, 2.17329
-0.0561664, 5.98378
-0.146968, 0.174461
0.859175, 3.5417
-0.467384, 5.49428
0.856518, 3.75841
-0.973315, 4.38009
0.479019, 5.59544
-0.0116231, 0.181604
0.68506, 2.63681
0.38036, 3.57636
0.971083, 3.88315
0.0956877, 3.54424
0.488693, 2.06158
0.88669, 4.364
-0.710788, 2.74384
0.0356618, 3.36149
0.619714, 1.51226
0.752669, 2.09865
-0.705834, 0.61427
0.917536, 2.97554
0.598542, 0.841607
-0.857032, 6.18137
-0.681969, 5.60199
-0.338902, 2.65522
-0.945633, 0.298101
0.0867553, 4.08602
-0.593628, 5.44461
-0.265825, 3.0694
-0.149371, 1.23876
-0.897226, 2.35023
0.667139, 1.13553
0.474561, 0.00743241
-0.992707, 0.0250214
-0.999645, 2.82839
-0.757568, 4.18897
-0.598496, 5.77295
0.894063, 0.481184
0.150639, 4.31971
-0.0267132, 3.42541
0.065567, 1.90323
0.406432, 5.21251
-0.611818, 1.02199
0.78296, 5.64392
0.241858, 5.51219
-0.730907, 4.42612
-0.806329, 3.62465
-0.870239, 2.03898
-0.630021, 1.47573
0.3914, 2.02803
0.423197, 3.13664
-0.672089, 1.62424
-0.494861, 0.910086
-0.884289, 3.34956
-0.749022, 1.05264
0.51297, 3.93033
-0.0435374, 5.2056
-0.591333, 0.971033
0.394891, 5.58281
-0.35116, 2.60294
-0.650211, 1.84337
0.771879, 4.87615
0.642692, 3.81402
0.114648, 6.20005
-0.738038, 5.52409
-0.291392, 1.55046
-0.61233, 3.30574
-0.933764, 5.0491
-0.274296, 1.09712
0.923448, 0.501006
-0.280913, 4.10253
-0.257635, 1.73384
0.741841, 1.85073
0.791872, 4.7455
0.62509, 5.07546
-0.642866, 5.28078
0.404795, 1.90936
-0.350468, 3.81409
0.120436, 3.60782
-0.151714, 5.98744
-0.176255, 4.50771
-0.220695, 5.67328
-0.706543, 1.24308
-0.128319, 0.96504
0.359651, 4.73227
-0.66788, 0.0505976
-0.566124, 4.48226
0.639904, 1.48081
-0.829152, 0.88578
0.282554, 4.06942
0.86771, 3.56622
0.913898, 3.01426
0.370858, 5.12377
-0.654024, 0.608732
-0.811083, 1.58971
-0.180696, 3.31607
-0.984755, 3.17145
-0.149793, 4.58925
-0.819859, 0.221905
-0.497199, 4.97155
-0.618346, 5.48728
-0.055563, 2.82308
0.457114, 5.97167
0.780189, 2.29397
-0.209869, 6.11988
0.211575, 3.64079
0.971424, 3.53055
0.0881456, 1.6903
-0.64481, 1.58124
0.661879, 6.00881
-0.958576, 0.0103187
-0.870561, 4.00648
0.753684, 4.42181
-0.632468, 4.86157
0.569633, 0.716658
0.91831, 0.546317
-0.658168, 4.89703
0.0798927, 5.0223
0.386782, 1.84831
0.916792, 3.06534
0.998672, 5.40701
-0.00410479, 4.77505
-0.793496, 3.91257
0.54139, 3.35348
0.853051, 1.89673
0.756219, 0.32271
0.314241, 5.67392
0.857415, 4.50368
0.863744, 4.60159
0.617282, 1.14672
-0.309413, 0.503607
-0.799188, 5.55155
-0.294301, 2.51718
0.816034, 5.04066
-0.141447, 3.34632
-0.829092, 2.60496
-0.459569, 0.239743
0.786102, 4.11905
0.425086, 0.612003
0.672661, 5.80414
0.273321, 4.57294
-0.93948, 1.74709
-0.619131, 0.355592
0.946998, 4.49156
-0.631314, 2.13977
-0.459162, 2.52143
0.969682, 6.15807
-0.181514, 2.50305
0.722545, 6.138
-0.782645, 2.23562
0.701062, 0.486829
-0.920095, 0.732661
0.67028, 4.27333
-0.897683, 4.56391
0.927321, 0.156442
-0.803149, 2.77764
-0.647037, 4.0387
0.732009, 3.75254
0.621275, 1.93605
0.239675, 3.73693
-0.236903, 5.52855
0.665514, 5.78348
0.274687, 5.96654
0.951613, 0.638387
-0.780507, 2.49939
0.777549, 3.37565
-0.0755623, 5.93693
0.738049, 1.1622
0.0458346, 3.73732
0.77306, 5.96273
-0.720544, 5.96729
-0.742129, 1.85037
0.6176, 6.25129
-0.754707, 0.0880707
-0.609346, 0.165628
-0.498961, 1.52381
-0.946213, 1.5783
0.881096, 4.11497
0.940409, 2.26279
0.181927, 3.79123
0.994588, 4.9422
0.439966, 0.504805
-0.664129, 2.34973
-0.363991, 5.38583
-0.121779, 1.83919
0.641537, 3.38948
-0.20973, 1.20264
-0.780491, 5.58147
-0.183623, 2.32184
0.781947, 2.40594
0.967694, 3.36724
0.878058, 2.33549
-0.932843, 4.94326
0.528149, 3.81837
-0.474343, 2.55224
-0.869213, 3.22741
0.751808, 1.84367
0.958198, 4.0305
-0.902853, 0.393949
0.380668, 3.99083
0.0165445, 0.363005
0.833633, 3.39235
0.5489, 1.25652
0.582948, 0.949697
-0.609669, 2.4208
-0.283462, 2.67834
0.925313, 0.219139
0.957212, 1.46162
0.945507, 3.89392
0.983305, 5.65148
0.622181, 4.17869
0.84086, 0.25245
-0.708603, 4.82774
0.42531, 5.09778
-0.789624, 1.96309
0.431396, 2.11448
0.907997, 4.3617
-0.280361, 0.088077
-0.863043, 1.79182
-0.0892635, 4.4965
0.0969039, 0.945397
-0.401361, 4.44186
0.170899, 0.735821
-0.64981, 1.12622
0.335003, 3.013
-0.910897, 4.69922
-0.0798177, 0.342563
0.580313, 1.57775
0.357919, 2.60164
0.987003, 3.66884
-0.686826, 3.60487
-0.64305, 3.59241
-0.451585, 1.52133
0.627087, 6.09021
-0.691096, 2.98205
0.743912, 4.47507
-0.0253532, 2.57507
-0.747618, 3.67888
0.279013, 5.67953
-0.832497, 3.55547
0.978098, 4.46644
0.606226, 3.33447
0.63089, 0.14954
-0.268807, 0.052946
0.814533, 1.36222
-0.336077, 1.52334
-0.149638, 1.1893
0.645961, 1.54817
0.253698, 0.105724
-0.523219, 6.2782
-0.990816, 4.01246
-0.0532106, 4.99712
0.786516, 5.04682
0.458929, 0.661666
0.698681, 3.5216
0.81974, 4.695
0.503224, 0.25595
0.100143, 0.689091
-0.692696, 3.729
0.0710245, 2.41987
0.282749, 0.530791
0.595358, 6.02795
-0.590289, 3.10826
0.260364, 3.15172
-0.668127, 3.70915
0.475202, 0.514543
-0.623938, 1.14626
-0.456224, 1.91071
-0.904843, 3.83028
0.246152, 3.55993
-0.421565, 2.57947
-0.417079, 1.88736
0.410244, 0.233748
-0.115468, 3.13998
-0.811446, 5.55021
0.617453, 4.03756
0.598542, 3.45345
-0.708912, 6.27724
-0.330795, 1.46243
-0.00477114, 0.670376
-0.123758, 5.26203
0.0633526, 4.04542
0.891878, 0.94437
-0.416754, 2.43298
-0.902569, 1.32473
-0.531886, 5.29549
-0.945655, 2.24714
0.946153, 1.37861
0.706461, 4.00204
-0.854212, 2.58182
-0.30222, 1.42616
0.854021, 2.57617
0.162617, 5.78161
-0.876891, 1.94528
-0.787389, 1.82332
0.324427, 0.284805
0.807849, 3.54154
0.875023, 0.751102
-0.655371, 1.28702
0.957603, 0.534164
-0.734637, 2.43661
0.238753, 4.6498
-0.651797, 1.39044
0.384811, 2.91605
-0.67906, 5.1393
-0.291618, 0.339972
0.718654, 3.22047
-0.941675, 3.233
0.255398, 2.14027
-0.59149, 4.29051
-0.75473, 5.504
0.651034, 0.624192
-0.152872, 2.39229
-0.0759471, 3.64165
-0.400946, 2.4129
0.985349, 0.752277
0.0271855, 5.74509
0.921078, 3.33586
0.844833, 0.845566
0.183457, 2.78404
0.418104, 3.3778
0.502996, 3.1329
-0.261744, 3.14233
0.551952, 4.56814
-0.599566, 0.601867
0.735435, 4.41192
-0.479144, 4.92656
-0.544674, 5.9783
0.51708, 0.316034
-0.608324, 3.20137
0.435633, 0.454614
-0.213491, 2.2943
-0.853694, 0.789639
-0.213689, 4.9453
0.954771, 3.90891
0.179922, 4.14205
0.891942, 1.53193
-0.615034, 4.85853
0.775338, 3.59537
0.878383, 2.62996
0.166293, 5.39259
0.224088, 0.624296
-0.948669, 2.52212
-0.256793, 3.80361
0.553111, 0.425315
0.873582, 3.23986
0.289385, 4.21879
-0.233267, 0.307115
-0.426599, 0.673869
0.319979, 3.0876
0.718389, 0.16615
-0.423896, 0.955597
0.765415, 5.15782
0.301784, 3.14509
-0.461773, 3.98817
0.961506, 6.00231
0.543714, 0.358978
0.787511, 3.27947
-0.70321, 4.31611
-0.586571, 5.34505
-0.138147, 2.76515
0.380434, 0.909977
0.343383, 5.41908
-0.62204, 6.06194
-0.313151, 0.776945
-0.486159, 3.26243
-0.263504, 5.2825
-0.949775, 4.18793
0.803092, 5.16742
-0.528187, 3.40927
0.504473, 5.64173
-0.667297, 4.15306
-0.920705, 4.99849
0.959893, 2.11662
0.0680412, 3.89546
0.14176, 1.25014
-0.826149, 0.646993
0.773262, 6.1838
-0.183615, 0.934177
-0.953072, 4.97379
-0.531865, 3.44046
-0.806216, 1.56292
0.409838, 0.422729
-0.721688, 5.18301
0.482235, 1.2253
0.919159, 5.97991
-0.291001, 5.71163
-0.460758, 1.59011
0.949005, 3.05208
0.534275, 3.8022
-0.134925, 0.788533
0.709492, 1.79235
0.327657, 0.839722
-0.446547, 0.743672
-0.516374, 0.492046
-0.730832, 3.84057
-0.418279, 3.427
-0.806047, 5.6663
0.358671, 4.68033
0.988704, 1.38688
0.360015, 2.57732
-0.873734, 3.8081
0.659757, 3.59054
0.340387, 5.02404
-0.706564, 6.00147
-0.117929, 2.00866
-0.187309, 5.12648
0.762252, 2.02722
0.455192, 5.35737
-0.958521, 1.85068
0.417914, 0.735682
-0.00692815, 0.968772
-0.340598, 0.251303
0.974502, 1.39016
-0.859564, 2.80128
-0.291229, 0.384585
0.65102, 3.55884
0.196219, 5.13998
-0.790573, 5.13427
-0.667697, 2.57006
-0.937042, 3.10217
0.133509, 1.76345
0.932966, 0.555188
-0.792809, 2.99375
-0.779704, 5.94681
-0.933114, 2.83561
0.994817, 1.567
-0.137353, 4.95843
0.785472, 1.82806
-0.601477, 1.76407
-0.943687, 5.29616
-0.761287, 2.47391
0.224466, 2.47325
0.360598, 0.760567
-0.587105, 2.20625
-0.699064, 5.29572
0.652562, 3.54169
0.0258906, 6.08033
-0.718945, 1.3434
-0.844853, 5.64305
-0.399561, 5.40588
-0.208762, 4.7335
0.500744, 6.25521
-0.976041, 3.71726
0.589878, 5.34912
-0.702324, 4.56028
-0.1358, 6.04723
0.578251, 2.87716
-0.845782, 2.55954
0.195901, 5.52543
-0.221692, 4.00915
-0.589177, 0.301086
0.943296, 5.51581
0.677032, 2.32258
0.347106, 3.21715
0.85922, 4.64151
-0.789548, 4.61809
0.717345, 3.91094
-0.0189468, 3.8774
-0.709135, 2.49419
-0.781686, 2.59775
-0.836365, 0.771701
0.639067, 1.42971
-0.758339, 1.04806
-0.98566, 2.37906
0.0671275, 0.323135
-0.321994, 4.58624
-0.587589, 5.15685
0.757712, 5.59659
-0.337592, 3.43293
-0.620107, 5.41527
0.566995, 1.37322
-0.431508, 5.16952
-0.340352, 3.53474
-0.78456, 3.23046
-0.902922, 3.54137
0.977079, 2.47447
0.569566, 0.075466
0.0818684, 2.80079
0.935924, 1.12636
-0.909381, 3.91245
-0.641664, 1.47991
-0.940702, 4.75566
-0.126144, 0.615597
0.122675, 2.56377
0.817603, 4.60741
0.989496, 0.992009
-0.515139, 1.96021
0.59534, 2.3452
0.324832, 1.22866
0.486624, 3.0666
-0.256911, 0.830775
-0.988824, 1.76969
0.91946, 5.34174
-0.198686, 5.40523
-0.752471, 0.285851
-0.649487, 3.83333
0.857886, 3.11319
0.165892, 2.76185
-0.193981, 1.88006
0.861297, 1.68388
0.311971, 2.1462
-0.953457, 3.76599
0.618258, 1.63227
0.913667, 5.35121
-0.364413, 5.44402
-0.997772, 3.30399
0.933006, 4.6658
-0.666444, 0.251778
-0.728426, 0.578157
-0.824251, 3.03717
0.468851, 1.60261
-0.37398, 0.170321
0.69113, 0.877584
0.773516, 5.24133
0.850178, 4.76322
-0.918643, 3.60544
0.403211, 5.75103
0.61697, 2.45259
0.582586, 1.80772
0.737772, 2.84949
-0.11667, 4.25885
0.0522228, 3.42746
0.818865, 1.45551
-0.447539, 4.2568
-0.868609, 5.86075
0.175942, 1.11179
0.620628, 2.08845
-0.547632, 0.635468
0.210946, 1.77286
-0.174335, 0.246769
-0.987334, 0.235648
0.748974, 2.66896
-0.904588, 3.32046
-0.883011, 1.47507
-0.920551, 0.012827
0.614418, 4.53359
0.438579, 4.63976
-0.970768, 0.724797
0.703898, 3.92455
0.305905, 5.33147
0.505314, 5.6592
0.793783, 1.28834
0.776262, 3.71466
-0.0397646, 2.18764
0.925921, 5.8245
0.702294, 4.504
0.108498, 4.2984
0.72047, 2.71442
0.453359, 5.07971
-0.256779, 3.60981
0.76561, 5.8915
-0.334757, 3.81009
-0.833522, 2.2001
0.989109, 0.336625
-0.845188, 2.81191
0.403658, 1.58888
-0.802373, 3.7072
0.178961, 5.79871
0.938893, 4.14081
-0.44457, 2.86014
-0.744886, 5.81905
0.475741, 3.71747
0.371819, 5.45193
-0.910059, 1.25222
-0.737761, 6.13188
-0.356989, 0.597136
0.825962, 0.15675
0.427333, 0.306888
0.542711, 3.80483
-0.815531, 3.38887
-0.442941, 4.91484
-0.343624, 3.41915
0.143261, 3.3275
0.264826, 4.74904
0.679164, 3.17632
0.651018, 1.09919
0.250434, 2.77774
-0.348701, 0.407323
-0.753092, 4.88862
-0.942472, 5.77141
-0.0826207, 1.77985
0.834655, 4.1718
0.164837, 2.40056
0.553018, 1.0584
0.902007, 0.917054
-0.497703, 2.96153
-0.0632679, 5.11015
0.322768, 3.21599
0.603658, 1.11881
-0.284076, 4.41915
0.688846, 6.26628
-0.437202, 4.53964
-0.647384, 3.26354
-0.886586, 4.58632
0.38919, 3.01544
0.640967, 3.42939
-0.793677, 6.20323
0.422157, 5.51392
-0.817084, 5.35915
0.989593, 5.94686
0.799054, 3.80912
0.835911, 4.95897
-0.912608, 2.38093
0.739626, 1.08924
-0.699895, 1.32131
-0.309207, 5.81256
0.0309613, 1.64864
0.876663, 1.90612
-0.94879, 2.52051
0.854981, 0.395092
-0.190167, 3.01802
0.446304, 6.08445
-0.449359, 0.897907
-0.981418, 4.33026
-0.157209, 5.1506
-0.824495, 5.08827
0.929205, 5.4679
-0.548672, 3.34861
0.950458, 5.64857
-0.348962, 4.16668
-0.185338, 1.84384
-0.740386, 0.785101
0.461976, 2.38359
0.783967, 0.319876
0.724346, 0.691949
-0.996546, 0.870766
-0.821651, 5.42429
0.00972813, 4.52028
-0.400347, 5.14596
0.429215, 1.44793
0.591867, 0.0588911
0.161523, 3.83917
-0.467722, 3.60791
-0.938845, 2.09756
-0.381674, 5.43227
-0.616431, 3.97337
0.610915, 2.11214
-0.252421, 4.60545
-0.783357, 4.17189
-0.810939, 3.87494
-0.0179219, 2.91412
0.69532, 3.91784
0.866132, 1.16421
0.660931, 1.74754
-0.564654, 1.39544
-0.256865, 3.38891
0.249182, 1.73324
-0.908872, 0.867871
-0.242283, 4.71208
0.501044, 0.596537
0.613992, 2.50245
0.711766, 1.19557
-0.0365616, 1.52524
-0.408197, 3.80214
0.952564, 4.2572
-0.671538, 0.253567
0.160331, 1.52009
-0.907264, 1.82452
0.848793, 4.08728
0.145137, 0.660837
-0.0993268, 2.67968
-0.493729, 5.48538
-0.374544, 1.82842
0.671797, 4.61424
-0.562265, 2.55969
0.0360716, 5.9823
0.572812, 5.12316
0.899265, 0.313295
0.778183, 1.19825
0.212982, 2.12418
0.758839, 4.80114
-0.982497, 5.78136
0.64846, 6.0207
0.949764, 2.38562
-0.367448, 1.87046
0.34956, 4.62827
-0.47078, 5.48122
-0.371415, 4.93304
-0.94598, 1.46789
-0.752609, 5.34008
-0.88373, 5.58068
-0.178337, 0.363091
0.156119, 1.0836
0.185155, 1.52409
-0.29646, 5.40897
0.952333, 2.35833
-0.0273108, 5.76164
0.654383, 0.648968
0.361722, 3.15837
0.289919, 0.66951
0.370081, 4.29106
0.435031, 5.13913
0.0581546, 6.2322
0.526364, 5.15671
-0.545818, 0.405322
-0.36508, 6.01675
-0.699687, 2.77856
0.0280043, 3.02582
-0.354955, 2.35984
-0.493533, 2.12486
-0.637379, 0.402656
-0.903637, 2.22185
0.193696, 5.43331
-0.480991, 4.27241
0.648784, 3.23576
0.585659, 0.0171484
-0.735093, 4.72702
-0.509704, 4.788
0.677511, 3.34011
-0.89395, 6.26709
-0.621236, 5.88027
-0.43936, 2.39035
-0.612854, 3.43073
-0.431373, 4.54687
0.959038, 3.70868
0.30462, 6.17732
0.0444323, 5.87623
0.628781, 1.70322
-0.75498, 5.06811
0.161476, 1.00753
0.98561, 0.452595
0.474388, 2.27019
0.347318, 4.28424
-0.951721, 1.52566
0.838024, 6.11028
-0.271119, 4.567
-0.964421, 1.32007
-0.248398, 3.99491
0.881563, 1.04381
0.743492, 4.19877
0.419183, 1.57219
-0.509318, 5.63901
0.484462, 0.92361
0.634788, 0.534112
0.458755, 2.41938
0.41143, 2.29959
0.498358, 4.39525
0.934034, 4.0851
-0.644965, 4.67647
0.731705, 3.74659
-0.503189, 3.7609
-0.570926, 3.80752
0.911873, 4.92298
0.206836, 4.29423
0.857219, 5.2994
0.920655, 2.72535
-0.986489, 2.02237
-0.269942, 2.04805
0.7765, 1.26584
-0.990142, 2.05851
0.233934, 0.512837
-0.160529, 2.8296
-0.558918, 5.71145
-0.444675, 0.104373
0.806436, 3.43088
0.461552, 3.02244
-0.414084, 3.25188
-0.350237, 5.60146
0.771053, 0.729268
0.37359, 0.45448
0.380299, 1.67427
-0.931755, 4.18522
-0.26008, 3.15993
0.902279, 5.62231
0.679412, 3.70009
-0.506608, 3.72524
-0.466317, 5.00951
0.598471, 5.81139
0.0611698, 5.45472
-0.70274, 2.65414
0.0921965, 4.34183
-0.445461, 4.57997
0.50925, 1.93512
-0.540629, 4.85826
-0.797812, 5.68399
-0.629764, 5.9473
-0.286122, 1.35253
0.773155, 2.02812
0.192759, 6.26034
-0.132966, 2.24815
-0.604957, 5.08653
-0.395964, 2.26075
0.337635, 0.932473
0.56322, 2.44635
-0.750406, 3.6167
-0.146107, 5.79829
0.856915, 1.02721
-0.966631, 0.92124
0.584191, 2.21354
-0.532727, 2.62481
-0.983178, 4.96374
0.963914, 2.05608
-0.430227, 5.4166
-0.433554, 4.3103
0.6755, 4.39671
-0.0412874, 4.89844
-0.768231, 3.88528
0.92396, 1.25315
0.772657, 5.39226
-0.836955, 0.936612
0.962925, 3.72697
0.137894, 1.22018
0.90414, 4.47631
0.701865, 2.54062
-0.907974, 2.51651
-0.753789, 5.92912
-0.939981, 6.02946
-0.341047, 2.04725
-0.155374, 0.265733
-0.873973, 2.77983
-0.843261, 4.6277
-0.35098, 2.2739
0.978383, 5.41552
-0.767112, 5.08735
0.90844, 0.737577
-0.375953, 4.72887
-0.634583, 4.20509
-0.397795, 4.22337
-0.26712, 5.88356
-0.352095, 3.60461
0.39986, 1.23042
-0.255045, 3.57622
0.6052, 4.42638
0.534712, 3.99005
0.0350033, 2.04253
0.943503, 4.06471
-0.127907, 0.00775141
-0.778899, 6.26115
-0.158629, 4.89321
0.876584, 3.76224
0.0997822, 5.44229
-0.61846, 3.54714
0.0341965, 4.98462
-0.504391, 3.78715
0.0588196, 3.97711
0.61956, 2.24393
-0.577327, 1.53607
0.172938, 1.22047
-0.0968406, 5.59425
-0.0491885, 1.13913
0.43131, 5.0573
0.866161, 0.656392
0.572091, 2.62425
-0.908697, 0.569723
-0.254149, 0.402495
0.752802, 1.72549
0.638146, 0.893626
0.281986, 5.7165
0.697497, 1.74395
0.859756, 5.88288
0.820067, 2.81641
0.697601, 2.05259
0.851981, 4.09899
0.490478, 2.67994
0.505174, 1.27573
-0.894802, 3.28099
-0.531131, 3.80001
-0.146958, 3.31488
-0.347815, 3.87955
-0.994882, 2.60783
0.931107, 5.33092
0.517695, 5.16878
-0.400665, 5.96667
-0.0639862, 1.4468
0.766823, 1.29832
0.807435, 4.18954
-0.191217, 4.8437
-0.81366, 5.60025
0.867242, 1.1639
-0.304811, 0.421803
0.830842, 4.3394
0.977752, 5.21971
0.114121, 1.76733
-0.388812, 2.69324
-0.457708, 4.83867
0.469831, 0.454781
0.533267, 5.24015
0.532142, 0.489288
-0.74758, 3.8627
-0.943758, 4.73557
0.967527, 0.566373
-0.192634, 4.95216
0.736678, 0.685227
-0.121343, 2.95961
-0.4389, 2.8149
-0.728227, 0.767291
-0.590109, 0.558923
0.488298, 4.68805
0.855055, 3.15912
0.194708, 3.82314
0.520404, 5.87702
-0.571327, 1.98756
-0.767944, 3.28071
0.553271, 4.29345
0.156387, 1.3911
0.65885, 5.66338
0.416787, 5.78438
0.596208, 0.852035
-0.0890465, 5.58035
-0.871369, 1.29788
-0.0112872, 5.39994
-0.887692, 2.79206
-0.027386, 2.66565
0.644022, 3.47593
0.801918, 3.06413
-0.822825, 5.00593
0.11351, 2.27123
-0.224452, 5.65235
0.843647, 2.79497
-0.879351, 3.72193
0.315224, 6.11732
-0.072157, 0.481643
0.10159, 0.639417
0.927367, 4.09808
-0.714659, 0.749577
0.843582, 4.31807
-0.195364, 2.30725
0.0265092, 1.95731
-0.661685, 4.19787
0.841178, 2.55421
0.434644, 2.92125
0.684848, 5.54635
-0.162176, 1.66533
0.804152, 6.27652
0.754323, 3.59738
-0.790286, 5.98825
0.877585, 4.84367
-0.335052, 0.199692
-0.368096, 3.53655
-0.370488, 0.844669
-0.821385, 5.44017
0.891966, 0.404223
-0.0578336, 1.87084
-0.0289051, 4.19554
0.0490401, 5.37862
0.33543, 3.7447
-0.722146, 6.03774
-0.499967, 1.92094
-0.801044, 1.3704
-0.257934, 0.52065
-0.0822881, 3.5626
-0.39082, 1.12789
0.420344, 5.52379
0.890751, 3.61295
0.792208, 6.02224
-0.867952, 4.46577
-0.0113995, 0.339124
0.675163, 0.559276
0.307768, 4.06083
-0.486386, 2.1489
0.344064, 3.3893
0.725354, 3.71994
0.771304, 4.66205
-0.138992, 4.96375
0.809897, 4.86785
0.451898, 6.02141
-0.0294893, 2.38326
-0.976765, 0.298984
0.189956, 2.06152
-0.202782, 5.29586
-0.56697, 0.141014
-0.313194, 2.68436
0.0776234, 5.86664
-0.268825, 5.82757
0.625247, 1.0389
0.664683, 1.34729
0.859798, 2.77289
0.315533, 4.35439
0.952932, 2.01429
0.837913, 0.314118
-0.529642, 2.6881
-0.692057, 4.71427
-0.25444, 0.0567246
-0.91575, 5.00342
-0.790451, 4.85746
0.151369, 4.09061
0.571127, 0.127946
0.782543, 1.78163
-0.85874, 4.26411
0.0100113, 4.01908
-0.00624082, 5.25976
0.374212, 4.45933
0.827345, 6.22849
-0.0324898, 3.62573
0.730651, 0.589305
-0.00632954, 2.75212
0.941857, 2.15439
-0.626618, 5.45123
0.970848, 2.07995
0.664486, 2.51287
0.603936, 2.52917
0.424251, 5.65019
-0.112697, 5.48073
0.305193, 1.74839
0.376952, 4.12443
0.920291, 1.41757
-0.202169, 5.16617
-0.874716, 3.36179
-0.467869, 2.80085
0.704264, 2.2948
0.563827, 5.05301
0.861751, 1.56995
-0.127634, 2.76687
-0.979728, 4.01099
-0.109444, 2.88199
-0.640885, 0.831665
0.871034, 1.08457
0.489062, 4.87065
0.296007, 3.18886
-0.547064, 4.10582
0.25585, 4.17775
0.744553, 3.22812
0.161003, 1.70281
-0.698319, 1.78577
-0.77109, 1.59192
0.740523, 4.9821
0.576499, 5.83715
0.915997, 3.82671
-0.185787, 4.46811
0.0524626, 5.76692
0.232756, 3.39962
-0.860969, 5.49467
0.64684, 4.51454
-0.746123, 4.72169
-0.762298, 0.0532837
-0.689252, 5.39479
0.735671, 1.75346
-0.6561, 2.85551
-0.764826, 3.23782
0.650282, 6.09979
0.116688, 0.482328
-0.0615617, 1.66639
-0.964225, 4.88336
0.740739, 4.06104
0.954715, 2.66931
0.629102, 5.84007
0.99967, 5.5195
-0.325943, 2.88008
0.661362, 3.31751
-0.678192, 2.57251
0.268074, 3.29097
0.943727, 1.44073
-0.508721, 5.22693
-0.707463, 3.6566
0.601244, 1.57208
0.705282, 0.45813
-0.716144, 5.30412
-0.866867, 2.98443
-0.579078, 0.454971
0.303576, 1.46939
-0.727665, 3.9586
0.868245, 4.42695
-0.493448, 5.07414
0.399292, 6.23594
-0.324012, 4.14554
-0.578267, 4.55696
0.0130557, 3.40112
-0.558842, 2.36503
-0.224164, 2.39193
-0.61731, 4.20415
-0.716226, 0.366858
-0.295732, 5.39797
-0.959991, 2.14824
-0.38885, 3.91548
-0.0951154, 1.93145
0.703659, 4.67315
-0.378938, 2.63692
-0.89055, 1.28111
-0.387061, 3.47105
0.14422, 0.993748
0.391265, 4.38641
0.0494761, 1.75361
0.195822, 3.00235
9.8939e-06, 2.95869
0.292857, 3.87442
0.0829336, 1.33141
-0.0953597, 1.17602
-0.707487, 0.542459
0.410339, 1.26023
-0.625097, 5.88615
-0.156555, 3.66612
-0.0742334, 4.52591
-0.879036, 5.08884
-0.944325, 3.08294
0.840093, 2.76892
0.738366, 0.444646
0.634251, 0.900963
0.676101, 0.482795
0.631743, 0.415053
-0.613987, 1.47725
0.603933, 2.83772
-0.489396, 3.79296
0.455629, 5.93984
-0.388519, 0.250732
0.408865, 1.52307
0.895992, 2.69496
0.674115, 0.0545734
0.420521, 3.03624
0.663682, 4.84094
-0.890427, 5.53827
-0.744537, 6.157
-0.234845, 5.41415
-0.372593, 5.6141
-0.820829, 1.20397
-0.475492, 1.53526
0.636541, 4.62701
-0.501103, 1.01381
0.661685, 1.90571
-0.815633, 4.82678
-0.0506155, 5.31547
-0.10538, 2.8878
0.838347, 1.01224
0.622261, 4.61343
-0.943046, 3.3412
-0.898047, 5.54388
-0.869603, 4.60649
-0.798684, 4.32692
-0.931229, 0.983824
-0.335516, 3.39817
-0.587678, 3.29877
0.536285, 3.39911
0.939855, 3.33933
0.60601, 2.61264
-0.920851, 0.331494
0.891986, 2.10187
-0.884739, 0.586381
0.450604, 4.78449
0.605574, 5.78072
-0.689849, 6.09753
-0.210449, 3.02645
-0.945624, 0.784794
0.600911, 1.77649
-0.958941, 3.40743
0.130936, 1.57638
-0.476737, 4.35078
-0.787363, 0.201901
-0.307052, 2.68772
-0.497736, 0.944488
-0.646895, 2.26592
0.895065, 1.59234
0.10476, 5.46528
-0.632658, 1.86132
-0.069261, 0.059901
0.969994, 5.20132
0.503195, 4.96357
-0.388354, 4.70744
-0.855336, 4.11675
0.361743, 2.19255
0.644787, 2.19101
-0.577113, 5.85897
0.711132, 3.46252
-0.0185979, 0.127371
-0.238753, 4.4025
-0.998437, 0.824018
-0.977589, 4.47021
0.671705, 2.82658
0.736031, 4.74513
-0.470717, 1.3692
-0.62328, 0.170224
0.423177, 3.29295
0.156809, 5.09943
-0.508607, 4.75801
0.790536, 0.910587
-0.721081, 4.92713
0.347205, 1.75719
-0.0305181, 3.44132
0.536119, 2.96616
0.819176, 3.91513
0.816956, 5.11361
0.176918, 5.22477
-0.911449, 1.93989
-0.284125, 6.15615
-0.915413, 2.20151
-0.879663, 5.11686
0.777221, 2.19575
0.0352136, 2.83105
-0.87459, 3.64147
-0.647012, 0.35691
0.982186, 0.392319
0.683241, 5.73944
-0.460608, 0.260225
0.652557, 5.42402
0.663941, 1.95335
0.3965, 1.08781
0.0608799, 4.70883
-0.692314, 1.93124
-0.0220946, 2.85727
0.760325, 0.427685
-0.990357, 1.03298
-0.0661203, 3.66223
0.3499, 4.01191
0.0703279, 3.54272
-0.0180123, 5.89394
0.268728, 0.0709238
0.925518, 4.64321
0.540739, 5.41648
0.222803, 1.96615
0.669839, 3.42502
-0.881237, 2.83186
-0.854876, 1.56159
0.266892, 0.267092
0.672784, 3.90087
0.608258, 1.85029
0.791469, 3.62255
-0.351752, 4.12518
-0.238572, 0.410297
-0.558204, 4.01276
-0.662581, 3.65428
-0.75932, 1.06489
0.00744849, 5.8836
0.513971, 1.79948
0.736583, 2.64116
0.814894, 3.1285
-0.865419, 0.610832
0.552266, 6.07576
0.310755, 1.74494
-0.488774, 3.95401
0.900229, 5.74761
0.942573, 4.53576
-0.738865, 4.44096
0.12996, 3.86883
0.750363, 0.741801
0.431345, 3.75545
-0.939934, 0.914852
-0.549348, 2.38149
-0.29275, 5.36807
0.820352, 1.34521
0.519819, 4.46221
0.562277, 3.05333
-0.976921, 4.53914
0.0162053, 1.69731
0.792833, 3.60116
-0.270113, 0.291498
0.439512, 3.97904
0.783513, 0.171725
-0.391221, 0.814509
-0.681261, 1.36805
0.875386, 5.40356
0.994025, 1.79781
0.939014, 1.70077
0.573493, 2.12558
-0.703478, 2.20753
0.465324, 2.44584
0.833801, 4.36063
0.701717, 4.81385
-0.681374, 1.50223
0.665508, 4.43911
0.525918, 2.68872
0.508412, 1.85508
0.167399, 3.24429
-0.631237, 5.78154
-0.496765, 1.5974
-0.446038, 0.844667
-0.315914, 0.193999
-0.854495, 4.33137
-0.0880578, 5.63683
0.126027, 3.19487
-0.987417, 0.805778
-0.282142, 6.26833
0.741851, 3.40604
-0.548144, 2.4952
0.265089, 2.25077
0.2944, 4.69674
-0.974135, 4.8531
-0.153666, 5.85757
0.183607, 3.33265
-0.142475, 1.05161
-0.702582, 4.52921
0.558141, 5.93828
-0.888677, 2.57728
0.287913, 0.551702
-0.372209, 4.03506
0.674054, 2.29303
-0.972019, 1.27718
-0.795113, 2.13268
0.160711, 3.91266
0.243472, 5.75387
0.770689, 0.411499
-0.725247, 0.203393
0.018278, 2.70931
0.670649, 1.41907
-0.405697, 2.82228
0.406935, 0.857738
0.863767, 3.50823
0.791579, 3.85595
0.120986, 1.11099
0.180188, 4.91204
0.424177, 4.26112
0.298671, 0.356571
0.0124869, 0.663491
0.669467, 5.13906
0.998402, 0.532251
-0.145106, 4.79771
-0.46977, 5.55661
-0.729483, 4.78744
-0.110667, 0.532056
-0.713681, 3.95479
-0.869237, 1.89451
-0.186924, 1.285
-0.647769, 5.20501
-0.546362, 2.01666
-0.951275, 3.1626
-0.937714, 5.15824
-0.508928, 2.44522
-0.0929577, 5.28583
-0.730682, 2.47253
-0.827508, 0.0386968
-0.276681, 5.67451
-0.833526, 0.412315
-0.408347, 4.85588
0.892158, 4.50346
0.765188, 2.15549
0.271994, 5.96427
-0.489238, 1.54225
-0.643687, 1.66559
0.568551, 0.51596
0.217507, 2.13901
0.772572, 3.37198
-0.0422005, 0.545428
-0.416549, 0.298651
0.751513, 0.908918
0.42538, 5.5199
-0.89156, 2.10232
-0.295423, 4.1733
-0.369239, 6.21657
0.773779, 2.1892
-0.0530252, 4.12588
-0.573898, 3.0713
0.0433769, 3.1754
0.415581, 2.3357
-0.82354, 2.96877
-0.652726, 4.43095
0.951688, 4.40548
0.737431, 6.27007
0.064281, 4.71348
-0.383349, 4.98868
0.965258, 2.01353
0.9676, 4.06194
-0.934824, 0.281986
0.750778, 5.6395
-0.0446952, 5.36052
-0.896281, 5.03478
0.798234, 1.19014
-0.310551, 4.22499
-0.551288, 0.455723
0.279982, 0.0952609
-0.424866, 0.125162
0.644592, 6.02676
-0.947907, 3.24565
0.672266, 4.64461
0.737712, 6.08237
-0.761532, 0.705358
0.033156, 0.707363
-0.952708, 1.54781
-0.212771, 1.2548
-0.854222, 4.85903
0.15902, 2.30867
0.971449, 3.02874
-0.192675, 2.23815
-0.882363, 0.551565
0.944894, 5.05155
0.188797, 4.93708
-0.386898, 4.99351
-0.0846684, 5.90642
0.382931, 0.34945
0.555933, 4.74786
-0.962192, 0.660069
-0.989544, 0.847267
0.683652, 2.41525
-0.827103, 4.86068
-0.336601, 1.81092
0.973168, 1.06407
-0.659401, 4.05936
0.891757, 5.16577
-0.776267, 3.40209
0.0638884, 2.63582
0.548578, 5.74196
0.842748, 0.153204
-0.294019, 4.4409
0.665892, 3.38113
-0.520103, 2.04878
-0.620468, 1.53256
-0.403761, 0.637746
-0.538876, 5.18915
-0.423217, 5.22048
0.864831, 4.55818
0.00990256, 3.17111
0.649972, 3.7791
-0.63526, 0.539901
-0.333293, 1.03253
-0.558131, 4.87231
0.623033, 1.10027
-0.8768, 0.450634
0.241624, 0.519474
0.852149, 2.772
0.3293, 3.30634
-0.865359, 5.09568
0.93286, 0.156404
-0.718297, 0.809149
0.822796, 6.1354
-0.360243, 2.93505
-0.914515, 3.52421
0.395868, 1.36121
-0.879714, 2.87837
0.321619, 1.85545
-0.0487412, 3.93935
0.706775, 2.55636
0.695116, 5.33986
0.502118, 4.84457
-0.266971, 1.15733
0.0854654, 3.97067
0.93206, 4.81425
-0.572829, 4.25152
-0.333642, 3.02296
0.726221, 2.84188
-0.0270693, 5.8601
-0.554605, 5.9041
0.559707, 3.01299
0.618482, 3.75589
0.196208, 5.44834
-0.552317, 1.3334
-0.762489, 2.57851
0.965785, 1.21757
-0.880023, 5.46366
-0.208037, 3.16956
-0.0150829, 0.371278
-0.253322, 1.52691
0.254291, 4.88359
-0.588138, 4.39798
-0.941062, 1.04784
-0.615659, 4.29872
-0.481349, 3.45761
0.723646, 4.10542
0.074844, 1.427
0.356449, 1.83786
0.738975, 3.93871
0.726675, 2.41727
-0.961498, 5.6851
0.0273193, 6.04531
-0.115122, 1.53054
0.710203, 0.115666
-0.562195, 4.08431
-0.2737, 1.57223
0.894368, 5.20934
0.387416, 0.913758
0.832619, 3.66464
-0.672267, 1.91374
0.292598, 1.00665
0.366047, 0.678408
-0.0549742, 0.116087
-0.613783, 2.42728
0.414231, 2.48664
0.571319, 4.46436
-0.997761, 1.79071
-0.984669, 0.447905
0.532996, 4.92666
0.935127, 1.83009
0.893083, 5.56164
-0.0579159, 4.27829
0.988885, 0.337178
-0.98865, 6.07025
-0.73914, 5.08896
0.0837982, 2.94088
-0.254032, 0.00767832
-0.7436, 0.281804
0.65281, 4.49188
-0.914732, 4.44833
-0.367285, 1.11664
-0.931997, 4.35752
-0.945037, 6.16271
-0.711269, 4.83346
0.396997, 0.775054
0.926947, 0.0666826
-0.927531, 5.84683
-0.00626852, 5.28228
-0.16366, 0.572221
0.250716, 3.68916
0.542748, 3.41396
0.234723, 1.40902
0.666565, 0.994227
-0.842717, 2.92316
-0.791003, 1.84685
0.614065, 5.13356
0.166234, 0.879508
0.480807, 0.300476
-0.654308, 5.25533
0.76015, 3.53535
-0.902621, 3.05381
0.81493, 1.41005
-0.1672, 1.83379
-0.665403, 5.01088
0.769746, 1.12416
0.181773, 1.8792
0.369578, 1.04993
0.639848, 0.0572261
0.320498, 4.23197
-0.137557, 0.285829
-0.00398077, 4.76952
-0.21268, 5.86808
0.36729, 3.36924
0.966846, 0.503426
0.859826, 4.38887
0.416087, 0.681626
0.37776, 2.19579
-0.470304, 3.93407
0.656039, 3.67863
0.132694, 3.99354
-0.943818, 0.432704
0.353024, 3.08337
0.0184021, 0.946084
0.630067, 4.80482
0.373597, 5.46773
0.6909, 2.80253
-0.995034, 2.22073
-0.0217467, 3.71169
-0.41175, 0.170601
0.127431, 0.160063
0.279411, 0.531185
0.986385, 2.69609
0.887848, 5.94416
-0.794184, 4.67323
-0.0564282, 3.46259
0.969007, 0.193024
0.177091, 5.2511
0.364825, 1.69459
-0.862426, 1.25724
0.0344479, 3.91196
-0.374171, 4.62946
-0.407692, 3.37223
-0.881248, 5.87744
-0.688238, 0.244132
0.954829, 4.2303
-0.671365, 1.88833
-0.66324, 1.69794
0.360152, 5.15467
-0.848501, 6.26953
0.9947, 1.03002
-0.636313, 3.67909
0.462634, 6.16785
0.976804, 4.94693
0.361208, 1.33291
0.297288, 1.58016
0.111004, 6.08405
-0.0555963, 1.95935
0.292007, 4.53988
0.796649, 4.77027
-0.978696, 5.01644
0.806848, 0.334108
0.926638, 3.66729
0.624843, 4.67697
-0.37214, 4.164
0.683256, 0.730207
-0.7454, 6.06428
0.567453, 6.0487
0.494688, 4.06951
-0.0451641, 4.81607
0.394754, 0.397073
-0.903651, 1.96077
0.931388, 3.16302
0.984697, 3.91562
0.530758, 2.91145
0.0735105, 3.88873
-0.0334277, 1.46662
0.612692, 2.04467
0.878098, 5.15249
-0.92714, 2.35808
0.515057, 2.9437
0.458961, 2.41046
-0.638536, 1.3136
-0.223666, 2.14145
0.0781871, 3.10598
0.948417, 4.48171
-0.624577, 5.71903
0.990859, 5.06038
-0.6367, 4.78176
0.840321, 0.845906
0.846786, 6.19881
0.0677363, 3.4697
0.9589, 5.34669
-0.41157, 2.1307
0.960079, 6.05166
-0.783738, 2.11518
0.375836, 4.48434
-0.529048, 5.68105
0.415239, 4.46064
0.87814, 0.640974
0.536623, 1.61678
0.901225, 6.09381
0.968769, 3.59987
-0.985059, 3.37699
-0.867515, 5.28273
0.653488, 3.17594
-0.123218, 2.07322
-0.865173, 0.380483
-0.985071, 2.85939
0.210598, 3.20076
0.473222, 5.27609
0.410065, 0.714363
0.388987, 2.00911
-0.435645, 1.26109
-0.487067, 3.71831
0.0238452, 1.45351
0.429727, 0.227315
-0.729228, 4.92246
0.817059, 4.28422
0.221545, 2.22931
0.458513, 0.310773
0.683207, 2.67669
0.0488806, 3.20602
-0.711247, 5.22248
-0.153351, 0.989709
0.48968, 0.410386
-0.591893, 1.85502
0.698076, 5.94013
0.87365, 2.69794
0.307989, 3.84603
0.844783, 0.724493
-0.476402, 6.21918
-0.928409, 3.51812
-0.139387, 4.65618
0.340929, 1.99338
0.369293, 3.79667
-0.438288, 1.93653
-0.073625, 4.38686
-0.0319016, 0.02989
-0.978553, 3.67028
0.990141, 5.1283
0.674448, 1.15778
0.762944, 5.23697
-0.460625, 1.06518
-0.939763, 3.46543
0.974088, 5.20421
-0.624557, 2.20055
0.385398, 2.72295
0.62256, 5.43889
-0.734672, 1.38933
-0.758848, 5.67983
-0.857206, 3.34377
-0.389304, 5.08243
-0.0615311, 0.343074
-0.598625, 3.52882
-0.71063, 2.94688
0.0719167, 0.917443
0.836167, 0.134091
-0.839989, 2.61096
0.261121, 4.04467
0.898268, 4.95107
0.957428, 1.91711
-0.111809, 6.17469
-0.391452, 5.72675
0.892574, 1.28199
-0.341701, 2.27314
-0.832413, 4.64345
0.419678, 5.95863
-0.0715244, 2.84594
0.515882, 2.33919
0.626332, 5.10748
-0.735083, 3.23036
0.758112, 2.33089
0.55149, 3.51803
0.191529, 3.77422
0.397043, 2.63428
0.974943, 3.08636
-0.785663, 4.97472
0.299739, 6.20537
0.387729, 3.70441
0.223409, 1.37285
-0.629431, 5.73703
0.516838, 1.74149
-0.23793, 1.70451
-0.662887, 3.53366
0.217827, 2.40669
-0.950158, 5.64828
-0.362215, 5.37987
0.135787, 2.43318
0.70253, 1.28244
0.308338, 5.78102
0.235728, 0.260993
0.683909, 0.812028
0.568191, 4.88194
0.183871, 4.88174
-0.270214, 3.67303
0.797268, 5.80839
-0.0300815, 0.728166
0.0882271, 0.603041
0.913145, 3.46915
0.572885, 3.73512
0.700911, 5.56839
0.141746, 5.75386
-0.647073, 1.54964
-0.940336, 3.1078
0.759095, 5.36635
-0.446726, 0.526395
-0.79306, 4.27151
-0.709656, 1.99071
-0.449975, 0.264363
-0.277522, 2.59855
0.642236, 2.61047
0.0904811, 1.19806
-0.373443, 6.17048
0.691357, 1.75791
0.740685, 1.49383
0.321605, 1.58285
0.224836, 3.44114
0.998582, 5.52503
0.983962, 1.44173
0.734772, 3.63949
0.669407, 4.18383
0.552821, 1.27543
0.651944, 0.087479
0.39559, 0.94891
-0.400481, 4.28189
0.818711, 3.29387
0.661579, 1.12509
-0.97975, 0.566354
0.589725, 1.96905
0.511085, 4.26261
-0.384064, 1.3298
-0.977025, 3.97368
0.120255, 4.07095
-0.732482, 4.70601
-0.952707, 3.7946
-0.0114445, 4.18386
-0.742611, 1.59804
-0.381447, 1.7247
0.558463, 6.0835
-0.673114, 4.09306
0.536859, 1.42687
-0.431168, 2.56891
-0.533416, 1.02507
0.59341, 6.23772
0.642024, 2.28403
0.0853521, 5.01092
-0.202826, 3.74811
-0.458066, 3.86667
0.635911, 0.159428
0.158423, 3.15559
0.163981, 4.4122
-0.794385, 4.26969
-0.982873, 5.89317
0.996659, 1.31936
0.714376, 1.39901
0.888123, 2.08737
-0.792892, 5.79261
-0.952844, 2.0417
-0.176518, 1.60719
-0.0489026, 5.94695
-0.137613, 3.48986
0.251346, 5.82191
-0.728337, 2.8171
-0.785698, 1.115
-0.622465, 2.58542
0.0439824, 0.109411
-0.781392, 3.5485
0.877905, 2.05188
-0.11174, 0.697188
0.725207, 2.49404
0.47897, 3.10108
-0.223962, 3.60454
-0.152491, 3.73928
0.788842, 3.6964
0.444552, 1.13513
0.771594, 5.41491
-0.556451, 5.29697
-0.658733, 4.8707
-0.191722, 4.44455
0.941025, 2.38537
-0.885981, 5.84992
0.145106, 2.98555
-0.710023, 4.58482
-0.412765, 6.08987
0.376587, 0.399438
0.33382, 6.01715
0.956433, 1.8002
-0.338574, 1.40842
0.835429, 1.22599
0.250752, 0.985404
0.568712, 5.30354
0.225732, 1.93646
0.909672, 4.98628
0.0751005, 3.92851
0.967333, 4.44874
-0.193202, 3.27944
0.675171, 4.08698
0.834084, 3.13358
0.647268, 5.74664
0.175708, 0.895656
0.866099, 6.07448
0.674245, 1.21329
-0.826404, 0.266851
-0.1089, 3.95974
-0.423094, 5.45575
0.245046, 0.597627
-0.994131, 1.43273
0.758912, 3.47843
0.417653, 1.17413
0.437663, 1.9786
-0.663904, 4.74766
-0.538398, 2.97107
-0.571304, 1.86668
0.68518, 6.07106
0.135807, 6.12929
0.163266, 0.22269
-0.0575075, 0.0054711
0.976501, 5.0498
-0.700175, 3.59875
0.302983, 1.10996
0.575367, 2.25181
-0.2946, 1.64498
0.871716, 1.59762
-0.965333, 0.365095
-0.161563, 2.56353
-0.508988, 4.42421
0.62283, 1.76545
0.0678345, 5.18667
-0.70113, 0.372969
-0.610439, 0.884395
0.657091, 0.863761
-0.974678, 0.561039
0.737486, 5.56297
0.329744, 1.14821
-0.32816, 6.18932
0.248695, 3.52417
-0.803609, 4.43269
-0.657018, 4.57324
0.836949, 1.03076
0.364705, 0.0297654
-0.222812, 4.17693
-0.973401, 4.34927
-0.902447, 3.13648
-0.831414, 6.09032
-0.0341733, 3.85844
-0.33017, 4.6626
0.852049, 4.51565
-0.291564, 3.40553
-0.556252, 3.17861
-0.915358, 6.24544
0.452457, 3.48158
-0.933799, 0.991179
0.108849, 4.45099
0.754707, 3.98404
-0.755375, 4.57313
0.340606, 0.876616
-0.159019, 1.21323
-0.426341, 5.83041
0.671696, 5.13221
0.235999, 3.931
0.791506, 2.60838
-0.630645, 4.27586
-0.933811, 3.96687
0.500167, 5.27379
-0.277311, 5.73044
0.962186, 1.9473
0.697054, 5.93354
0.959153, 1.86909
0.310128, 2.50261
-0.541472, 5.147
-0.737714, 4.88004
0.952554, 1.67504
0.0419716, 4.42561
-0.426207, 1.46309
0.687016, 2.88232
0.422656, 4.34282
0.942617, 5.84376
0.688804, 4.75267
-0.352778, 5.9766
0.924932, 1.50806
-0.933717, 1.07771
-0.859409, 2.40299
-0.222379, 5.45215
0.961901, 3.94986
-0.117836, 4.06061
-0.692772, 3.09905
-0.803235, 4.45594
0.492618, 0.228356
0.464418, 0.693241
-0.0949354, 1.09467
-0.26786, 1.02977
-0.926176, 0.320967
-0.724103, 4.0662
0.982905, 5.76213
0.838497, 1.4323
0.042726, 3.43155
0.0377624, 1.63967
0.594335, 2.97943
-0.612302, 2.19301
0.0601372, 4.91816
0.79518, 6.00898
-0.643519, 1.01892
-0.451415, 0.381281
-0.98283, 0.962479
-0.603572, 5.22257
-0.610631, 1.82827
0.419864, 3.79223
0.477431, 1.14748
0.216177, 2.65288
0.524812, 2.69639
-0.608478, 5.94236
0.129057, 2.08448
0.915994, 0.178662
-0.959698, 2.81766
0.367394, 2.04114
0.454325, 1.05811
-0.364826, 4.52408
-0.0240854, 5.94846
0.962793, 6.22201
-0.335752, 2.18132
-0.837312, 1.92971
-0.142986, 4.5244
-0.658144, 0.300309
0.810027, 2.44145
0.843069, 3.82466
-0.971618, 6.00933
0.59093, 3.30544
-0.966624, 0.532832
0.0387746, 3.96316
0.691017, 6.12649
-0.307177, 1.30725
0.368142, 1.77845
-0.320598, 3.05451
-0.434763, 2.00055
0.988688, 1.58435
0.212407, 3.25253
-0.109889, 4.85328
0.632827, 6.20403
0.12936, 0.20293
0.114476, 1.59671
0.677537, 2.43529
-0.564507, 5.97527
0.635323, 2.45447
0.750307, 0.984492
0.996176, 4.18867
0.611579, 4.81154
-0.000106481, 4.01351
0.186339, 1.04142
-0.711857, 2.58449
0.928804, 3.16905
0.0165323, 1.36777
0.989078, 4.86134
0.2337, 4.24982
0.126547, 2.20623
0.516669, 0.0151452
0.716083, 2.94954
0.367421, 0.607878
0.137076, 0.85645
0.768802, 0.605548
-0.685955, 4.29908
0.176631, 5.84622
0.428195, 0.613108
0.968683, 4.84344
-0.456835, 4.1903
0.14217, 1.44784
-0.678555, 6.19981
0.558544, 2.08296
0.969831, 1.10108
0.343665, 4.40354
-0.572148, 6.07276
-0.819206, 1.44504
-0.726882, 0.892993
-0.326337, 3.88418
0.00487424, 2.14916
0.812902, 2.61906
0.451011, 2.22091
0.581352, 6.02306
-0.639465, 0.161536
0.507102, 2.82587
0.753925, 1.12123
-0.93065, 2.40808
-0.888293, 0.941076
0.0245998, 5.85091
-0.672771, 4.83137
0.521015, 1.51305
-0.78851, 0.0453219
-0.933546, 0.166647
-0.475684, 4.52462
0.416867, 5.91819
-0.453034, 1.08951
0.248725, 5.56221
-0.841405, 2.33906
-0.425986, 5.18822
0.608794, 2.21004
0.313043, 4.20564
-0.640398, 3.98569
0.854465, 1.14907
-0.937612, 4.66804
-0.643722, 1.62045
-0.837819, 1.7073
-0.255262, 2.92255
-0.287341, 1.39817
-0.653179, 3.6274
0.358253, 3.82926
0.0204209, 5.15093
-0.164904, 0.0977776
0.698044, 4.294
0.843525, 1.15982
0.232059, 2.702
0.151767, 2.07448
-0.811974, 0.399775
-0.0954175, 0.82912
0.625087, 1.33027
-0.180447, 4.70055
-0.532736, 2.09584
-0.978289, 4.46205
0.465815, 1.97893
0.48277, 0.810795
-0.150517, 5.74311
-0.20744, 0.925072
-0.231163, 6.19664
-0.822848, 5.07244
0.288438, 5.74205
0.691709, 2.02479
0.78288, 0.846707
-0.960005, 2.82082
0.623131, 5.18815
-0.830805, 1.76788
0.8316, 3.88554
0.642931, 2.66189
0.188902, 4.55553
0.199282, 0.325199
-0.316741, 1.13636
-0.826492, 1.62047
0.551371, 0.30818
-0.0983243, 6.1453
-0.479778, 2.35017
0.944531, 5.92035
0.897168, 0.524149
-0.240675, 3.10874
-0.163248, 2.8171
-0.878842, 3.64841
0.117283, 4.11689
0.213905, 5.03256
-0.983215, 4.66513
0.933356, 1.03992
-0.0352105, 1.36811
-0.947327, 0.516661
-0.409189, 1.90072
-0.866559, 0.85633
-0.468766, 3.17154
-0.676974, 4.91553
0.455845, 5.50205
0.628048, 4.01549
0.818274, 4.25557
-0.833989, 3.74242
-0.1585, 3.62432
-0.647877, 3.55076
-0.722138, 3.18195
-0.104471, 0.202861
-0.954977, 5.39921
-0.203347, 6.06659
-0.933883, 1.57355
0.449052, 2.77944
-0.733361, 2.96567
0.851399, 1.09314
-0.0812584, 6.09775
-0.611886, 0.590624
-0.291335, 5.91128
-0.985762, 6.16325
0.583012, 3.26518
0.328877, 0.532058
0.0796083, 4.73246
0.187177, 0.170023
0.433861, 0.479791
0.923423, 1.16567
-0.991276, 4.81187
0.250773, 4.90185
-0.881427, 5.22872
0.720449, 1.56864
0.152111, 0.892907
-0.712022, 1.31898
0.73014, 1.55628
-0.896586, 4.55516
0.82656, 5.99333
0.46718, 0.402657
-0.816751, 4.95234
0.948295, 3.09628
-0.586921, 1.69426
0.929588, 3.52676
0.3435, 2.11698
0.492976, 0.40047
-0.249955, 5.65372
-0.685214, 4.00934
0.473127, 0.949176
0.495194, 1.92563
-0.149144, 5.87292
0.974176, 4.26425
-0.216154, 5.46373
0.76075, 3.25566
-0.534546, 4.71228
-0.769838, 2.42694
-0.992019, 6.04932
-0.939557, 5.60676
0.753896, 0.0579798
-0.889235, 4.4448
-0.459434, 0.575858
-0.114055, 2.14079
-0.962468, 3.93238
-0.50306, 0.708328
0.314902, 0.655509
0.837035, 3.11843
0.891707, 2.96515
0.533214, 1.65879
0.895038, 2.67166
0.386658, 3.37153
-0.362278, 3.96254
0.943745, 2.56428
0.41668, 3.25519
0.886527, 3.97602
-0.792545, 2.50097
0.577587, 1.77319
0.988774, 2.77309
0.192185, 4.07871
-0.428906, 2.60853
0.0344873, 3.25654
-0.918862, 4.43355
-0.686165, 2.48515
-0.427733, 2.52073
0.951336, 1.55284
-0.592355, 4.8626
0.422968, 3.81216
-0.547228, 2.54805
-0.735262, 0.94322
0.167471, 5.30723
0.915947, 1.2909
0.315925, 1.82628
0.0254992, 6.16285
0.677841, 0.9489
-0.93636, 1.58149
0.841868, 3.18191
0.496828, 4.68191
-0.811172, 0.368238
0.93412, 4.11343
0.756631, 2.55312
0.728455, 2.16969
-0.253843, 3.67709
0.946512, 0.729218
-0.352698, 5.82931
-0.328764, 1.34292
0.339974, 4.80285
-0.61977, 0.41607
-0.338916, 4.7576
0.962927, 1.50983
-0.797683, 1.05156
0.993776, 4.88418
0.778964, 4.19479
-0.971305, 2.65519
0.424802, 1.85404
-0.980505, 1.37957
0.455443, 4.39516
-0.424032, 0.132948
0.536615, 2.39546
0.846945, 4.68521
0.414312, 2.46326
0.411316, 5.01144
-0.335326, 2.74244
0.904835, 0.578212
0.57105, 1.36354
-0.462824, 2.85765
-0.974784, 3.94228
-0.977706, 2.79364
-0.696164, 4.55723
-0.333891, 3.88573
-0.796493, 0.388738
-0.837972, 3.95147
-0.802565, 2.53461
-0.939205, 0.852175
-0.388959, 1.18612
0.64226, 1.41481
-0.5596, 2.5899
0.176663, 2.72987
-0.430828, 5.13608
-0.244296, 3.73447
-0.288739, 5.28544
-0.875014, 3.18025
0.396998, 2.65801
0.158927, 4.35795
0.55316, 2.23807
0.589627, 2.12236
0.00701547, 3.84124
-0.133199, 4.27945
-0.263859, 0.494759
-0.848521, 4.0272
-0.170037, 0.41617
0.196622, 5.21009
0.688356, 0.77381
-0.605751, 5.89684
0.853944, 2.77155
-0.75163, 2.13831
-0.929967, 3.44639
0.501395, 0.0245462
0.343489, 0.643403
0.986578, 0.483598
0.753207, 6.16342
0.567858, 2.30005
-0.859917, 2.71466
0.200567, 3.388
-0.929111, 5.61397
0.905592, 4.84016
0.742636, 1.77312
-0.289039, 4.51262
-0.654892, 2.82297
0.670528, 3.21637
0.20019, 3.42752
-0.861375, 3.43332
-0.0210031, 1.91166
-0.640613, 0.00861766
0.78419, 4.42372
-0.944378, 1.96018
-0.418166, 1.50958
-0.701629, 5.2906
0.693882, 2.79655
0.912791, 0.467947
0.284814, 2.30148
0.440444, 0.946916
-0.834409, 4.76936
0.967092, 1.32316
0.818473, 0.096022
-0.474812, 6.11457
0.0446231, 1.28918
0.653834, 0.414737
0.618273, 3.3893
0.705159, 6.26483
-0.501328, 4.28611
-0.518402, 5.98478
0.583306, 1.00746
-0.209885, 2.68147
-0.931285, 4.66401
0.928912, 1.76473
-0.702545, 4.18484
-0.948199, 4.98128
-0.678922, 3.52558
0.880214, 5.10279
0.345435, 0.523905
-0.0939327, 3.50874
-0.44594, 1.33765
-0.271989, 0.61397
0.951811, 3.05063
-0.277783, 4.53409
0.506658, 5.33788
-0.846973, 1.80633
-0.663725, 4.76316
0.805541, 5.04471
0.708923, 5.74857
-0.771955, 4.70156
0.339816, 5.28714
0.0977846, 4.32749
-0.990993, 2.43739
-0.173277, 5.79267
0.886445, 5.15689
-0.174036, 4.61919
0.851582, 3.44007
-0.425556, 2.86416
0.993724, 5.47022
-0.308152, 6.23184
-0.887897, 4.92567
0.78973, 4.80616
0.217873, 4.70714
-0.313227, 5.32407
-0.939273, 3.62025
0.196204, 5.7422
-0.80185, 2.93111
0.599631, 5.00821
-0.875172, 0.721045
-0.300884, 5.77378
-0.543749, 4.71097
-0.3831, 4.74171
-0.817814, 4.45298
-0.910939, 5.2145
-0.342568, 3.72152
-0.458336, 0.844342
0.299194, 1.6884
-0.7336, 2.26577
0.829305, 2.55837
0.917758, 0.870054
-0.933378, 0.938249
-0.743349, 2.87142
-0.998834, 0.604095
0.642805, 2.36357
-0.441862, 2.88835
-0.0444512, 5.12708
-0.743175, 2.78446
-0.274007, 1.196
0.821607, 4.12558
0.345208, 2.45049
0.0312304, 3.77539
-0.0446641, 0.875578
0.997194, 5.00491
0.148679, 3.93435
-0.0407176, 1.81578
-0.998497, 0.20864
-0.623225, 1.9251
-0.702647, 5.90846
-0.83783, 5.20469
-0.671103, 4.24674
-0.828293, 2.7672
-0.435902, 2.55755
0.848268, 5.07276
-0.544773, 6.26292
-0.706422, 4.5817
0.880246, 6.02844
-0.817765, 4.35253
0.836535, 0.457431
-0.91027, 2.63468
0.183284, 2.89277
-0.742202, 4.93024
0.521744, 4.91867
0.497261, 4.26648
-0.0461405, 0.688842
-0.667532, 2.91634
0.317508, 5.80441
0.939021, 5.47915
0.872471, 3.40838
-0.527043, 2.57893
-0.62781, 0.329504
-0.922773, 3.01928
0.0173267, 5.83304
-0.654716, 1.64025
-0.205382, 4.20567
0.0329816, 3.16327
0.843937, 3.2812
-0.848482, 4.61959
0.768218, 4.55233
-0.833339, 3.04132
-0.377951, 2.60479
-0.703154, 5.64309
0.393654, 6.13955
0.211146, 1.95562
-0.0281298, 0.85654
-0.595502, 0.308594
0.137389, 2.01051
-0.367382, 1.27394
0.300896, 3.86576
-0.760661, 4.60593
0.0532914, 0.0676192
-0.730165, 1.82059
-0.619387, 4.1558
-0.814355, 4.79248
0.671561, 1.34105
0.156765, 0.43515
0.834541, 4.58591
-0.973171, 5.64349
-0.315164, 2.17973
0.818094, 5.8098
0.440126, 2.80926
-0.949959, 3.16978
-0.974851, 3.70635
0.512809, 2.45713
-0.835384, 6.18111
0.674652, 0.633527
0.973424, 5.79623
-0.612262, 2.44926
0.673755, 3.8887
-0.0483358, 4.13581
-0.554759, 3.51202
-0.671257, 2.84362
0.217158, 0.699891
0.796864, 1.15735
0.776763, 4.17537
0.40039, 2.99869
0.869867, 5.63159
-0.609563, 3.47404
-0.813899, 5.4587
-0.527716, 3.63639
0.70123, 4.09283
0.50254, 2.99602
0.923845, 5.76019
-0.924241, 5.74207
-0.490942, 5.01191
0.304575, 3.17478
0.772378, 4.10141
-0.610657, 6.07537
0.875431, 6.12812
0.191463, 4.60853
0.525021, 2.94297
0.474804, 4.17069
-0.0815613, 2.21863
0.668931, 1.15519
0.798627, 1.6698
0.852301, 3.17334
0.0260683, 1.24094
-0.987457, 1.54391
0.661604, 4.86012
0.976877, 1.66574
-0.29764, 2.86335
-0.953848, 5.1089
0.849967, 3.02518
-0.883872, 4.14039
0.952503, 5.54784
0.848989, 0.454171
-0.393709, 1.44372
0.762096, 4.31054
0.125102, 0.0603912
0.858332, 0.386484
0.48368, 2.47336
-0.462841, 1.40121
0.394145, 0.608226
-0.400574, 1.49963
-0.981894, 3.25769
-0.797758, 0.881245
-0.846784, 6.10657
-0.953992, 6.03971
0.0606037, 1.29967
-0.632407, 5.03472
0.254158, 0.988072
-0.657142, 4.5767
0.489174, 5.62499
0.291686, 3.152
0.602719, 0.946355
0.767459, 2.70458
0.542563, 1.40678
-0.568592, 5.47199
-0.62839, 0.593191
-0.0846945, 0.520968
-0.90113, 6.06021
-0.852127, 3.26024
0.806796, 5.48026
0.863599, 2.23713
0.727375, 0.209522
-0.425799, 1.27924
0.197361, 4.32283
0.873117, 2.84899
0.153942, 3.21564
0.761234, 4.81806
0.421266, 4.86851
-0.137924, 5.54063
0.125953, 4.77091
-0.130593, 6.24631
-0.646958, 1.37089
0.957288, 5.35807
-0.340823, 1.58401
0.372389, 3.28042
-0.705467, 1.84787
0.872265, 1.67205
-0.0168958, 4.05541
0.923277, 4.54196
0.852791, 5.37722
-0.801081, 4.35893
0.388839, 1.57156
-0.447837, 4.3066
-0.260244, 0.21747
0.754681, 1.26112
0.978048, 2.01454
0.0281451, 2.98578
-0.545064, 0.873069
-0.356469, 1.88008
-0.881536, 2.29595
0.105873, 0.499417
0.994629, 4.21148
-0.195797, 2.57975
-0.996403, 1.28648
0.324992, 0.328119
0.608697, 5.65205
0.980406, 4.76538
-0.744942, 4.65184
-0.251757, 4.69689
-0.825428, 5.10576
0.622931, 1.34517
-0.916901, 1.8787
0.310026, 1.32998
-0.826273, 3.88834
0.80797, 4.53629
0.722268, 6.08712
0.728271, 1.14663
0.189739, 5.04402
-0.000595166, 0.909017
0.562181, 6.16978
0.764755, 5.96673
0.759765, 0.854766
0.88323, 1.41426
-0.873999, 4.00308
0.455969, 2.73947
-0.0279056, 1.0549
-0.560788, 2.90835
0.617998, 4.9348
-0.865339, 0.752244
-0.875294, 4.3371
-0.0464198, 6.20412
-0.525362, 0.875045
0.721384, 1.39428
-0.710643, 4.31579
0.68201, 4.79863
-0.369074, 5.82849
0.716851, 1.05877
0.146707, 3.43006
-0.550973, 1.53877
-0.286974, 4.15048
-0.180921, 4.17894
-0.196962, 1.97335
0.869394, 2.10883
0.372991, 2.82284
-0.0279955, 1.23612
-0.59832, 0.993256
0.949129, 4.47437
0.279329, 1.34829
0.235901, 1.98785
-0.907601, 5.21505
0.93677, 0.950358
-0.286419, 6.17088
-0.834774, 0.0561954
0.464311, 0.958259
0.399988, 4.31852
0.897998, 3.16414
0.41248, 3.1695
-0.359228, 0.511816
-0.768741, 2.49956
0.0441578, 1.23478
-0.916338, 2.29992
0.80691, 2.78923
-0.670859, 0.680294
0.662291, 2.55718
-0.56658, 3.57244
-0.590855, 4.0593
-0.217924, 4.54247
0.888896, 5.08814
0.0137141, 6.07299
0.45758, 1.41751
-0.779669, 2.39702
-0.838605, 3.82673
-0.905002, 2.27817
-0.763656, 2.44996
-0.504346, 0.658006
0.24183, 4.74624
0.553661, 5.78552
0.213549, 1.0856
-0.635195, 5.07157
0.709367, 5.21558
-0.509161, 5.48419
-0.365057, 4.57103
0.644597, 3.69084
0.627294, 6.11194
0.299875, 0.77696
-0.989337, 0.558687
0.587652, 0.103078
-0.6045, 5.18841
-0.142566, 5.59559
-0.255303, 1.96253
0.382315, 4.48095
0.864061, 4.84756
-0.674724, 0.476859
0.886212, 5.57983
0.678017, 1.93226
0.829908, 0.835786
-0.283241, 4.92562
-0.722499, 5.21274
-0.570838, 4.23749
0.351806, 2.43597
-0.669191, 5.82304
0.301942, 0.00827136
-0.297937, 0.0102619
-0.165993, 1.42362
-0.901725, 4.96117
0.84764, 1.28891
-0.421721, 4.8575
-0.282991, 2.36907
-0.903336, 0.482357
-0.706872, 3.39104
-0.00648912, 5.68378
-0.655197, 3.84777
-0.769831, 3.76189
0.408866, 5.96204
-0.864161, 1.17553
0.00448955, 1.75008
-0.670606, 5.15373
-0.895845, 3.47873
-0.217422, 4.50119
0.94519, 2.61625
-0.711138, 4.94678
-0.838801, 1.32455
0.138289, 4.63978
0.0514999, 4.1886
0.386509, 6.24849
0.0552425, 0.91935
0.520592, 4.88376
0.548944, 1.46851
0.917285, 3.84897
-0.571634, 5.29801
-0.242477, 0.310724
0.912192, 4.03771
0.493172, 5.01779
-0.373936, 0.312073
0.69455, 2.08263
0.36883, 0.375192
0.0714912, 1.20362
-0.893325, 1.75351
0.725438, 2.10218
-0.312364, 1.82511
0.394951, 1.09263
0.0461893, 3.31946
0.0909225, 5.503
-0.386429, 0.0696545
-0.438998, 2.03471
0.621488, 0.21304
0.752077, 4.06212
-0.901914, 5.96352
-0.993718, 4.41714
0.618304, 3.38517
-0.545643, 2.12644
-0.0815934, 0.249526
-0.478755, 5.74981
-0.665688, 4.86314
0.511952, 4.90019
-0.40332, 0.26259
0.739171, 1.74043
-0.542759, 4.37973
-0.810599, 1.86893
-0.413623, 3.4135
0.66805, 3.8942
-0.258675, 5.32075
0.288705, 1.64263
0.992763, 3.19257
0.846371, 3.57521
-0.390182, 0.510887
-0.418571, 3.53126
0.819867, 4.98328
0.944057, 5.09618
-0.0843496, 0.15541
0.682281, 4.64014
0.550833, 3.8504
-0.78357, 0.0949423
-0.61091, 5.86036
-0.373754, 0.0227851
0.60342, 2.83301
0.555488, 0.117776
0.374297, 2.73229
-0.650223, 5.30219
-0.168752, 5.17047
-0.0421239, 1.83052
-0.882679, 3.6009
0.855023, 5.20484
0.409221, 4.39362
0.721782, 3.62058
0.567882, 1.20866
-0.364683, 5.49865
0.516063, 4.8885
0.762483, 2.84052
0.875512, 3.78506
0.550755, 5.65027
0.257952, 3.89497
-0.817702, 6.11984
-0.7982, 2.20067
-0.948266, 2.90482
0.488575, 0.480745
0.838016, 3.87652
0.599724, 5.03573
-0.977258, 2.91068
-0.0675358, 6.22141
0.39528, 3.46516
-0.747927, 2.20228
-0.785711, 2.30827
-0.415306, 1.41772
-0.170512, 4.86765
0.392654, 4.05479
0.459807, 5.54472
0.292682, 1.32011
-0.49216, 2.35799
0.975065, 4.60271
-0.501649, 4.69441
0.270836, 4.48432
0.53718, 3.07604
-0.857038, 2.5324
-0.947119, 3.59558
-0.301258, 2.65165
-0.0953662, 5.54917
-0.382085, 5.76664
0.949916, 3.76808
-0.981914, 5.16214
-0.0934759, 4.43146
0.69793, 0.715399
0.586589, 3.64681
0.920062, 4.17331
0.707009, 2.75099
-0.192032, 1.58399
-0.497809, 5.9932
-0.70164, 0.96576
-0.96622, 0.562346
-0.719516, 0.288698
0.0663406, 3.41072
0.121343, 1.09775
0.958173, 1.65557
-0.474129, 2.62092
0.164289, 5.02078
0.927934, 3.33251
0.326057, 5.1457
-0.929996, 1.94352
-0.893237, 1.62182
-0.719118, 0.297418
0.461475, 4.52614
0.848348, 1.28283
0.812159, 4.83414
-0.118275, 1.21715
0.290023, 2.43715
-0.832203, 2.91695
0.57459, 2.75826
-0.277266, 5.26069
0.615591, 1.14879
0.511291, 1.49252
0.580763, 4.94082
-0.986056, 0.888115
0.550878, 0.30964
-0.67965, 4.85887
0.0452525, 4.1843
0.132979, 2.97884
-0.638244, 4.27992
0.811381, 1.70695
0.211127, 6.16753
-0.049315, 2.62702
0.987273, 3.12224
0.84403, 5.4958
-0.66121, 1.28665
-0.442401, 1.88793
-0.0223259, 3.71494
-0.896868, 2.36558
0.0796483, 3.78715
0.30332, 5.16162
0.985174, 4.63895
-0.602048, 3.17166
0.49087, 1.72767
0.359126, 2.27059
-0.570528, 0.077909
-0.379757, 2.1739
-0.947468, 0.968813
0.335788, 4.77944
0.88935, 1.10542
0.969478, 0.168043
0.222332, 6.18034
-0.686159, 0.195499
0.648944, 5.28678
-0.34978, 5.38018
0.343997, 3.48439
-0.867888, 4.1744
0.451938, 6.15593
0.499305, 0.903945
0.221253, 3.59179
0.825047, 0.651232
-0.875111, 1.77005
-0.75317, 2.59619
-0.811081, 2.38392
-0.459189, 5.83669
0.42389, 0.441536
0.998411, 3.52211
-0.967813, 4.90104
-0.969607, 0.166323
-0.315166, 3.43957
-0.227208, 2.04726
-0.286695, 1.3225
0.445412, 5.69401
-0.634602, 5.67243
0.265029, 2.80344
-0.137392, 5.49372
-0.60003, 3.38203
0.824299, 2.67108
0.0273049, 6.11787
0.265447, 2.50881
-0.765168, 2.37884
0.952066, 1.20356
-0.591103, 3.92683
-0.399213, 5.38658
-0.92469, 1.10617
-0.251179, 0.56515
-0.0517844, 5.77268
-0.819564, 0.247608
0.736313, 3.96327
-0.66674, 1.63967
-0.664782, 2.30511
0.407797, 0.637865
-0.998862, 3.50986
-0.946431, 3.85839
0.919961, 3.02819
-0.968707, 4.89938
0.556621, 1.67551
-0.695486, 2.94722
-0.349084, 4.66289
-0.257913, 0.671521
-0.277049, 4.57862
-0.0217282, 4.94012
0.464847, 4.99106
-0.674892, 3.7472
-0.834547, 1.14785
-0.943851, 1.19491
-0.813747, 2.38107
-0.512121, 0.449132
-0.751189, 0.591805
0.567008, 5.68994
0.923834, 2.90959
-0.168112, 1.63673
-0.997286, 6.00294
-0.0362802, 0.645279
0.932837, 0.0928696
0.212797, 6.25904
-0.919659, 0.236945
-0.445598, 2.61204
0.195772, 5.0989
0.882948, 3.84844
-0.581694, 0.666141
-0.590746, 1.99737
0.699562, 2.26921
-0.255948, 3.03532
0.276377, 1.64144
-0.987199, 0.51151
0.506422, 5.87078
-0.598466, 3.64621
0.419807, 3.28243
-0.31112, 3.28734
-0.495582, 5.69896
0.909634, 1.70161
0.926888, 4.7996
-0.626029, 5.68113
0.989066, 0.586295
0.255398, 2.64556
0.901359, 5.95174
-0.820392, 1.09765
-0.517938, 0.311346
0.790993, 3.50383
0.818555, 3.95821
0.451324, 4.3918
0.870156, 0.447213
0.712906, 5.57707
0.167079, 5.3993
-0.951125, 5.67454
-0.826303, 6.02843
-0.705653, 2.45139
0.821708, 5.02336
-0.687897, 2.74535
0.931445, 1.95017
-0.194459, 1.31259
-0.109667, 0.62283
0.388999, 4.92232
-0.139932, 5.83763
0.551153, 5.64699
0.956491, 4.13114
0.780285, 0.409457
0.540113, 0.586262
0.303482, 1.86578
0.938384, 1.51645
0.756893, 1.43866
-0.954297, 0.559556
-0.0630939, 5.2747
0.0438238, 0.836701
0.259171, 2.76917
-0.657565, 3.26856
0.604703, 4.38929
-0.410383, 2.09845
0.000231674, 4.75277
0.956033, 0.736121
0.912313, 1.89239
-0.437998, 3.6597
0.649768, 0.307629
0.219633, 1.26771
0.238652, 4.05964
-0.967436, 4.49916
0.769276, 0.432982
-0.543465, 3.4669
-0.829401, 2.72452
0.410151, 0.0771641
-0.990315, 3.39692
0.139135, 0.107897
-0.693179, 3.05386
-0.946332, 3.01751
-0.842869, 5.28841
0.809473, 1.2891
-0.794945, 2.24339
0.674405, 5.9095
-0.222239, 0.126207
0.332637, 3.61438
0.444934, 5.67611
-0.490066, 0.827141
0.258432, 4.98043
-0.155367, 2.13836
0.160639, 4.19677
-0.416542, 6.09385
0.0450104, 2.20144
-0.650931, 4.97383
-0.175203, 5.75186
-0.712674, 2.24482
0.204839, 0.105072
-0.374604, 3.70293
-0.505361, 0.282557
0.926812, 5.2742
-0.74565, 0.405405
-0.699905, 5.998
-0.484212, 0.417594
0.885978, 6.1235
0.110575, 0.212983
-0.174904, 3.0897
-0.378163, 2.14768
-0.982794, 6.20929
0.770271, 1.99455
0.894578, 4.42566
0.683018, 3.0566
-0.580345, 4.29728
-0.564109, 0.425847
-0.940266, 4.74399
0.341969, 0.1275
0.517681, 2.03502
0.0168047, 1.43362
0.572908, 4.58433
0.98708, 0.88056
0.979619, 3.56699
0.245038, 3.90327
0.592715, 5.77109
0.852612, 3.9415
0.451083, 1.75163
-0.450907, 3.21244
0.0693499, 5.78226
0.729497, 2.49486
0.124226, 2.70196
0.40034, 2.62129
-0.195772, 6.21583
-0.466646, 5.03457
-0.92295, 6.14899
0.25303, 5.49672
-0.972258, 1.30502
-0.948338, 0.130097
0.987895, 0.956313
-0.00109199, 5.84046
-0.296527, 4.60161
0.223888, 3.11934
0.938267, 4.2976
-0.911468, 1.61948
-0.456126, 5.35169
-0.776947, 5.21511
-0.401876, 0.41206
-0.378384, 0.61578
0.584333, 4.34894
-0.376901, 2.8996
0.379352, 0.0127018
0.481415, 3.71186
0.809457, 1.60845
-0.363957, 5.29788
0.902526, 1.74614
0.975263, 5.7776
-0.866599, 5.15541
0.859849, 4.42127
-0.23537, 5.8416
-0.540421, 1.6744
-0.580234, 5.47788
0.799238, 5.40032
0.357778, 2.71821
0.622814, 5.63537
0.74877, 5.06616
-0.419412, 4.98458
-0.908989, 0.328231
0.0343706, 5.43287
-0.87893, 0.249623
-0.144489, 5.82785
0.742222, 2.95086
0.937336, 5.19463
-0.974212, 4.03098
-0.195833, 3.66197
-0.792727, 4.09851
0.994384, 2.01411
0.0335865, 4.04101
0.966372, 0.583784
0.486623, 2.22172
-0.792363, 1.13524
-0.124253, 3.56756
0.770101, 2.49626
-0.324889, 1.96158
-0.0702523, 1.17876
-0.686314, 0.0771913
0.291355, 6.17074
0.576861, 4.21387
-0.34698, 4.25972
-0.582562, 3.30115
0.386166, 0.487393
0.0302231, 0.932825
0.178857, 5.89792
-0.423669, 1.52725
-0.511822, 4.38043
0.669847, 0.941129
0.362199, 1.21591
-0.817227, 1.56842
0.456257, 0.0635556
-0.765792, 4.15336
-0.869895, 1.67363
0.344618, 1.92886
-0.621937, 4.95251
-0.89764, 5.64656
0.0234733, 0.733869
0.823768, 5.12606
-0.472598, 3.55326
0.223841, 1.27446
0.793489, 2.52295
0.848652, 2.72567
0.798998, 5.70484
0.287467, 0.0148221
0.190279, 4.20073
0.505013, 0.00446136
0.312112, 4.20284
0.991468, 2.3027
0.932747, 5.75058
0.925675, 1.79902
-0.998079, 1.37555
-0.262021, 5.92927
-0.854116, 1.51956
0.639876, 3.21152
-0.81109, 5.52664
0.102399, 6.0126
-0.609806, 3.27326
0.979548, 2.4939
-0.591887, 0.529821
0.910009, 1.86394
0.666572, 0.608189
0.526502, 4.83235
0.190921, 4.9293
0.770549, 2.56141
0.835775, 2.39187
-0.932861, 1.56278
0.716462, 4.87549
-0.227977, 2.58979
0.624449, 4.28789
0.552345, 3.99015
0.916099, 1.46743
0.485194, 3.88013
0.544178, 1.13139
-0.792715, 2.25322
-0.126072, 0.904585
-0.692961, 0.777995
0.985564, 3.2146
0.694185, 6.0995
0.323799, 5.78698
-0.110832, 0.000593074
-0.814266, 4.60894
-0.601723, 0.113247
0.443663, 2.74675
-0.313296, 0.0566911
-0.6771, 1.20543
0.309826, 0.47015
-0.928271, 0.934612
-0.8584, 1.86914
-0.83202, 0.0702373
0.877119, 4.77688
-0.914883, 4.40957
0.146288, 0.743759
0.915547, 0.846237
0.417788, 5.34406
0.720875, 2.41326
0.714498, 2.16477
-0.828023, 2.29704
-0.583491, 5.99312
-0.980252, 3.14132
0.805016, 1.02392
-0.176268, 3.70811
-0.0866874, 3.71796
-0.021812, 5.54963
0.198797, 5.87112
-0.738077, 0.126472
0.304401, 0.483227
0.65305, 5.2029
0.6156, 2.53827
0.752729, 2.9467
-0.992242, 0.767058
0.479245, 2.28712
-0.79547, 4.80917
-0.256143, 1.24144
-0.623999, 5.33556
-0.105332, 2.60922
-0.0699865, 5.37157
-0.573689, 6.25134
-0.297994, 0.178113
0.0336576, 0.33921
0.58287, 4.68113
-0.640076, 2.10998
-0.85203, 4.38522
-0.125956, 1.2523
0.327073, 0.541484
0.36142, 1.44342
0.868774, 1.83477
0.632853, 4.97354
0.796193, 5.32063
0.0937347, 2.71416
0.848925, 1.59745
-0.91189, 0.490497
0.182023, 5.223
-0.255374, 0.398635
-0.725251, 0.627943
0.00590725, 2.6776
-0.751788, 1.04301
0.781631, 1.90982
0.673126, 5.86155
0.149671, 5.00126
-0.923455, 4.7618
-0.566273, 3.86675
-0.999999, 1.62513
-0.801608, 5.61148
0.372879, 0.874974
0.85644, 0.72212
0.627804, 0.286772
0.218593, 1.77307
0.361502, 0.101232
0.609762, 1.52559
0.651807, 4.86084
0.721441, 1.03474
-0.597128, 5.57556
-0.166218, 3.38269
-0.0238235, 3.48023
0.741409, 5.62622
0.983888, 5.05279
0.641125, 4.8303
-0.558006, 1.79319
-0.53912, 3.79617
-0.0850838, 4.29607
0.305332, 2.00607
-0.938967, 3.84785
-0.556625, 2.64805
-0.857359, 3.27818
0.75392, 5.67527
0.207464, 0.350809
0.540184, 2.03979
0.925484, 4.8269
-0.619611, 0.0766347
-0.726469, 0.887779
-0.501762, 1.71062
0.693792, 1.75371
-0.547528, 4.387
-0.688124, 1.80605
0.183796, 1.41745
-0.490293, 1.56153
0.463686, 6.10092
-0.983921, 5.86981
-0.310782, 2.94794
-0.378018, 5.53655
0.484402, 0.974455
0.715101, 4.74409
-0.904273, 2.59593
0.546584, 6.15325
0.0511315, 4.8692
0.935122, 3.26939
-0.680939, 1.25071
-0.657617, 2.17687
-0.900967, 3.94654
-0.911647, 3.65489
-0.209153, 5.69439
0.209615, 2.14373
-0.682628, 4.58669
0.0337414, 2.29995
-0.749442, 0.515122
-0.773815, 3.31409
-0.882453, 3.98587
0.625617, 1.73761
0.343301, 3.91881
0.702208, 3.22093
0.170188, 4.5041
-0.565495, 4.06641
-0.546802, 4.12919
-0.263002, 3.20505
0.939836, 3.37462
-0.961027, 3.96963
0.579598, 0.290241
0.0886076, 5.79037
0.497788, 2.41442
0.457759, 2.99326
-0.863106, 1.26276
-0.354861, 1.08293
0.787066, 3.79793
-0.63692, 2.41092
-0.358742, 0.883811
0.352525, 0.830036
0.116667, 3.31199
0.424888, 0.241095
-0.490987, 2.46658
0.732717, 4.1329
0.444235, 1.97037
-0.0694259, 3.01205
-0.773734, 1.75549
-0.151216, 0.486774
0.707807, 0.844058
-0.340326, 5.86208
-0.889206, 1.44349
-0.680442, 6.17417
-0.627815, 4.43443
0.616569, 0.160475
0.546296, 3.006
-0.928698, 4.94807
-0.231435, 5.62444
-0.0924493, 4.2087
-0.698993, 1.79283
0.229437, 5.9032
0.159686, 1.67952
0.880763, 0.345056
0.0081016, 5.31625
0.544677, 5.46637
0.89294, 5.98086
-0.621006, 5.24795
0.420828, 4.73484
-0.943764, 0.215629
-0.599986, 1.37548
-0.975083, 0.230417
-0.846148, 1.63822
0.403451, 3.35072
0.869425, 5.55698
0.747309, 6.0572
0.95263, 2.60071
-0.964317, 3.10776
-0.176903, 0.911893
-0.910295, 2.75571
0.474227, 5.25676
0.652671, 0.342439
0.179389, 5.12053
-0.0208868, 1.91887
0.353703, 4.26026
-0.999092, 0.684357
0.588229, 3.18225
0.408398, 1.48131
0.840886, 2.00403
-0.851151, 1.40381
0.215774, 4.44788
-0.569646, 0.745522
-0.852513, 0.757682
0.345418, 1.97003
-0.982102, 3.1431
0.978815, 4.43524
-0.329176, 0.0986501
0.471454, 6.06406
0.147523, 3.3333
0.21873, 1.93267
0.111017, 4.51376
0.656708, 5.03152
-0.91112, 4.73394
0.943651, 5.93295
-0.908582, 1.25565
-0.848958, 3.79769
0.826195, 2.1287
0.169346, 1.43248
-0.499071, 3.7645
0.375033, 4.24559
-0.633953, 0.676023
0.634911, 5.47608
-0.271827, 3.68379
0.623871, 0.8604
-0.78305, 3.30271
-0.243425, 3.24165
0.751695, 1.02984
-0.0206408, 4.90286
-0.854496, 0.506178
-0.845549, 3.19935
0.409697, 3.14067
0.0472452, 0.775577
0.0144639, 3.66758
0.968545, 2.68856
0.676853, 2.548
0.967427, 4.26327
-0.69014, 1.69197
-0.79989, 5.26141
-0.974319, 3.85182
0.995687, 5.61229
-0.131758, 1.05286
-0.932092, 6.23161
-0.770281, 2.02243
-0.0863571, 6.09393
-0.772917, 4.91124
0.453355, 2.00435
-0.977682, 5.29627
-0.906465, 1.95126
-0.844451, 1.85524
0.950434, 0.260209
-0.990894, 0.202367
0.144661, 0.347746
-0.988569, 4.54788
-0.303479, 1.66947
0.567127, 3.02559
0.850871, 2.22842
-0.589841, 1.9433
0.890183, 3.05941
0.174031, 2.93289
0.737464, 2.37477
0.767952, 1.09152
0.830152, 1.98452
0.994064, 3.15736
0.736085, 3.83816
-0.517147, 1.27635
0.26602, 5.94025
-0.413295, 5.90827
0.367248, 4.11895
-0.482952, 1.68384
-0.998962, 3.08608
0.173242, 1.74966
-0.321443, 4.38896
0.303375, 1.66979
0.0961325, 1.84213
0.954003, 4.28071
0.91119, 1.41782
-0.0905675, 4.13844
0.728073, 6.08842
0.371387, 5.41498
-0.763276, 5.1456
-0.788442, 3.96351
0.106526, 6.05235
-0.220021, 1.11191
0.319445, 3.72998
-0.818246, 0.531082
0.446776, 3.87706
-0.231698, 2.27038
0.508723, 3.72845
-0.845113, 3.48873
-0.44076, 2.31179
-0.919034, 2.79015
-0.826144, 0.560743
-0.850437, 5.09911
0.836984, 0.633351
-0.789467, 2.6952
0.879265, 2.48252
0.0416926, 4.43723
0.841258, 4.08443
0.370795, 5.62892
0.336834, 5.43804
0.385452, 6.10176
0.813255, 5.25383
-0.711704, 2.22199
0.942897, 3.70573
-0.444573, 5.62739
0.0890316, 5.07389
-0.89183, 2.61964
-0.911396, 5.08105
-0.969843, 3.02582
0.905672, 5.03157
0.750367, 6.181
-0.919352, 1.03879
0.590137, 5.88485
-0.762826, 5.34738
-0.175675, 1.59096
-0.893375, 1.54396
0.590366, 5.94431
0.681594, 4.24489
-0.272847, 1.24258
-0.441363, 3.63429
0.0642177, 1.12552
0.285719, 4.55114
0.818451, 0.869104
0.0363597, 6.07775
0.895465, 1.50283
0.460231, 5.56222
0.518959, 5.2855
-0.18456, 5.24014
0.985632, 1.2144
-0.439831, 6.12412
-0.345706, 0.420316
0.871693, 0.124754
0.787071, 3.693
-0.466276, 2.23506
-0.205018, 4.35115
0.785718, 5.43422
0.17844, 4.72907
0.999913, 3.55571
0.70566, 4.14104
0.399181, 2.0664
0.785955, 1.30156
0.0227567, 0.699506
-0.649032, 5.33798
-0.926201, 4.37163
0.638659, 0.77111
-0.511516, 2.32519
0.230747, 4.49177
0.0130967, 1.60116
0.641159, 5.38392
0.91213, 1.12289
-0.650939, 1.48089
-0.928034, 1.35753
-0.651319, 1.45121
0.499499, 4.3671
0.0925732, 1.77192
-0.666234, 4.03944
-0.414807, 1.36538
0.928295, 2.19991
-0.7001, 5.85466
0.651538, 6.19769
-0.875635, 2.24709
0.252164, 1.61458
-0.474739, 2.3312
-0.121534, 0.235682
-0.288449, 0.824173
-0.952146, 3.67458
0.404462, 6.19663
-0.300653, 3.47067
0.585214, 5.35272
-0.625759, 1.30287
0.98617, 2.93877
0.571703, 1.08402
0.0602859, 4.42513
0.965929, 2.3219
-0.851941, 4.66628
0.851289, 5.53285
0.669349, 2.10064
0.593458, 4.35785
-0.913273, 5.08517
-0.345611, 3.56534
0.439924, 3.41531
0.406608, 5.73087
0.795425, 1.20295
0.750421, 3.93561
0.576927, 1.26231
-0.530932, 0.888473
0.617536, 2.01378
0.665292, 4.36978
0.981857, 3.90493
0.969525, 5.02593
-0.622188, 5.96009
0.0837107, 0.195998
0.835455, 4.95328
-0.899231, 4.17829
0.372892, 1.98195
-0.427542, 5.40816
-0.137208, 5.7257
-0.47112, 4.79662
-0.714082, 1.10329
-0.796881, 5.71908
-0.504223, 2.59391
0.73262, 0.215882
0.246643, 4.93609
-0.0182981, 2.20192
-0.860162, 5.95751
0.819435, 2.77257
0.110136, 3.60656
0.848271, 4.18937
0.649713, 3.54204
0.904866, 3.25853
-0.525517, 4.757
-0.684172, 2.70435
0.413167, 5.50102
0.874984, 3.37369
0.834256, 3.54734
-0.379518, 3.41383
-0.456352, 0.239399
-0.950322, 3.97245
0.112539, 4.59365
0.307066, 4.81696
0.940076, 5.53436
0.396222, 1.33874
-0.713735, 5.42231
0.157781, 1.99727
0.5727, 3.37767
0.809335, 5.65752
0.721145, 5.78321
0.203578, 2.93761
0.136941, 6.19374
-0.693555, 4.6069
0.916072, 3.8338
0.142686, 1.5701
0.519717, 0.818982
-0.761658, 0.285452
0.882367, 0.999612
-0.131699, 3.36209
-0.270437, 3.49775
0.672478, 2.40312
0.150978, 3.32536
0.819158, 0.910755
0.753932, 1.93804
0.362843, 3.03126
-0.714206, 3.33461
0.42885, 2.60645
0.121805, 1.75244
-0.113987, 1.01159
0.350566, 3.39409
0.4366, 2.08976
0.699422, 3.35119
-0.895718, 4.25656
0.313658, 2.8503
-0.429633, 5.78903
-0.523878, 1.19139
-0.424447, 0.136587
-0.575649, 3.64284
-0.725678, 0.215563
-0.982734, 4.637
0.910308, 5.24537
-0.334167, 5.43851
0.423794, 0.69429
-0.885682, 3.72554
-0.33718, 1.70569
-0.147436, 0.26105
-0.364099, 3.42124
0.11952, 0.220435
0.901576, 0.447305
-0.372941, 5.19759
0.72372, 5.94103
0.44242, 3.87473
-0.243201, 2.51572
-0.0217544, 6.13496
-0.978932, 4.40307
-0.609876, 5.6022
-0.501991, 3.39434
0.906889, 5.66741
-0.880759, 1.74969
0.733477, 3.24111
0.556844, 2.16202
-0.978222, 4.14294
0.106016, 4.76181
0.839012, 4.51443
0.801109, 1.14445
0.576135, 5.95498
-0.0903887, 5.36673
0.427713, 6.13798
0.240292, 0.970107
0.426477, 5.82992
0.869456, 0.186787
-0.826572, 2.85423
-0.794292, 5.07844
0.205051, 5.60022
-0.458348, 1.93752
-0.797571, 6.15342
0.790579, 5.30223
0.810782, 1.36901
0.101106, 2.20955
-0.439205, 1.58846
-0.634279, 0.421189
-0.721052, 2.36314
-0.515293, 5.98854
0.285083, 2.79855
-0.370646, 5.32583
-0.547414, 5.92871
0.934473, 3.54008
-0.807292, 4.65986
-0.843037, 0.91816
-0.822467, 2.81812
0.738233, 4.68775
-0.623457, 5.95672
-0.653583, 2.79116
0.931344, 0.954294
-0.476035, 5.74651
0.12938, 2.94353
0.902507, 4.72926
0.732304, 1.9596
-0.0706595, 5.11451
-0.0402835, 5.59125
-0.900808, 1.32574
-0.56919, 3.11799
0.433736, 4.6038
-0.762498, 5.0287
-0.783856, 3.8759
-0.940249, 3.69183
0.388148, 6.04628
0.480534, 2.65557
0.779232, 2.82776
0.118879, 1.16447
0.448037, 1.70285
0.321813, 3.4459
-0.435855, 4.39968
0.082556, 3.47457
0.550257, 0.321519
-0.834663, 5.70897
-0.561309, 4.5001
0.681994, 1.31665
0.679355, 1.74679
-0.147885, 5.59221
-0.343853, 1.69718
0.362237, 3.30375
-0.702066, 2.66344
-0.686434, 0.713095
0.80002, 5.37663
-0.836338, 4.25994
0.118148, 2.03647
0.365532, 3.0001
-0.875705, 5.96396
0.641173, 2.90355
0.839308, 5.61669
-0.406124, 2.18046
0.644552, 4.30113
0.32267, 0.482034
-0.977032, 4.33158
0.745742, 4.98935
-0.692458, 0.890172
-0.668529, 2.01648
-0.42242, 3.65112
-0.610766, 0.264716
0.806504, 0.562379
-0.299444, 2.27468
0.867694, 5.80388
-0.305383, 5.65896
-0.166667, 5.36237
0.732569, 4.51455
0.55231, 4.85268
-0.843686, 4.02986
-0.747015, 2.86627
0.87879, 5.38729
0.0741055, 4.2776
0.249041, 3.01144
-0.849401, 0.62694
0.906541, 1.23483
-0.494941, 3.28883
-0.198974, 6.11276
-0.502454, 2.58281
0.959355, 5.0872
0.854138, 5.86617
-0.762727, 2.90154
-0.858387, 0.779392
-0.0595913, 5.13248
-0.378244, 3.08714
0.685832, 5.52038
-0.627203, 0.0566355
-0.735648, 6.09267
-0.801241, 5.80871
0.70697, 4.75272
-0.675466, 3.53542
0.390512, 1.87821
-0.891945, 5.46245
-0.951731, 4.43579
-0.835623, 0.117005
-0.951324, 0.0490096
0.414669, 2.94159
0.137397, 4.3866
0.708674, 2.88712
-0.736804, 0.456307
0.604722, 1.53669
0.629801, 0.711136
0.460943, 1.99148
-0.711925, 0.357574
0.0193122, 3.70393
-0.260352, 1.89962
-0.957307, 3.21521
0.413473, 4.18533
0.509442, 5.82847
-0.487353, 0.634129
0.539584, 5.93891
0.957028, 6.10568
-0.0586977, 5.18499
0.558138, 6.08888
0.70121, 4.61531
0.398037, 5.88637
0.630579, 4.89342
0.498518, 0.429022
-0.740727, 1.5539
-0.731281, 3.62057
-0.445088, 4.41267
0.825469, 2.50174
0.802141, 3.77058
-0.931786, 0.718401
-0.178696, 4.56724
0.0694741, 3.71398
-0.90626, 0.0480014
0.390532, 1.42916
0.968838, 2.89431
0.224515, 3.94753
0.490681, 1.47335
0.611465, 0.171147
-0.972568, 2.64788
0.893324, 3.51964
-0.0756848, 2.86879
-0.043888, 4.36333
0.593829, 4.74835
-0.816976, 0.474658
0.324668, 4.48281
0.672898, 3.02386
0.480682, 6.14114
-0.730568, 1.60053
0.863722, 5.27017
-0.874578, 1.08995
0.711837, 2.9363
0.355687, 1.39001
0.795479, 0.633428
0.541492, 5.50304
-0.0838484, 0.023094
-0.106553, 1.56554
-0.914069, 4.4495
-0.705862, 6.26341
0.149725, 4.71863
-0.148457, 2.01412
-0.341882, 0.331581
-0.582768, 1.59441
-0.981164, 3.8788
0.992068, 5.10695
-0.274676, 2.98325
-0.309546, 3.64763
-0.53452, 1.33709
-0.241541, 3.97346
-0.205768, 3.12574
-0.679141, 2.49862
-0.580385, 3.23758
0.801178, 5.43957
-0.110862, 1.11559
-0.459368, 1.32114
0.378583, 4.02274
0.752784, 3.90851
-0.673556, 3.69858
-0.828806, 2.71452
-0.871195, 3.35739
-0.830074, 3.04167
-0.970418, 4.46514
0.0452207, 5.5259
0.575845, 4.50384
0.176564, 2.63747
-0.847261, 0.318165
-0.0126991, 0.261974
0.235117, 3.19447
0.118644, 6.21249
0.847445, 6.11767
-0.924197, 3.32717
0.426616, 2.63126
0.0494222, 2.59448
-0.442791, 5.17801
-0.342385, 4.03842
0.367947, 4.58012
0.832157, 1.44832
-0.600972, 5.70598
-0.447294, 3.97661
-0.14515, 5.17286
0.20011, 5.18856
0.687041, 1.61289
-0.949023, 5.79011
0.112459, 2.87849
0.072671, 5.05008
0.406486, 4.34251
-0.846337, 2.21733
0.32106, 1.43891
0.917052, 1.66965
0.56531, 4.32367
0.609742, 0.687996
0.369412, 2.42081
-0.638743, 1.18421
-0.902073, 2.13506
-0.910365, 4.34024
-0.421382, 4.38404
0.756943, 0.808995
-0.599361, 3.02906
-0.903702, 4.04102
-0.568711, 5.64605
-0.697059, 0.0508332
0.833178, 4.9594
-0.578234, 1.09852
0.221601, 3.98219
-0.242956, 2.78637
0.0572601, 5.46277
-0.782238, 3.52072
0.934216, 5.05845
-0.987623, 3.2786
0.449395, 1.69315
-0.398592, 5.66234
0.72361, 4.45583
-0.436643, 5.74546
0.982299, 1.58098
-0.970387, 4.87293
-0.247436, 2.10898
0.415907, 0.126245
0.392974, 5.85115
-0.953311, 1.74206
-0.963211, 5.8838
0.044016, 0.976467
0.174628, 2.78152
-0.595979, 1.37298
0.0315084, 3.80334
-0.864966, 2.87223
0.240928, 6.13239
0.229982, 2.63597
-0.638437, 1.70937
0.833329, 4.70823
-0.0126784, 1.81577
-0.796276, 0.429578
0.689969, 3.25744
0.953816, 4.11885
0.464015, 5.07376
-0.535591, 4.91984
0.251201, 0.855122
-0.724788, 1.99095
-0.971553, 0.248592
0.00578825, 0.0535433
-0.824211, 6.20229
0.435275, 1.97967
-0.93144, 1.5357
-0.728278, 0.189821
0.729207, 2.88582
-0.0362156, 2.91946
0.608425, 4.97204
-0.620885, 5.49055
-0.655631, 3.44301
-0.829177, 3.64448
-0.865313, 5.31129
0.307032, 3.62312
0.678069, 0.0496855
0.787974, 3.28996
0.666043, 0.0334147
-0.209526, 4.97286
-0.958435, 3.92157
0.916892, 2.76863
-0.734662, 0.986898
0.893243, 3.12229
-0.832346, 2.29175
-0.838626, 2.60396
-0.755369, 0.633759
-0.745657, 5.04726
-0.491301, 5.56382
0.373369, 4.60371
-0.738147, 1.44675
0.466245, 0.633917
-0.223185, 5.77672
-0.141996, 1.99555
-0.950289, 1.85045
-0.667388, 4.85329
0.927476, 3.36283
0.82143, 4.79035
-0.856618, 4.4306
-0.958093, 1.63452
-0.634426, 1.20137
-0.879226, 5.21242
0.121239, 1.39336
0.319378, 3.12626
-0.973522, 5.68536
0.929137, 5.42967
-0.347446, 6.02662
-0.333132, 3.61856
-0.963337, 3.16351
-0.155733, 2.37016
0.225351, 3.63947
0.279515, 2.38995
0.454834, 1.31556
0.452306, 0.996328
-0.384922, 0.641762
-0.841689, 5.8773
-0.426055, 5.80762
0.110077, 2.72322
0.563206, 3.91035
0.396497, 0.444575
0.0855928, 6.1779
-0.265556, 5.04576
0.443015, 2.905
0.632242, 1.948
-0.363367, 2.44652
0.706634, 0.439695
-0.971419, 4.014
-0.726595, 1.487
0.992148, 0.0335762
0.836461, 2.76148
-0.734201, 0.488549
-0.397202, 1.88713
0.832808, 0.876048
0.627962, 6.07137
-0.485718, 4.38062
0.968866, 2.69312
0.962271, 3.9946
-0.0579304, 1.79797
-0.0758426, 2.1392
0.910436, 5.86794
-0.0474422, 0.715837
0.912579, 1.85823
0.244887, 5.8373
-0.721188, 3.55733
0.388268, 0.640595
-0.713924, 0.710629
0.299768, 4.20392
0.864881, 4.77563
-0.346769, 3.68743
0.0416728, 1.8755
-0.891123, 1.79177
-0.894684, 5.77698
-0.409699, 2.33726
0.530929, 6.19004
0.224878, 3.55703
-0.801893, 5.22385
-0.798518, 4.90686
0.838385, 0.666043
0.691462, 3.1826
-0.835205, 6.25965
0.782863, 1.09872
0.51094, 4.68706
-0.855915, 5.98832
0.988819, 1.77326
0.0326478, 1.55033
0.0450146, 4.17721
0.124754, 5.52607
0.258023, 0.70176
-0.57729, 5.24945
0.976795, 0.519412
-0.360486, 4.84777
0.768613, 2.76995
0.466501, 0.574179
0.174854, 4.28886
-0.322495, 1.68837
-0.999576, 4.08075
0.144292, 2.48194
0.898712, 3.62905
0.852017, 0.627937
0.642461, 5.9716
0.744195, 6.06305
-0.0786322, 5.03116
-0.146814, 3.91468
0.0189139, 5.39184
-0.211416, 2.18289
-0.138588, 0.62977
0.121619, 0.483777
-0.291715, 1.32569
-0.839311, 5.24953
0.430194, 1.74914
0.755054, 3.00351
0.446467, 4.42427
0.33022, 0.596117
0.912163, 1.20757
-0.758818, 0.0865983
0.867021, 3.327
-0.248256, 1.33259
0.510261, 0.724146
0.360807, 3.79705
0.725791, 5.61053
-0.505922, 1.71004
-0.900422, 1.08377
0.894728, 1.00857
-0.858514, 3.62412
0.0617624, 5.12419
0.782504, 0.7086
-0.372907, 5.15296
-0.734424, 6.03391
-0.385426, 5.60292
-0.108532, 0.421745
0.768061, 6.2021
0.730355, 2.96651
-0.938398, 2.00623
-0.932972, 5.73252
0.181256, 4.49116
0.916154, 0.20935
0.178162, 2.67537
-0.279677, 1.56719
0.710773, 3.69895
0.088525, 5.06627
-0.786863, 0.665538
0.861096, 0.451045
-0.678691, 3.86326
0.397097, 2.20194
-0.883367, 4.91754
-0.610827, 2.37899
0.51968, 5.34714
-0.980401, 1.14067
0.036487, 4.74759
-0.599406, 2.06633
0.866417, 0.33904
0.957403, 2.26235
0.506707, 0.64214
0.609372, 4.24294
0.657089, 2.94569
-0.716664, 0.814101
-0.826612, 2.24117
0.146592, 2.51489
-0.0295763, 5.45139
0.485135, 1.92837
-0.570919, 1.54202
0.97796, 1.03394
0.284294, 2.53793
-0.714759, 4.06225
-0.760771, 3.37854
-0.365125, 4.37238
0.853469, 4.00793
0.0841889, 2.55601
0.538951, 3.19179
0.981736, 5.42535
-0.748578, 4.5173
0.815661, 1.08258
-0.352945, 5.08355
0.30801, 4.57847
-0.351891, 5.59706
-0.0525013, 0.338917
0.694828, 4.66584
-0.825709, 2.16195
-0.850078, 0.1895
0.544621, 3.9096
0.955447, 6.07452
0.503687, 1.3743
-0.0156685, 3.3444
0.924758, 2.51222
-0.712798, 1.72505
-0.923459, 4.33715
0.624942, 2.56867
0.822815, 3.39352
0.749484, 5.14379
-0.775728, 2.03572
-0.738667, 6.06444
0.75269, 0.21982
0.595879, 0.514479
0.676076, 4.35314
0.0569554, 3.985
0.904148, 1.17956
0.332612, 1.39053
-0.451655, 4.01711
0.380069, 0.78382
-0.240635, 1.5262
-0.645077, 4.13027
0.919611, 2.40057
-0.481395, 1.71253
-0.689127, 4.67206
0.085227, 3.03316
-0.836248, 5.11414
0.806707, 0.132875
-0.652071, 5.9607
-0.682787, 5.59374
0.366898, 3.48688
0.0455284, 0.56315
0.325326, 3.03121
0.847966, 4.08889
-0.807379, 1.78069
-0.0492681, 4.02406
-0.92803, 2.21943
0.056184, 4.89719
-0.1497, 2.03989
0.55789, 5.10832
0.772399, 2.88997
-0.681328, 1.13201
-0.118551, 0.0872195
-0.203083, 4.63006
-0.709825, 4.06266
0.617356, 1.5952
0.3517, 1.81738
-0.394729, 6.22044
-0.0703132, 1.14885
-0.956436, 2.69904
0.402062, 1.0795
0.690701, 5.5667
-0.47417, 6.1814
-0.527488, 5.32382
0.853382, 2.21162
-0.975677, 1.84476
0.75456, 1.54998
0.293321, 4.24479
-0.952295, 2.67314
0.0429908, 5.93587
-0.763873, 5.70371
-0.709291, 2.10819
0.0284952, 0.194603
-0.194583, 5.6975
-0.68859, 0.502723
-0.945302, 1.337
0.50598, 1.48088
0.17397, 1.03845
-0.387054, 6.02501
0.47108, 4.65332
-0.292937, 2.14784
0.339046, 3.6086
-0.69182, 6.2421
-0.37411, 3.322
-0.740938, 0.960197
-0.453887, 2.27192
-0.824254, 4.15698
-0.735178, 3.14452
0.137905, 2.084
0.846341, 0.00749755
0.00218896, 0.0137566
0.577068, 4.29184
-0.665836, 2.01566
-0.98278, 0.160075
-0.15367, 3.64404
0.471942, 0.632846
0.192991, 5.22539
0.75325, 0.196144
0.700893, 1.53515
0.0671271, 4.26496
-0.865687, 0.347387
-0.134529, 1.74291
0.853697, 2.14197
-0.962199, 0.273248
0.414713, 1.73662
0.651378, 1.1188
-0.981435, 5.2197
-0.53666, 3.70087
-0.794666, 0.606769
0.2418, 5.91725
-0.42763, 1.29565
0.824775, 3.10728
0.86065, 3.34753
0.453509, 2.30166
-0.661411, 6.08139
-0.87881, 4.8258
0.54688, 1.58299
0.408422, 0.143373
-0.517341, 6.22707
0.773413, 6.16926
-0.283442, 4.3293
-0.0658586, 5.347
-0.288999, 2.7271
0.763495, 1.48187
0.660726, 4.92358
-0.817563, 4.83793
-0.104308, 1.70287
-0.874802, 3.03974
0.620851, 2.14183
-0.743292, 4.76032
0.245385, 5.95167
-0.261909, 4.04709
-0.774293, 0.185364
-0.361129, 3.24569
-0.876034, 1.53756
0.497486, 1.29993
0.931948, 5.47935
0.1787, 2.96588
0.829037, 5.84772
-0.0329273, 1.96011
-0.984482, 1.66445
0.969923, 3.60927
0.955374, 3.22618
0.392921, 4.79295
-0.977106, 6.13947
-0.429711, 1.69329
0.846592, 4.14011
0.0508931, 3.1766
-0.100626, 4.72915
0.847115, 2.13504
0.308368, 4.98469
-0.848274, 5.75947
0.643726, 4.01902
0.742072, 5.2971
0.72898, 1.92298
0.699914, 1.79421
-0.671802, 6.19115
0.613024, 5.86028
0.534035, 2.65777
-0.817434, 1.2365
-0.627494, 4.76474
-0.971291, 1.78672
-0.144886, 1.08182
-0.253168, 1.36653
-0.963152, 0.272949
0.601325, 3.97807
0.527254, 2.73797
-0.332994, 1.34046
-0.380536, 3.55748
-0.172438, 0.801458
0.619462, 0.777659
-0.333256, 6.20011
-0.925299, 4.00249
0.844505, 2.60064
-0.502688, 3.5701
0.777745, 1.22602
-0.618281, 2.20872
0.514588, 0.678161
0.0254188, 1.78569
-0.203664, 3.23657
-0.949391, 1.00713
-0.857894, 0.0062011
-0.219556, 5.56861
-0.272644, 2.12663
0.835419, 3.61142
0.605269, 5.91147
0.258371, 2.50811
-0.455484, 3.96701
-0.816739, 0.569222
-0.745495, 3.90396
0.375, 2.54021
0.776257, 2.81171
-0.0221805, 2.29254
-0.310035, 0.736148
-0.323879, 4.00916
0.662319, 2.53709
-0.585447, 5.88695
0.107993, 5.96462
-0.80768, 0.0132016
0.423839, 3.96502
0.169186, 3.60364
-0.980124, 2.57539
0.257086, 0.343342
-0.15592, 1.81541
-0.083025, 5.7822
0.925768, 1.17945
-0.80809, 5.96108
0.964155, 3.06894
-0.386369, 1.0137
0.993935, 1.92069
-0.822034, 0.323236
0.821434, 2.09252
0.901874, 3.76167
0.912849, 2.16965
-0.702778, 6.01679
0.988666, 5.53617
0.617867, 4.40728
-0.579869, 1.20624
-0.819117, 5.53688
0.99535, 5.0776
0.582079, 3.67051
-0.685336, 2.00729
-0.654857, 1.93877
0.0488514, 3.98225
-0.801657, 1.6452
0.444938, 3.39921
-0.345996, 4.30627
-0.992984, 4.16996
0.977931, 3.52672
0.646172, 5.54987
-0.36527, 3.66147
-0.172463, 4.54101
-0.955945, 4.68447
0.711395, 5.02108
-0.213311, 0.330064
0.998509, 1.20306
-0.306251, 2.83606
0.957306, 6.20768
0.211963, 0.23904
0.0867735, 1.94942
0.469746, 3.37659
0.184175, 0.236476
-0.175772, 1.68926
-0.981429, 1.67067
0.749953, 4.80669
0.109559, 4.90961
-0.839203, 6.0726
0.995568, 1.21316
0.244372, 4.72989
0.98757, 1.4669
0.069004, 0.686112
0.565983, 1.12299
-0.819797, 0.267946
-0.261117, 5.96356
0.682275, 3.7248
-0.383533, 4.99868
-0.280775, 1.44863
0.562607, 3.82542
0.531903, 0.179351
-0.939001, 2.13121
0.911331, 5.22123
0.896345, 5.45734
0.280288, 4.64445
0.427386, 4.10548
-0.895328, 1.24432
-0.609893, 1.82818
-0.470152, 3.22636
0.803244, 6.05025
0.965549, 4.02848
-0.399685, 5.73978
-0.222671, 3.23831
0.791617, 4.90166
-0.0955556, 0.689464
-0.656807, 5.08032
-0.245926, 1.43828
0.692672, 4.20117
-0.81245, 4.16746
0.146899, 1.86542
0.0332031, 0.839768
-0.352244, 2.26699
0.214348, 5.97494
-0.447325, 4.59024
-0.688973, 3.30998
0.560778, 1.87363
-0.711989, 1.4136
0.262936, 5.46064
0.708896, 2.10683
0.847468, 1.60998
0.156812, 3.37615
-0.964664, 4.75178
0.684448, 1.57787
-0.576013, 2.55613
0.815176, 0.541747
-0.069376, 1.472
0.657751, 1.05319
-0.643964, 0.266387
0.295428, 1.59308
-0.828875, 6.26755
-0.42941, 1.35757
0.380472, 3.26732
-0.628477, 0.71508
0.994533, 4.02743
0.757799, 1.3533
-0.617701, 0.726269
0.749016, 1.97436
0.454904, 1.34936
-0.894524, 0.523648
-0.8469, 4.82614
0.0338229, 0.635226
0.331701, 1.97704
-0.135064, 4.14474
0.734337, 5.67178
0.417285, 4.86643
0.595379, 0.779399
-0.961883, 0.629704
0.150803, 5.75507
0.659337, 4.33929
0.750173, 1.43027
0.578223, 5.1641
0.809461, 0.684513
-0.772155, 6.16786
0.338902, 6.26353
-0.0762888, 3.7536
0.222648, 4.15558
0.12535, 1.7878
-0.636454, 4.83013
0.485636, 1.43288
0.766863, 0.973845
0.22645, 4.5919
0.153385, 4.73863
0.540194, 5.39853
-0.61497, 4.65522
0.293432, 0.86789
-0.514348, 0.852381
0.562496, 3.90128
-0.329825, 3.94836
-0.596814, 3.43018
-0.63378, 5.39534
-0.941969, 0.348727
0.503158, 3.09408
-0.67295, 5.92827
0.298508, 5.96294
-0.638799, 5.41618
-0.96753, 5.25675
0.935284, 3.37072
0.00703454, 1.53548
0.945576, 2.23561
0.876815, 4.1807
-0.980528, 4.10343
0.894348, 1.45673
0.952518, 1.62221
0.875305, 2.95108
0.0595729, 2.86296
0.447529, 3.31435
-0.641665, 4.05556
-0.104965, 2.02594
0.373781, 3.61959
-0.958033, 4.69135
0.970579, 4.1641
0.254966, 1.03787
0.996707, 0.472464
0.48559, 5.18407
-0.643292, 3.28851
-0.438809, 4.72176
-0.182297, 4.46482
-0.457942, 3.49713
0.46503, 0.527445
-0.0889654, 2.6619
0.781314, 4.97434
-0.903033, 0.841911
-0.999814, 4.68719
0.191786, 3.76573
-0.289918, 5.81433
0.954548, 1.03188
-0.783135, 0.659324
0.954543, 0.930022
0.408124, 3.24927
-0.192705, 0.91863
0.983511, 0.975372
0.313531, 0.504583
0.205326, 5.07317
-0.264316, 0.664253
-0.40311, 5.03501
-0.853742, 1.37574
-0.564651, 5.36973
0.905348, 2.85134
0.485554, 2.89237
0.259818, 0.889743
0.669728, 0.954961
-0.29832, 5.22197
-0.0361837, 1.30928
-0.940687, 1.03822
0.322036, 3.16427
0.613874, 5.08854
0.937379, 0.0657195
-0.0645014, 3.96329
-0.338913, 1.47172
-0.660761, 4.75624
-0.884098, 1.20623
0.682285, 1.77525
-0.579602, 2.81555
-0.947379, 3.56374
-0.048639, 0.770246
0.446316, 2.32881
-0.403017, 0.303478
-0.829182, 1.15575
0.890114, 2.08125
0.817227, 3.78557
-0.822416, 4.22857
0.764262, 3.0954
0.754882, 1.29109
0.645357, 0.380074
-0.139091, 2.02188
-0.427876, 4.42965
-0.189448, 5.05841
-0.720061, 6.1529
0.512899, 2.37652
0.484993, 2.01208
0.596816, 0.155665
-0.898457, 5.60513
0.834263, 4.6482
0.0622007, 0.71794
-0.941199, 2.41164
-0.204696, 0.589926
-0.713575, 0.944143
-0.0210969, 3.50108
0.431779, 5.668
-0.211147, 3.15094
0.564337, 0.0866437
0.313131, 2.15719
-0.14929, 4.91531
-0.469921, 0.568474
-0.990985, 3.04652
0.864788, 1.62118
-0.581771, 4.62742
-0.412155, 0.827322
0.244326, 6.17741
0.216769, 3.84037
0.754651, 1.51763
0.316353, 2.84598
-0.882578, 5.51408
-0.107478, 4.35634
0.415415, 0.145215
0.324786, 3.48456
-0.272474, 3.79909
0.810186, 4.65905
0.566513, 3.645
0.591008, 0.669607
-0.665459, 0.22349
0.645164, 3.23871
0.0459539, 5.30084
-0.206626, 3.3949
0.445736, 0.303117
0.998888, 0.899796
0.13311, 3.72505
-0.45744, 5.34232
-0.108368, 2.18156
-0.2558, 4.49528
-0.0143157, 5.24588
0.329545, 3.01608
-0.214155, 2.64473
-0.645639, 3.96854
0.796642, 4.19809
-0.755116, 5.55888
0.842356, 2.31637
-0.114378, 0.281399
-0.842177, 4.07659
-0.264364, 0.25346
-0.677599, 4.6655
0.509239, 1.92225
-0.273981, 4.46065
0.551179, 3.80391
-0.136667, 1.50929
0.287148, 3.18019
0.725137, 5.55235
-0.889956, 0.0208328
-0.837074, 5.70237
-0.222095, 0.389891
0.0955771, 3.28533
-0.42722, 3.94311
0.374793, 0.177064
-0.834633, 0.36702
-0.984553, 1.21132
-0.0608781, 0.457789
-0.983346, 1.0212
-0.732638, 2.43385
0.754483, 1.15233
0.968948, 5.84347
0.765519, 0.85003
-0.46292, 0.0159452
0.65519, 0.301643
0.20682, 4.81992
-0.675812, 2.28442
-0.477033, 5.40867
0.0569034, 2.6931
0.887152, 5.40938
0.0825595, 5.51239
0.918564, 0.639594
-0.10236, 4.83518
-0.357659, 1.56489
0.467626, 1.92022
0.677409, 6.05909
-0.622975, 3.40685
-0.315284, 1.28097
0.443104, 3.78106
0.922754, 6.16995
0.885368, 4.55004
0.967619, 1.64924
-0.423716, 6.20586
0.35609, 1.2206
0.91505, 1.39811
-0.311831, 5.08481
-0.763377, 2.6215
-0.516736, 2.09182
0.0291762, 0.721383
0.335529, 1.11967
0.900694, 1.04412
0.742483, 3.85329
0.682852, 1.66579
-0.479938, 0.460502
-0.772408, 2.68768
-0.870093, 2.95217
-0.38674, 0.949281
0.850041, 0.525976
-0.18634, 1.73546
-0.139145, 4.73562
0.705815, 3.35654
0.101133, 0.772571
0.329578, 3.86615
0.460623, 3.99876
0.0862786, 4.6604
-0.508381, 2.42331
-0.818902, 3.93429
-0.79537, 2.52976
-0.711743, 2.47935
0.946794, 1.73248
-0.908604, 4.35097
0.508774, 4.65724
-0.738682, 5.19277
0.973176, 4.73761
-0.441804, 3.0547
-0.807201, 5.77137
-0.415401, 0.00305945
0.0975648, 4.37019
-0.671948, 0.374187
-0.86299, 2.55965
0.0689155, 4.21679
0.299169, 6.09159
-0.387294, 0.226483
0.59569, 5.35201
-0.348901, 2.95324
0.76007, 2.19152
0.287115, 3.37797
-0.602062, 2.43577
0.192694, 1.99731
0.724419, 1.0126
-0.314487, 1.22086
0.103455, 4.05355
-0.408775, 5.54675
-0.959194, 4.17309
-0.694001, 3.76078
0.672517, 3.4271
0.977306, 5.34183
0.663581, 1.56302
-0.40811, 2.86261
0.526244, 5.67583
0.328954, 5.10224
-0.0730295, 2.43787
-0.371622, 0.103228
0.808234, 2.97658
-0.235197, 5.1649
0.916248, 0.652971
-0.190804, 3.32182
-0.668219, 5.45258
-0.637621, 6.1896
0.936357, 5.58061
-0.719179, 4.13008
0.916833, 5.3077
-0.639636, 3.13694
-0.979486, 3.33594
-0.980672, 3.40673
0.91596, 2.74294
-0.885568, 4.93223
0.0239844, 0.183508
0.990564, 2.8644
-0.67865, 1.81931
-0.14397, 3.28881
-0.773573, 5.00234
-0.230291, 5.93724
0.554023, 2.16424
-0.146765, 0.214554
-0.0843004, 4.25324
-0.874947, 6.18591
0.836392, 4.04381
0.672778, 4.33125
0.28626, 4.83209
0.541786, 0.459794
-0.862007, 2.45511
-0.325086, 2.02095
-0.943966, 1.89665
-0.936373, 2.4841
0.220026, 0.159472
-0.744343, 0.646576
0.214486, 0.888097
0.316265, 1.02952
-0.436562, 2.66052
0.804995, 5.85586
-0.0802143, 4.76681
-0.870997, 1.76667
-0.425623, 0.743848
-0.992713, 3.43717
-0.437879, 3.12146
0.160539, 2.49019
-0.231142, 5.68934
-0.179059, 5.00098
0.249957, 2.69904
0.904201, 2.63614
-0.983858, 5.48732
0.157371, 0.902078
0.651191, 6.22226
-0.581875, 0.420595
0.342964, 5.72334
0.299354, 1.00182
0.303991, 3.82985
-0.260426, 0.521777
0.184457, 1.90535
0.554579, 2.48663
-0.722782, 5.17945
-0.867254, 5.53893
0.639974, 0.642066
-0.507883, 1.59944
0.501166, 5.0578
0.797635, 3.71001
-0.917547, 3.00038
0.888942, 3.91029
-0.765818, 1.91365
0.161148, 0.875046
-0.781829, 0.560498
-0.240579, 0.960812
0.982292, 1.05653
-0.0134831, 0.205276
0.689036, 0.218018
0.893392, 3.34064
0.872888, 3.39337
0.96375, 3.35367
0.370736, 2.6916
-0.249921, 4.986
0.729149, 1.96114
-0.61737, 1.70712
0.523902, 2.63213
-0.220307, 1.81066
-0.600221, 5.52883
-0.811742, 4.83726
-0.978533, 1.6305
-0.951344, 5.75962
-0.22526, 2.73583
0.351675, 0.0480037
0.131901, 6.20741
-0.215686, 4.98784
-0.680604, 1.20947
0.581966, 3.38369
0.852223, 1.26584
0.0456605, 1.39674
0.186577, 3.95375
-0.595331, 5.08007
-0.889038, 1.81299
-0.815865, 2.38327
0.229513, 5.91973
0.665645, 1.50552
-0.823587, 3.36025
-0.465005, 0.561969
0.676342, 3.51232
0.924768, 1.87797
-0.299851, 5.52821
0.455924, 3.9774
-0.374802, 4.45411
-0.824279, 3.89131
-0.805476, 1.98326
0.859941, 5.75547
0.44973, 0.212359
-0.154134, 4.71994
0.601043, 5.59552
0.610477, 3.67898
0.597479, 3.09784
-0.241033, 1.15809
0.775162, 1.51492
-0.749884, 5.18344
0.0445198, 2.93415
-0.937328, 2.6147
-0.724881, 0.601192
-0.965281, 3.54706
-0.982553, 5.50454
0.0362149, 0.178548
0.276389, 0.701994
-0.977376, 2.37786
0.780347, 0.303418
-0.317214, 3.41496
-0.34382, 3.14905
0.348032, 2.69572
0.693078, 4.12978
0.129933, 2.84431
-0.0662883, 4.79135
0.4522, 1.66067
0.609753, 2.966
-0.99507, 2.87769
0.465203, 3.0053
0.434281, 3.17935
-0.511574, 3.8199
-0.217413, 2.90293
-0.696006, 4.07645
-0.515728, 5.11001
-0.293134, 1.6325
0.560898, 0.94256
-0.220971, 0.139435
-0.130436, 0.922924
-0.945478, 4.73536
0.996927, 2.97176
0.572402, 5.32367
-0.31834, 1.99454
0.795885, 2.35471
0.404113, 0.794288
0.23656, 5.61499
-0.95434, 2.06467
-0.890779, 5.31324
-0.0438366, 0.260366
-0.820248, 4.46801
-0.732332, 2.86203
-0.0469368, 3.94299
-0.851626, 5.67061
0.764751, 0.493583
0.716504, 2.38377
0.436102, 4.20883
0.715738, 3.57293
0.385217, 1.74381
-0.987856, 4.72091
0.549788, 3.78906
0.79628, 1.15163
0.854326, 1.44971
0.809001, 3.33008
-0.757207, 4.03869
0.848686, 0.365579
-0.597112, 0.688009
-0.817574, 5.32848
0.760575, 2.33315
0.385407, 4.69602
0.341612, 0.25639
0.564296, 3.12654
0.50464, 1.91721
-0.426482, 4.47086
-0.469603, 0.0499268
-0.498463, 4.25828
-0.245994, 6.08504
0.849088, 4.18018
0.580945, 1.06129
-0.078745, 4.94496
0.0907762, 5.88984
-0.864818, 3.91588
0.0629207, 4.07767
0.471484, 6.21484
0.213046, 3.0305
-0.00839701, 4.16315
-0.936402, 2.00597
0.733179, 4.74877
-0.237402, 3.18811
0.956009, 3.46975
0.0140308, 0.00715292
0.738463, 1.29186
0.339918, 3.63944
0.237994, 3.13594
-0.356155, 2.48718
0.698611, 1.71019
-0.189409, 5.63128
0.599814, 5.52543
-0.156191, 5.19949
-0.782222, 3.40925
-0.91097, 5.92949
-0.0989253, 2.64485
0.625266, 0.153199
0.742567, 5.61879
-0.788892, 2.82963
0.573652, 1.2788
-0.48115, 6.14645
0.420143, 4.0377
0.750703, 1.35454
-0.636065, 5.04062
-0.0217297, 0.689641
-0.992987, 1.93334
0.579191, 3.33817
0.583638, 3.21817
0.483875, 1.29555
0.0972513, 3.58756
-0.418582, 2.23272
-0.667753, 4.89957
0.389481, 0.831689
-0.789256, 2.02024
-0.722201, 3.40182
-0.751851, 4.49809
0.367547, 5.19178
-0.847372, 0.82975
0.780613, 1.29182
0.738957, 4.32189
0.692472, 3.0603
-0.211016, 6.21621
-0.799988, 5.13154
0.880864, 6.24633
-0.758023, 2.30898
0.461993, 1.5017
0.367476, 4.07673
0.0958913, 2.84421
0.95023, 0.168165
-0.899756, 2.08213
-0.831878, 1.45895
-0.0956259, 5.81986
-0.416346, 5.25897
0.653192, 4.42805
-0.708797, 2.17191
-0.778251, 3.03477
-0.972352, 6.19394
0.779871, 1.95158
0.661659, 5.82293
0.606008, 0.287577
0.485257, 4.98617
-0.72129, 1.04705
-0.409138, 5.78439
0.920199, 1.8109
0.0127702, 3.54728
0.364426, 1.64474
-0.959468, 2.64204
0.768794, 1.12516
-0.942908, 1.71479
-0.765409, 1.64321
0.563014, 5.65073
-0.461047, 5.74296
0.992053, 0.0260434
-0.387625, 1.93206
-0.854593, 3.46544
0.409012, 2.87936
-0.430612, 1.34011
0.827842, 3.12969
0.92208, 3.17631
-0.845371, 5.62564
0.93613, 5.3803
-0.973611, 3.97755
-0.108339, 5.28813
-0.980541, 2.94315
0.847209, 4.85197
0.285029, 2.72031
-0.896201, 5.06108
-0.340243, 0.387093
0.647856, 1.27738
0.961439, 5.04653
0.563927, 0.62823
-0.639842, 3.66837
0.393633, 3.93096
-0.822566, 5.62447
0.79417, 4.29195
-0.928477, 1.49931
0.748353, 5.34021
-0.676153, 3.1371
0.80275, 3.64594
0.798819, 2.41111
-0.352061, 4.56248
-0.293393, 0.878604
0.579598, 4.51488
-0.961347, 1.41244
0.74732, 1.58313
0.292393, 3.43794
0.585635, 1.43864
-0.30753, 2.25862
-0.286625, 3.91039
0.274154, 2.10414
-0.519734, 2.56846
-0.84271, 4.51973
-0.667464, 3.06781
-0.0667932, 3.47815
-0.543092, 5.50595
-0.470358, 4.59482
0.486095, 1.25709
-0.986254, 4.4867
-0.989276, 6.17226
0.653209, 3.11696
0.25594, 4.62176
-0.957166, 0.33627
-0.87594, 3.05064
0.634137, 5.03287
-0.52384, 0.235059
-0.451194, 5.49848
-0.60345, 4.58887
-0.0541434, 2.01104
0.689093, 2.79453
0.624701, 3.96605
0.464494, 5.70701
-0.455393, 2.46788
-0.545604, 0.611309
-0.501129, 6.17057
-0.868071, 0.936659
0.523976, 2.62082
0.317178, 4.05283
0.921106, 3.34299
0.785219, 5.22474
-0.462545, 3.14282
0.89518, 0.289059
0.937203, 3.41312
-0.957452, 4.90932
0.786269, 3.86371
-0.210723, 0.650834
-0.837894, 6.11608
-0.0885112, 3.18597
-0.164067, 2.45255
-0.257721, 0.130225
0.920296, 4.43482
-0.0730725, 0.791573
-0.489522, 3.5741
-0.749796, 0.642438
0.531945, 6.20634
0.825733, 0.0572394
-0.544949, 5.91279
-0.223719, 0.90784
0.842919, 3.86315
0.104276, 5.07211
0.74999, 3.4098
-0.76284, 1.73287
0.435933, 2.92771
0.822912, 4.76825
-0.0997361, 3.33495
-0.102235, 1.23156
0.996211, 0.211042
0.640532, 2.4294
0.102201, 5.62109
-0.427386, 4.45104
-0.199099, 5.82402
0.892707, 0.966729
0.815099, 1.51804
0.0963994, 5.63616
0.96099, 5.64232
0.442397, 1.67198
-0.616608, 0.139587
-0.62711, 0.199042
0.186739, 4.37065
-0.0714882, 3.64779
-0.508419, 0.9986
-0.329591, 1.21626
-0.394204, 5.96167
-0.807881, 3.14563
0.873901, 0.20255
-0.273356, 5.31829
-0.116969, 4.60528
-0.364468, 5.48907
-0.58089, 6.05537
0.949823, 0.08103
0.486854, 4.46003
0.271335, 2.92531
-0.0321323, 0.888644
-0.310473, 4.06261
-0.926185, 2.7302
0.293625, 1.11776
-0.912998, 4.87164
0.780302, 1.4863
0.901527, 4.31235
-0.674187, 3.67867
-0.829599, 5.98241
0.200555, 0.437289
0.710404, 3.20758
-0.607787, 2.33376
0.0862974, 3.72884
-0.20295, 3.12313
0.444566, 1.7162
-0.143504, 0.937145
-0.747326, 2.47522
0.701815, 0.558395
0.776304, 1.58881
0.0725472, 0.193377
0.28071, 2.85477
0.507248, 0.349498
0.823653, 1.00949
0.589814, 4.1564
-0.809751, 1.55125
-0.302174, 2.97916
-0.884095, 2.03875
0.568987, 5.78507
0.981616, 3.93415
-0.599881, 2.07457
-0.906793, 1.00749
0.146853, 1.33584
-0.822206, 4.90485
0.862356, 2.40709
0.149996, 2.24176
0.848994, 1.75057
0.915036, 1.82299
-0.554192, 2.14962
0.546795, 6.25311
0.780369, 0.657397
-0.380224, 5.51063
-0.979366, 1.79465
0.274491, 2.48482
-0.925897, 1.66405
0.136659, 1.95227
-0.974932, 4.78435
-0.752799, 4.51785
-0.459464, 1.97628
-0.481386, 3.98492
-0.532519, 0.254405
-0.242449, 4.85542
-0.77802, 4.01169
-0.703528, 6.11113
-0.831047, 1.46434
-0.136794, 4.24799
0.635574, 0.267925
0.54341, 5.79849
-0.377805, 1.05028
-0.286595, 3.42904
0.86764, 2.11482
0.236444, 0.0994952
-0.578635, 2.91821
0.782858, 0.269468
-0.144024, 6.05073
0.782223, 4.53017
0.0205496, 1.82793
0.277748, 2.37862
-0.723471, 4.22846
0.415278, 1.87235
-0.55386, 3.31538
0.452968, 1.98207
0.78897, 5.28097
0.549379, 1.96501
0.93001, 6.15387
-0.637149, 5.40014
-0.414055, 1.50776
0.195216, 0.180949
-0.110734, 1.24978
-0.942515, 3.29988
0.66608, 4.81466
0.562914, 4.5351
-0.868367, 4.4101
-0.81429, 0.707101
-0.205288, 0.896202
-0.978999, 3.63397
0.587364, 1.54207
0.408175, 1.3705
0.346066, 2.15353
0.75745, 1.65962
-0.924741, 4.05527
0.102068, 3.14521
0.289114, 4.46181
0.000150217, 3.06998
-0.923541, 1.24637
0.848617, 5.73286
0.953841, 0.283092
-0.575375, 2.16865
-0.655022, 1.7318
-0.41451, 0.0200705
0.154955, 3.09036
0.639752, 3.73548
-0.566108, 1.77674
0.491322, 0.172883
-0.130627, 5.95863
0.533649, 4.35781
0.883544, 0.946049
-0.673928, 0.720885
0.199062, 1.62619
0.663189, 5.67595
-0.1881, 1.44577
0.000831103, 5.00466
-0.934079, 2.94188
0.650892, 2.54973
-0.47932, 0.0762229
0.284273, 5.06919
-0.554405, 3.04768
0.734962, 5.29925
-0.902058, 3.54393
-0.412359, 5.69928
-0.267884, 5.65806
-0.300309, 3.62119
-0.765417, 0.622902
-0.299416, 0.761986
-0.82132, 2.29424
0.324642, 6.16674
-0.890969, 4.03016
-0.807371, 5.449
0.594068, 1.48297
-0.589162, 2.90471
0.694325, 3.76327
-0.77222, 4.78495
-0.227975, 4.69747
-0.231114, 2.1834
0.9069, 2.62994
0.952762, 3.35402
0.0411089, 4.15373
-0.0387545, 3.15944
-0.344559, 4.67673
0.559886, 3.2704
-0.372212, 2.60976
0.692016, 4.98514
0.119347, 2.76836
0.108715, 4.83614
0.688191, 4.75697
0.188417, 3.15037
-0.481327, 4.19824
0.116703, 2.45873
0.549621, 2.7626
0.551449, 4.52027
0.421514, 4.9553
0.694849, 4.5631
-0.677137, 0.262849
-0.655049, 5.7668
-0.993913, 1.04251
-0.789697, 1.21821
0.304865, 1.43435
0.731073, 1.09993
-0.819126, 3.69774
-0.805162, 3.18163
-0.400311, 3.41396
-0.985858, 1.97591
0.88012, 1.11969
0.669613, 2.00375
-0.766964, 4.63432
0.358618, 1.46384
0.27592, 0.176544
0.161396, 0.907916
-0.356155, 4.15019
0.142949, 4.70738
-0.581266, 2.725
0.454615, 5.09725
-0.423805, 3.80723
0.0867006, 1.01144
0.090015, 5.1494
0.550821, 3.27969
-0.45564, 1.85541
0.747346, 1.46758
-0.64953, 0.0518288
-0.639991, 5.28922
-0.982577, 1.74998
0.0817117, 0.501274
0.435869, 3.73897
0.991381, 3.80758
0.863827, 4.07679
-0.747047, 5.29682
-0.808182, 2.18053
0.744724, 4.10694
0.224037, 1.36969
-0.681493, 3.83717
0.0599468, 2.48338
-0.952204, 2.17897
0.48687, 3.36067
0.954543, 4.12703
-0.901173, 5.57734
-0.334049, 3.37965
0.666192, 0.0896062
-0.69229, 4.86825
0.74873, 2.79746
0.820957, 0.966176
-0.589685, 3.61688
-0.659461, 0.43353
0.725022, 1.98361
-0.610128, 1.40547
0.911404, 3.81082
-0.31647, 5.57236
0.990952, 4.01786
-0.892146, 2.6991
-0.0605488, 6.06364
-0.833486, 0.326588
-0.354561, 4.68028
0.896735, 4.38574
0.83663, 0.577541
-0.381, 0.775993
0.183363, 2.70768
-0.917033, 2.41745
-0.902684, 5.74319
0.09098, 3.67556
0.233001, 3.62532
0.520488, 0.469538
-0.409134, 0.0648359
0.37724, 2.25934
-0.859147, 4.8598
0.739933, 0.406582
-0.740278, 2.01872
0.570611, 4.72931
-0.584838, 0.692576
0.824645, 3.06025
0.41048, 3.93835
-0.906555, 3.0926
-0.119068, 5.04137
-0.487468, 4.31698
0.193551, 5.49472
-0.863428, 6.26633
-0.0360891, 5.50396
0.771297, 5.12764
0.226905, 2.55423
0.601961, 2.57621
-0.959616, 5.76098
-0.964608, 2.46243
0.431279, 3.79005
-0.645291, 6.06277
-0.830231, 3.25741
0.871258, 0.956299
0.923437, 4.96533
-0.691719, 3.3087
-0.504429, 0.929248
-0.423659, 6.01504
-0.758457, 2.27516
0.73546, 4.21197
0.576692, 1.69714
0.910678, 0.43002
0.359145, 1.92234
0.867146, 2.46059
-0.33408, 2.43362
-0.696913, 0.134705
0.871928, 0.306411
-0.312108, 1.36551
-0.958558, 2.05891
-0.584479, 4.06103
0.29718, 1.76857
0.715413, 6.08755
-0.39148, 4.40118
-0.372779, 2.48819
-0.246843, 1.54386
-0.585312, 4.11272
0.303517, 5.2703
-0.29906, 5.52104
-0.377745, 3.24018
0.331541, 4.29708
0.278122, 5.94548
0.489567, 3.59088
0.662112, 1.44205
0.230064, 2.71881
-0.0422669, 3.19955
-0.162123, 2.49518
0.16653, 4.53253
-0.147124, 5.11259
0.0563404, 1.24445
-0.500499, 0.128546
0.355954, 1.49618
0.343791, 2.07003
0.836781, 3.03603
0.870264, 2.63309
0.5867, 2.15361
-0.904335, 0.688114
-0.139998, 2.96782
-0.307641, 2.70541
-0.552999, 5.93793
-0.470833, 1.10466
0.0485688, 5.89924
0.75749, 6.10565
0.811379, 0.598668
0.829763, 1.45341
-0.885528, 0.286873
-0.450767, 2.80284
-0.371087, 6.00308
0.811051, 4.83673
0.789766, 6.08033
-0.246597, 5.9374
0.0774045, 3.80651
-0.494628, 3.41007
-0.986787, 1.78068
0.289431, 1.59923
-0.494261, 5.6474
0.929986, 2.61665
0.850186, 5.49135
-0.857431, 1.25735
-0.29183, 5.4021
-0.999979, 3.47199
0.305854, 3.22469
0.0790516, 5.04292
0.847456, 1.37609
-0.927759, 0.761047
-0.56107, 4.14506
0.196791, 1.53458
-0.46442, 2.21648
-0.0117903, 5.8249
-0.591457, 2.24447
-0.581746, 3.00496
-0.666054, 2.52286
-0.556103, 0.631887
0.610441, 2.14096
0.888722, 1.17803
0.985947, 3.86823
0.838709, 2.72253
0.484691, 1.47451
0.952092, 5.29068
0.824227, 6.23465
-0.122492, 1.36036
-0.24193, 0.118873
0.560982, 2.78063
-0.803899, 1.55132
0.581486, 2.64128
-0.664521, 0.166995
-0.985457, 0.0492013
-0.0853953, 0.271917
-0.98877, 4.40081
0.456965, 1.46283
-0.686876, 4.45182
-0.467228, 0.130521
0.695457, 4.26763
-0.73659, 3.71498
0.0362694, 3.69476
0.615279, 5.4698
-0.169679, 1.69179
0.607406, 4.23787
0.852635, 3.4375
0.907093, 2.23366
-0.361919, 5.01447
-0.534386, 2.825
-0.0246133, 4.75962
0.247869, 3.20577
0.203662, 1.36031
-0.793249, 4.90203
-0.704633, 6.09165
-0.152207, 6.10211
0.475994, 1.99877
-0.758924, 1.93222
0.22439, 0.17931
0.913071, 2.84909
0.854492, 3.3786
-0.703568, 4.96019
0.0566191, 0.614652
-0.65923, 4.55173
-0.126604, 5.43308
-0.431783, 4.26235
0.7248, 3.57476
0.619186, 0.131025
0.497954, 0.571525
-0.903964, 2.55342
0.450618, 0.150715
-0.530794, 1.42328
-0.709798, 1.68661
-0.737424, 0.341438
0.0664685, 2.69259
-0.791208, 4.04929
0.701524, 2.89326
0.892538, 6.11457
0.345553, 4.22963
0.545009, 2.1108
-0.666122, 0.477161
-0.0541066, 2.05987
-0.730282, 5.54156
-0.88683, 6.14704
-0.72608, 2.28542
0.202484, 5.08144
0.169123, 2.3691
0.100015, 1.09128
-0.182639, 4.0479
0.680314, 3.61329
0.741331, 1.3338
-0.960899, 2.86992
-0.479509, 4.76511
-0.752475, 1.96751
-0.964299, 2.8413
-0.108674, 2.47287
0.528547, 2.80052
-0.84153, 3.25426
-0.920725, 2.80999
-0.571743, 3.99125
-0.357384, 5.10772
-0.314167, 2.54516
0.397085, 4.37771
0.334204, 2.95648
0.267822, 1.00578
-0.774252, 5.09546
-0.833014, 3.53246
0.940093, 4.30984
-0.491681, 4.9895
-0.568249, 5.11235
0.489213, 2.3794
-0.116039, 6.06215
-0.517222, 5.58449
0.11774, 6.26134
0.458242, 3.64132
-0.202026, 4.43266
0.310864, 2.79965
-0.242857, 4.24421
-0.921484, 3.77973
0.761578, 0.345535
0.453449, 3.15624
-0.920816, 4.38965
0.036975, 4.49896
-0.815376, 1.92703
0.965146, 0.298106
-0.613765, 6.01846
-0.997495, 1.77343
0.697338, 1.07524
-0.348005, 0.112882
0.124943, 2.70803
-0.679199, 0.302109
-0.369395, 3.84712
-0.180021, 0.365563
-0.619883, 0.872702
0.174368, 2.21147
-0.432205, 3.73386
0.117188, 2.84254
-0.337382, 4.6064
-0.899651, 1.41783
0.00356138, 1.52773
-0.120018, 3.59322
-0.54442, 2.12604
-0.977376, 0.343096
-0.787698, 3.92095
0.765851, 3.06156
-0.51109, 0.246778
-0.99007, 4.67708
-0.757444, 5.73639
0.591086, 4.34337
-0.638708, 2.12541
0.916723, 2.89763
0.32385, 4.43302
-0.816239, 6.27682
0.229933, 3.80605
0.425748, 3.19247
0.528928, 3.70921
-0.216747, 4.30822
0.273259, 3.61107
0.505006, 0.998088
0.821956, 5.2394
-0.0578812, 3.98507
0.345456, 6.08828
-0.9705, 0.0726519
0.788671, 4.34662
0.533311, 4.27282
-0.988643, 1.02326
-0.927033, 5.34268
0.939094, 1.04536
0.769998, 3.73439
0.980097, 5.77988
-0.627506, 0.478352
-0.595896, 1.99757
0.705069, 3.73562
0.885801, 2.76904
-0.512309, 5.63582
-0.472137, 3.70963
-0.816999, 4.24516
0.420423, 1.32136
0.262908, 1.13537
-0.65911, 2.22259
-0.566263, 3.08122
0.911273, 0.373203
-0.811178, 3.8706
0.181668, 4.59953
-0.419013, 1.11963
-0.901828, 2.74326
0.855134, 1.98614
0.997282, 2.004
0.870466, 2.50448
0.283404, 4.17419
-0.809079, 1.20486
0.430389, 1.13872
0.839042, 5.04499
-0.701662, 3.21906
0.819516, 2.32689
-0.796167, 2.56514
-0.0762518, 4.13717
0.0924726, 2.39164
-0.316709, 6.11444
0.30526, 1.15045
-0.36187, 2.47711
0.6563, 2.76799
-0.448769, 5.67796
0.903579, 2.3279
0.674085, 5.9552
0.624904, 0.812965
0.894536, 4.92896
-0.474401, 4.5961
0.540537, 0.356244
-0.866592, 4.34774
-0.736335, 1.0583
-0.463818, 2.32832
0.407161, 4.59072
-0.566286, 1.63984
0.0426317, 1.72693
0.77743, 3.71909
-0.158467, 0.412372
-0.322327, 4.1967
-0.804619, 1.7081
0.625939, 1.45618
0.167587, 4.11036
-0.418961, 6.20767
-0.390103, 0.505692
-0.962265, 2.13484
-0.870425, 6.16751
-0.813382, 5.00691
-0.466967, 0.85141
-0.610304, 5.94262
0.00612278, 3.72367
-0.228729, 1.48342
-0.548004, 0.393429
0.330957, 0.823041
0.525443, 0.928473
-0.717219, 3.69227
-0.542096, 6.03895
0.977671, 4.80455
-0.160414, 5.9446
0.892542, 1.81276
-0.114256, 2.21829
-0.878775, 3.82259
0.990341, 0.503275
0.383122, 3.41333
-0.0904109, 3.77656
0.944616, 1.40284
0.845805, 3.63774
0.435652, 5.78382
-0.109063, 1.2574
0.435172, 5.67231
0.659945, 6.22437
0.130399, 4.2458
-0.44521, 4.09529
-0.466797, 4.13611
-0.412469, 4.34023
-0.640715, 4.92617
0.372417, 2.1903
0.553729, 1.06475
-0.607873, 5.51407
-0.753796, 6.18569
0.575244, 3.52073
-0.572869, 5.0874
-0.434525, 4.63868
-0.490657, 3.52328
-0.352694, 4.62396
0.930897, 1.72066
-0.239799, 5.42066
0.648967, 0.240654
-0.828123, 0.269599
0.788006, 2.59588
0.508471, 5.78979
-0.293238, 3.76588
0.818836, 4.66482
-0.791029, 4.81436
-0.216175, 2.11793
-0.841811, 5.57293
-0.875388, 4.48709
0.672394, 4.59057
0.0441293, 5.4743
0.971193, 0.162995
-0.693738, 2.2978
-0.858661, 6.1005
0.591905, 5.89471
0.217923, 5.84917
-0.394754, 2.2262
-0.0618139, 2.66395
0.983441, 0.155923
-0.959131, 5.45285
0.175989, 1.46318
0.996301, 1.26366
-0.909791, 0.629078
-0.912539, 6.02761
0.61909, 4.88901
-0.878751, 3.02956
-0.607398, 3.96025
-0.91371, 0.524476
0.922764, 1.18708
-0.562802, 1.47009
-0.345919, 2.27005
-0.3944, 3.90083
-0.0343691, 5.93364
-0.368934, 2.38099
0.840799, 3.62884
0.401157, 3.95469
-0.352169, 0.930308
0.217147, 0.618557
0.831092, 2.23091
0.781814, 0.447756
0.62302, 0.625592
-0.496417, 4.38362
-0.735875, 0.364214
0.787724, 1.1152
-0.933579, 5.08543
0.611018, 5.88785
-0.94187, 0.543182
0.958497, 3.45046
0.85129, 3.72874
-0.999281, 3.73094
-0.368896, 4.17408
0.729546, 0.369536
0.289871, 5.08949
-0.536283, 1.83077
0.169935, 3.35716
0.737623, 4.19065
-0.424212, 1.01606
-0.0156904, 4.83456
0.562255, 3.54968
-0.946722, 4.09751
-0.00143532, 0.134147
0.297794, 2.04766
0.317304, 2.16346
-0.291343, 5.59014
-0.911275, 1.45602
-0.522069, 4.41974
-0.00472904, 6.2064
-0.772933, 5.3947
0.912833, 3.38995
0.893131, 4.63625
0.0515674, 1.80113
0.803444, 1.96335
-0.51197, 0.570971
0.406274, 3.64665
-0.0408613, 3.86538
0.91789, 1.9932
-0.27427, 5.45201
0.351117, 1.18117
0.983611, 2.83223
0.393376, 2.22369
-0.81285, 0.905065
0.689643, 5.94148
0.0457427, 5.35996
0.682064, 0.423277
0.828659, 6.16697
0.596801, 4.61193
-0.919795, 6.06016
0.583444, 0.429513
-0.85258, 1.59042
-0.134164, 0.942668
-0.0377031, 3.61917
-0.134835, 0.172799
-0.967527, 1.55522
-0.838677, 6.13252
-0.989914, 2.81466
0.45799, 0.702307
0.715686, 1.22742
-0.605303, 2.88441
0.79257, 3.40246
0.120214, 0.547392
-0.555063, 3.59941
-0.630869, 1.90475
-0.541944, 4.79264
0.742512, 6.26926
0.582809, 5.77904
0.554709, 1.38229
-0.604139, 1.38467
-0.675679, 3.8542
-0.883363, 2.63845
-0.185175, 5.05312
-0.019979, 3.50227
-0.802608, 4.98799
0.065337, 1.85201
-0.486369, 1.87425
0.733684, 3.39045
0.316154, 2.01189
0.316545, 5.32641
0.503316, 0.895636
0.865882, 0.658212
-0.301435, 1.72053
0.673818, 2.16421
-0.998224, 0.80006
0.0399306, 5.63138
0.545853, 3.85664
-0.203387, 0.663944
0.734936, 0.319613
0.307147, 3.44611
-0.0263292, 6.21679
-0.3864, 1.41622
-0.957352, 5.19395
-0.0720658, 1.80075
-0.636833, 1.8116
0.81528, 1.89972
0.928, 3.58151
0.0444952, 3.40152
-0.0955829, 4.96995
-0.254556, 4.77138
-0.210107, 1.51284
0.800635, 0.457895
-0.473009, 1.23121
-0.525378, 4.20911
0.680761, 4.73015
-0.765825, 5.47806
-0.977401, 1.92434
0.939765, 1.56489
-0.225145, 0.14125
0.467303, 4.6156
0.757752, 4.76471
0.80244, 5.59713
0.476439, 5.82792
0.703343, 0.359548
-0.710505, 5.95106
0.0353876, 6.03476
-0.843357, 5.21469
0.362728, 1.69724
-0.657622, 5.08761
-0.734774, 0.0933464
-0.602272, 0.0389714
-0.33804, 2.37182
-0.619369, 1.75779
0.550001, 4.34266
-0.764732, 3.56082
0.893104, 1.92645
-0.859569, 0.492324
0.46096, 1.28175
0.132997, 4.98114
-0.983152, 0.174783
0.910973, 3.63792
0.960892, 4.30249
-0.968225, 3.9161
-0.371863, 0.372832
0.907729, 1.45105
0.983258, 5.7164
-0.457809, 2.05028
-0.0897585, 0.781488
-0.91082, 2.98267
-0.978421, 4.41767
0.902457, 3.32598
-0.338683, 4.04588
-0.984559, 2.64752
-0.732679, 6.1708
-0.182837, 0.876159
-0.774916, 4.93012
-0.301146, 5.12113
-0.608506, 6.27191
0.385556, 1.93974
0.567309, 3.24977
0.436628, 4.98421
0.775711, 4.08881
0.180463, 0.156076
-0.613458, 3.49268
-0.995145, 2.79136
0.806545, 4.50306
0.24308, 1.14965
-0.0793442, 4.9614
-0.412542, 5.9652
0.86857, 0.783123
-0.78382, 0.419761
0.331487, 4.53908
-0.899343, 4.59105
0.461535, 2.49186
0.333422, 2.43855
-0.839695, 2.23374
0.689537, 3.6626
-0.844992, 5.2845
0.52287, 2.40137
-0.52, 4.46831
-0.320489, 4.43601
-0.776357, 4.44436
-0.919021, 3.53198
0.771291, 2.73742
-0.461479, 5.02666
0.0408725, 1.94865
-0.970395, 2.89192
0.300535, 3.44503
-0.117968, 2.9426
-0.499601, 6.21053
-0.529104, 1.43196
0.241381, 0.445813
-0.740389, 5.11216
-0.885327, 0.284905
0.765065, 4.81318
-0.707764, 1.99663
-0.719874, 3.9356
-0.0604726, 4.67156
-0.721008, 1.17643
-0.651408, 3.92106
-0.656106, 1.29337
0.336195, 2.1758
-0.155318, 1.6008
-0.853849, 4.64758
0.214542, 1.00053
0.163557, 6.26417
-0.0590006, 4.26354
0.952436, 4.81533
0.874143, 0.336607
-0.165457, 6.26724
0.102431, 1.41713
0.729008, 5.75719
0.713821, 4.29584
0.915139, 2.80643
0.223978, 4.31318
-0.335509, 0.645424
0.149333, 4.27321
0.0974339, 2.68855
-0.116652, 5.83596
0.875656, 4.86956
0.426036, 4.88168
0.233112, 1.51124
-0.404694, 0.758279
-0.63807, 3.61862
0.610723, 1.40106
0.626646, 5.5235
-0.47558, 4.05968
-0.658717, 1.5619
0.00568002, 0.274544
0.291729, 4.12141
0.693829, 3.75759
0.502582, 3.39843
-0.284046, 1.65435
-0.269502, 2.1878
0.0635695, 1.67836
0.765871, 1.10493
0.400454, 2.82944
0.344076, 3.1194
0.986361, 3.12061
-0.775675, 5.7102
-0.560942, 5.30892
0.74628, 5.26797
0.983599, 0.644065
-0.585962, 5.77606
-0.803455, 5.06807
-0.260908, 3.183
0.0796096, 3.76599
0.652218, 2.37613
0.467015, 5.46826
0.693376, 4.54266
0.377284, 5.17899
0.880809, 4.64643
0.852065, 4.20786
-0.996459, 5.58948
0.185168, 6.187
0.710217, 1.45569
0.713525, 5.26873
-0.156459, 6.00863
-0.466708, 4.15446
0.0467196, 5.99147
-0.515593, 2.28235
0.369438, 1.52367
0.651104, 1.01199
0.923844, 5.47685
-0.480596, 5.11461
0.25316, 5.54685
0.00374556, 1.42989
0.504078, 1.95823
-0.247056, 1.16753
-0.327559, 0.664602
-0.789431, 0.30955
-0.284391, 3.74504
0.894124, 3.63036
-0.56328, 4.22249
-0.507761, 0.00622368
-0.408239, 1.81635
-0.0193432, 6.15396
0.767623, 1.44122
0.368877, 4.9833
0.733132, 3.62389
0.0840206, 1.40027
-0.637633, 0.152016
-0.295485, 4.23777
0.346561, 3.13819
-0.803385, 2.78941
0.177263, 0.184771
-0.950923, 1.56975
-0.888337, 5.09228
0.0322864, 5.40318
0.820954, 3.75454
0.81219, 1.82305
0.794075, 5.49473
0.0220798, 1.54247
0.0122059, 5.90608
-0.38843, 3.44543
0.714399, 1.64033
0.524105, 4.19571
0.0997245, 2.66482
-0.868008, 0.182896
-0.768279, 3.37563
-0.882478, 5.98578
-0.838755, 3.91071
0.158459, 0.147607
-0.461957, 2.58225
0.104712, 5.15124
-0.574877, 0.900833
0.537013, 1.93089
0.0214962, 1.2498
0.533457, 4.93275
0.454912, 3.80515
-0.163546, 4.38631
-0.101452, 1.96634
0.807332, 4.5402
0.514534, 5.96533
-0.771315, 5.46407
-0.388692, 0.522536
0.998376, 5.91749
-0.906691, 2.05199
-0.519934, 1.69692
0.477494, 5.66644
-0.322497, 3.0722
-0.859585, 1.17051
0.155363, 3.36114
0.360489, 0.113893
0.522502, 6.24248
-0.574647, 5.69612
0.198912, 5.28353
0.235898, 4.9438
0.0601805, 2.99506
-0.89452, 1.79187
-0.956697, 0.101436
0.658108, 4.65496
0.429097, 3.13176
0.499571, 1.44426
-0.41033, 1.89408
-0.207475, 2.30285
-0.545885, 1.55298
-0.296893, 0.396192
-0.607327, 2.07719
0.333749, 5.90435
0.204104, 3.52712
-0.818609, 4.24827
-0.125665, 4.98281
-0.769206, 2.57885
0.96978, 0.278833
0.914217, 5.08708
-0.84797, 0.266763
-0.863961, 3.91098
-0.78738, 3.33245
0.324172, 6.05415
0.51467, 4.8473
-0.87006, 2.34968
0.878614, 2.07302
-0.949265, 2.94819
-0.412508, 3.21253
-0.79468, 3.70098
0.839817, 1.51699
0.726388, 6.21995
-0.120376, 1.41387
0.443453, 3.18753
0.127464, 1.619
-0.896964, 1.4369
0.971928, 4.62784
-0.327811, 2.52591
-0.283545, 4.87331
0.345464, 1.76397
0.846253, 1.21926
0.791827, 4.65035
-0.98429, 2.53794
0.211697, 2.48575
0.0578801, 0.406395
-0.908139, 4.51173
0.774369, 5.04925
0.333006, 4.63398
0.994373, 5.48651
-0.505331, 3.58268
0.0232121, 2.03395
0.260293, 2.16035
0.87014, 4.87831
0.822715, 4.56361
-0.462503, 5.29988
0.975984, 0.0317075
0.91264, 1.28261
0.602625, 0.149618
0.110013, 1.89778
0.859914, 4.59818
-0.251721, 3.39895
-0.833801, 4.46539
0.353866, 4.56992
-0.527474, 3.79515
-0.21383, 1.75535
0.896479, 5.28349
0.556871, 4.91913
0.258307, 0.629592
0.648056, 4.40889
-0.619945, 6.23971
-0.026053, 4.4923
-0.904931, 5.18691
0.55028, 5.30538
0.960839, 4.84765
-0.31254, 5.16017
0.630736, 0.933152
-0.309132, 5.97573
-0.755134, 4.63284
-0.504986, 1.38993
0.862376, 5.72219
0.563062, 3.35579
0.75515, 5.61603
0.581225, 0.342841
0.913304, 0.685639
0.69522, 3.47067
0.670659, 3.44284
-0.54768, 5.8912
0.940997, 3.56023
-0.0844487, 4.95625
-0.552093, 2.20137
-0.742222, 5.46618
0.628861, 1.13304
-0.452075, 1.6755
0.76349, 3.17611
-0.833023, 1.87923
0.618586, 0.759753
0.549155, 0.63718
0.470334, 0.332837
-0.103522, 0.0410764
0.0471051, 0.0479974
0.379854, 0.0282466
-0.702942, 1.62031
-0.749565, 0.833107
-0.681154, 3.7172
-0.437676, 5.74915
0.533457, 4.86195
-0.125984, 3.08429
-0.63629, 2.15868
0.412299, 5.70349
-0.744646, 5.20591
0.946622, 2.90865
0.77741, 2.42448
0.842305, 3.91815
0.850681, 1.29715
-0.277425, 5.55836
-0.441173, 3.83531
-0.920328, 0.529711
-0.935277, 0.595263
-0.926335, 2.55073
-0.835319, 5.59349
-0.712919, 0.697642
-0.0733447, 5.98548
0.881284, 2.5796
0.942596, 4.45475
-0.310499, 1.989
0.479622, 2.14958
0.464908, 2.91661
0.0183231, 2.17591
0.256386, 3.12919
-0.745156, 2.57341
-0.0489223, 0.832903
0.90424, 4.67799
0.990987, 4.03763
-0.972199, 5.57401
-0.592163, 4.1541
0.237138, 2.13595
-0.086796, 5.85128
0.926835, 2.02214
-0.767019, 3.66503
-0.716497, 1.22434
-0.75073, 5.24666
-0.484427, 1.42179
-0.944599, 1.16545
-0.144138, 5.97864
0.63732, 2.41899
-0.419976, 1.03627
0.974138, 5.67784
0.78442, 1.57408
-0.93146, 1.78138
-0.866798, 2.16844
0.831444, 1.8846
0.880578, 1.55315
0.843399, 0.839881
-0.891488, 4.72548
-0.26798, 0.0866663
0.87169, 0.0689919
0.110607, 2.34892
0.596597, 6.20841
0.696243, 4.87521
-0.53029, 3.5821
-0.941073, 2.84181
0.927796, 1.4494
0.130857, 1.33538
-0.528607, 3.72299
0.318115, 5.9192
-0.918126, 2.70022
0.43146, 4.66499
-0.283266, 2.91604
0.701178, 5.84968
0.470907, 3.79356
0.272411, 3.87858
0.815424, 0.170638
0.18251, 0.455221
-0.374497, 3.09953
-0.298889, 3.30658
-0.478136, 1.04672
0.09009, 0.630987
-0.209311, 1.83793
-0.5188, 5.1662
0.995952, 5.55464
-0.945913, 5.81049
0.963763, 0.440788
-0.845745, 0.155942
0.704525, 5.96567
0.840154, 3.16521
0.826738, 4.57308
0.66018, 5.64629
-0.999935, 2.75663
-0.358836, 5.32516
0.68851, 2.16467
-0.91975, 5.46477
-0.71637, 3.25839
-0.0859073, 3.16266
-0.12172, 5.16179
0.239113, 4.28251
0.598997, 0.975035
0.826829, 1.87533
0.0996977, 2.39071
0.941479, 1.76544
-0.818173, 3.59798
0.068681, 3.15839
-0.78348, 0.977003
0.779925, 0.127244
-0.963979, 6.24786
-0.213643, 0.518965
-0.382355, 1.89646
0.165606, 4.22533
-0.466445, 4.54589
-0.305199, 0.215464
0.504058, 4.96707
0.413692, 1.46964
-0.0220842, 0.0845885
-0.93811, 1.44672
-0.592109, 6.18664
-0.400274, 5.11291
0.35338, 1.61119
-0.784619, 5.37596
-0.27633, 3.10484
-0.609712, 3.30969
0.413286, 6.00591
0.297123, 1.54885
-0.840626, 5.38156
0.702048, 3.17444
0.883257, 4.17277
-0.967578, 1.99411
-0.941209, 5.36393
0.495577, 2.05719
0.788147, 3.62188
-0.855977, 3.7154
0.331851, 0.190093
-0.0497276, 2.64222
-0.0155178, 3.1712
-0.395603, 1.88164
-0.604547, 1.34369
-0.837205, 3.24967
-0.993737, 2.47732
-0.226213, 0.588719
0.849771, 3.61533
-0.64933, 5.08731
0.78516, 5.10152
-0.661317, 0.193344
-0.986685, 0.798889
-0.194978, 5.35121
0.514239, 0.534245
0.598217, 1.94622
-0.671112, 6.05722
-0.783133, 5.5701
-0.651178, 2.87059
-0.773239, 1.1138
0.742505, 2.35076
0.162605, 3.73485
0.578, 1.64099
0.972951, 0.620747
-0.546116, 4.08211
-0.975881, 5.19154
-0.31553, 5.14187
-0.451257, 5.93812
0.967917, 5.22431
0.465443, 4.32603
-0.00517883, 3.92057
-0.459531, 4.37728
-0.839066, 5.99531
0.220185, 4.38715
-0.390161, 0.811738
-0.434058, 0.166384
-0.181308, 2.34133
0.636325, 5.45473
0.588582, 3.86649
-0.317767, 1.92305
-0.0210793, 0.463692
0.632536, 0.813658
-0.354737, 1.82548
-0.357503, 1.03814
0.0899093, 0.37985
-0.616504, 3.16053
0.662933, 5.67799
-0.831867, 2.03832
-0.212311, 3.16701
0.280833, 6.15454
0.54854, 1.4335
0.0366482, 0.0976461
0.689592, 5.89497
0.280731, 3.00995
0.976563, 4.44684
-0.800318, 5.32939
-0.553977, 0.299546
0.696897, 5.26454
0.517602, 5.99807
0.85776, 3.28892
-0.0343095, 5.82688
0.403371, 5.08356
-0.822371, 2.10515
0.491581, 4.63527
-0.831579, 1.9083
0.348684, 3.9311
-0.975274, 4.98409
0.56922, 2.50241
0.299004, 1.55755
0.679712, 0.510481
-0.676771, 5.80513
-0.731039, 2.39074
-0.592852, 1.50124
0.547297, 3.32554
-0.0979579, 0.961909
0.958974, 4.79944
-0.252024, 1.81275
0.9016, 2.31346
-0.919583, 1.20336
-0.797758, 1.1967
0.381547, 0.465875
0.641492, 5.15311
0.0654299, 3.98186
-0.661714, 4.13205
-0.955023, 2.85564
0.697679, 4.85116
0.543938, 4.47205
-0.302454, 2.71986
0.639001, 0.756872
-0.977435, 4.50752
-0.376375, 2.03352
-0.00585624, 3.89476
-0.920905, 1.514
-0.615593, 2.39687
-0.835458, 3.48935
-0.583584, 2.10073
0.528224, 0.872486
-0.720907, 3.40753
0.967931, 0.909859
0.227746, 6.07264
0.431711, 5.48129
-0.864601, 3.07573
-0.699179, 0.435733
0.548317, 1.32306
-0.151095, 4.33872
-0.522267, 1.36261
-0.596212, 2.97815
-0.288068, 6.2697
0.22596, 3.65979
0.816292, 1.87901
-0.526115, 5.27684
0.538487, 4.22453
-0.725977, 3.55414
-0.453715, 3.36221
-0.219714, 1.56425
-0.404644, 2.80497
0.572061, 0.37375
-0.737049, 2.2593
0.853771, 5.33861
0.703262, 4.86867
0.757255, 5.1998
0.826816, 4.77169
0.950532, 0.144876
0.216239, 5.42855
-0.803835, 4.47627
-0.954803, 3.34698
-0.910509, 3.14072
-0.908748, 4.86254
0.59283, 2.01919
-0.524568, 0.195494
-0.717681, 3.49719
0.683571, 2.73632
-0.473796, 0.417323
-0.13282, 2.20527
-0.0693712, 4.04976
0.763542, 0.122307
0.863138, 6.18986
-0.632091, 5.71145
0.996686, 4.31365
0.177662, 6.15873
-0.0258182, 5.47383
0.0195445, 2.93131
0.132633, 3.98508
0.198492, 3.78094
-0.458448, 4.32767
-0.54532, 1.17058
-0.00910355, 1.14823
0.722587, 1.10063
-0.774778, 1.06644
-0.559639, 2.90211
-0.955728, 2.67781
0.96268, 2.31747
-0.866569, 5.57787
-0.155284, 3.67163
0.485271, 1.1613
0.548798, 1.02155
0.53633, 4.07883
-0.996286, 4.695
0.95298, 5.90847
0.591671, 0.477436
0.622072, 3.25697
0.743059, 3.95056
-0.727208, 3.91908
-0.783546, 3.50844
0.236583, 0.736468
0.076591, 3.13642
-0.877486, 5.90143
-0.643452, 4.6117
0.952736, 5.69454
0.954391, 1.45185
-0.252868, 4.41231
-0.806413, 2.44609
-0.886541, 2.44016
-0.484687, 0.688214
-0.746059, 0.166713
-0.482665, 3.56852
-0.638721, 3.19144
0.644026, 1.91021
-0.796233, 1.11007
-0.995584, 4.2694
-0.0741574, 4.62146
0.574936, 3.10809
-0.48609, 3.28351
-0.677275, 3.50359
-0.760803, 4.11878
0.835907, 2.80737
0.408538, 0.36882
-0.821655, 3.35638
-0.29676, 2.04035
0.279647, 5.40688
-0.40344, 6.2682
-0.994349, 3.42839
0.574788, 6.16188
-0.220432, 5.34554
-0.434701, 2.46892
0.482295, 3.63313
-0.33988, 4.56383
0.667162, 3.56069
-0.275423, 4.72273
0.644087, 2.96279
-0.12157, 1.40513
0.0465546, 6.26708
-0.709769, 1.64842
0.119886, 0.0324558
0.962799, 4.01857
0.237377, 1.62057
-0.671327, 5.26166
0.926159, 4.3935
0.341463, 3.79082
0.556377, 4.16981
0.705081, 0.270223
0.97569, 5.88581
-0.477277, 1.5234
0.944495, 4.04993
0.482526, 4.98629
0.375067, 5.81076
-0.196204, 6.18252
0.681607, 0.734474
0.558837, 5.12874
0.818445, 5.82041
0.225776, 1.07177
0.374236, 3.13206
0.71998, 6.2365
-0.555207, 0.155029
-0.546685, 0.550794
-0.695818, 4.22853
0.59359, 1.3372
0.517908, 4.46249
-0.618818, 0.476476
-0.527198, 4.63003
0.585365, 5.96759
-0.0792622, 1.00499
-0.42912, 1.37157
-0.010895, 5.49821
-0.345153, 3.48441
-0.733622, 4.75671
0.83464, 5.6473
0.447065, 1.96639
0.831952, 1.04349
-0.359987, 5.544
-0.44206, 6.05924
0.8234, 5.33858
0.196379, 4.36332
0.0845522, 3.49908
0.959233, 2.96285
-0.105214, 0.318654
0.810379, 3.83015
-0.648581, 1.32332
0.979187, 5.9315
0.482116, 3.84389
-0.94101, 2.30362
0.516938, 1.25446
-0.642401, 1.78656
0.300861, 2.43182
0.389776, 2.61402
0.586976, 0.0016063
0.674561, 6.0896
-0.680885, 0.00509694
0.41875, 2.0603
-0.89196, 2.99099
0.0619909, 0.858926
-0.808596, 5.83892
-0.0448632, 0.412959
-0.632684, 1.17961
0.554957, 0.929956
-0.913006, 2.84418
0.194547, 4.38044
0.5644, 2.22712
-0.966357, 5.12644
0.0849498, 0.903683
-0.215016, 0.927198
0.978279, 1.73949
-0.960162, 6.08092
0.355304, 5.69025
-0.382912, 2.04683
-0.880162, 1.81576
0.0162932, 0.396426
-0.825966, 4.36241
-0.0470491, 1.69412
0.525408, 5.56919
0.173573, 1.51333
-0.742984, 2.84503
0.0143828, 4.58834
0.958526, 5.163
-0.451725, 4.03518
0.783642, 4.11318
0.933314, 2.14264
0.460742, 5.48361
0.162016, 5.01429
-0.150791, 2.79537
-0.2795, 3.07348
0.68148, 0.783946
-0.537952, 4.23393
-0.695642, 2.65358
0.701812, 1.97336
0.915396, 1.04944
-0.814623, 0.476432
0.997969, 4.78784
-0.540077, 4.18037
-0.367591, 3.75139
-0.941071, 5.97219
0.657492, 4.72872
-0.397407, 5.5068
-0.315123, 5.1522
0.613925, 5.42016
-0.0805653, 2.36443
0.0996615, 1.61199
-0.943398, 2.80136
-0.63644, 3.51306
-0.651773, 2.14071
-0.509685, 3.87398
-0.0380839, 0.368302
-0.735994, 0.450845
0.426001, 5.61828
0.590078, 2.19224
-0.0834168, 4.36649
0.309392, 5.35186
0.538891, 5.11829
0.211729, 0.804809
0.486777, 5.22184
-0.188108, 5.31175
-0.57305, 2.20374
-0.925599, 3.5179
-0.129814, 0.688518
0.805082, 2.93807
0.154799, 3.03104
-0.634653, 3.75489
0.377383, 0.601625
0.362451, 1.5271
-0.765697, 0.0589176
-0.652988, 1.31427
-0.106115, 3.14017
-0.957477, 5.62291
0.468211, 2.61143
0.599732, 3.30763
-0.525141, 1.50081
0.685834, 4.41641
-0.995565, 4.62928
0.792922, 2.08673
0.607667, 0.411732
0.658466, 2.67023
-0.295242, 3.75685
0.500923, 0.34326
0.588824, 4.79557
-0.398651, 1.78932
-0.936815, 0.322583
-0.470194, 3.36702
0.342294, 0.82164
-0.127142, 5.54916
0.675046, 3.81364
0.608899, 2.24475
0.0674146, 4.58864
-0.871299, 1.61257
0.125578, 2.17979
-0.667914, 3.96532
-0.400453, 6.12162
-0.481004, 4.93721
-0.969647, 1.16468
-0.894729, 5.28251
0.526078, 2.44341
0.780677, 0.471412
0.88014, 4.14571
-0.18019, 3.43857
-0.132241, 2.99844
0.714245, 4.3809
-0.0610562, 0.554623
-0.988812, 0.754705
0.710041, 2.11865
0.614713, 6.10778
-0.947757, 0.790306
0.726198, 0.694562
0.660966, 5.98153
-0.809557, 5.54187
-0.871775, 4.95283
0.800785, 5.04872
0.90427, 2.57181
0.328789, 1.7415
0.482379, 3.28801
0.792509, 2.73768
-0.971012, 3.28731
-0.241137, 4.76185
0.84742, 5.20635
0.68228, 3.20794
-0.607443, 5.18916
0.988007, 0.836342
-0.0350261, 2.57015
0.865572, 2.59663
0.950676, 4.36092
-0.550504, 5.60829
-0.94015, 1.14712
-0.613024, 0.15176
0.512587, 5.65893
-0.697499, 3.4404
-0.562979, 0.0775323
0.821591, 5.74605
0.748042, 1.26555
-0.894102, 0.3151
-0.0128184, 4.81435
0.810605, 1.59541
0.091769, 1.42971
0.295765, 1.38913
-0.0911995, 1.38174
-0.41421, 6.19818
-0.624676, 0.516412
-0.72237, 3.07619
0.957298, 2.5308
0.817918, 4.87585
-0.277828, 3.57199
0.521714, 2.66676
-0.921941, 2.29388
0.988607, 1.31454
0.15047, 0.531299
0.721848, 4.0829
0.602807, 0.236491
0.0991112, 5.35683
-0.440387, 6.10048
0.709781, 3.70972
-0.484504, 0.29882
-0.680038, 6.08182
-0.870657, 1.70294
0.510943, 2.78778
0.944753, 1.9045
-0.605794, 0.668934
-0.348111, 5.4432
0.140402, 5.40693
0.305339, 1.22976
0.062848, 2.74689
0.863855, 1.62802
-0.661756, 0.857311
-0.622819, 2.07642
-0.375404, 2.31795
0.890439, 4.68241
-0.0821118, 6.09638
-0.887462, 2.08576
-0.431742, 1.55264
-0.336002, 0.960331
-0.407026, 5.81415
-0.888853, 5.40865
-0.718163, 2.00948
0.433386, 3.3521
-0.111214, 5.27052
0.247483, 0.862019
-0.786675, 4.29966
0.792106, 0.541676
-0.882895, 4.27246
0.873541, 5.70797
0.856682, 5.40752
-0.993835, 5.93904
0.347684, 5.20936
0.387367, 3.33483
-0.739602, 5.68018
-0.161386, 5.98576
0.976117, 4.30188
-0.721174, 1.29995
-0.892305, 4.42377
-0.778031, 5.85067
0.367293, 2.42292
-0.426285, 1.2897
0.873006, 5.40518
0.948048, 3.41742
0.335372, 4.00235
-0.745101, 5.68645
0.198859, 3.84922
0.797119, 0.138646
0.54171, 5.11919
0.784067, 4.83511
0.61306, 3.47468
0.0595692, 0.627937
0.159407, 4.59353
0.670137, 0.27648
-0.375776, 0.233388
0.254839, 1.29224
0.53176, 5.16178
0.792081, 1.29514
-0.707416, 0.812992
0.220711, 2.4941
0.594452, 1.63409
-0.370463, 0.759844
-0.856859, 2.98777
-0.809688, 2.42011
0.380833, 2.57266
0.429837, 0.00580679
-0.707058, 0.300846
0.734381, 5.05928
-0.249836, 0.882409
0.810346, 2.23761
0.520673, 3.45512
-0.908088, 4.38001
0.465817, 0.736868
0.622947, 4.04507
-0.527892, 5.40977
-0.805669, 5.99738
0.580548, 3.78019
-0.204125, 0.975065
-0.915054, 0.551595
0.864008, 3.11656
-0.725772, 1.68232
0.992438, 4.70388
0.954238, 5.67158
0.776804, 0.299812
0.757871, 3.84084
0.552759, 4.19214
0.748443, 5.54757
0.32058, 1.86627
0.474755, 1.05473
-0.941449, 0.372746
0.57688, 3.52855
-0.981392, 2.09836
-0.150026, 5.21007
0.364027, 5.49961
0.883148, 1.36823
-0.479626, 3.70176
-0.355617, 2.37487
0.592071, 3.0172
-0.941865, 3.46179
0.659018, 1.80799
-0.806891, 5.39731
-0.940186, 2.58754
-0.697185, 2.45249
-0.935954, 0.620028
-0.220653, 0.0237087
0.86983, 2.07082
-0.592085, 0.107627
-0.237435, 4.69197
0.0275534, 5.84275
0.694759, 5.77027
-0.873215, 1.12083
0.866513, 3.57105
0.697234, 5.56587
0.537116, 1.55666
0.328597, 5.48911
-0.370954, 0.339344
0.755734, 4.24798
-0.838458, 0.773342
0.684465, 4.23495
0.232393, 6.08505
-0.356309, 2.92097
0.842888, 4.35893
0.180375, 4.55015
0.993752, 1.03425
0.640303, 3.4672
0.894104, 2.10544
-0.184459, 0.562507
-0.429529, 5.56003
0.0136095, 4.18738
0.893555, 0.713125
0.405398, 6.18298
0.520214, 2.18413
-0.959143, 4.5005
0.535006, 0.0807891
0.267289, 0.418333
-0.681905, 5.98338
-0.422556, 1.21084
-0.879267, 5.45168
0.215579, 3.02115
0.678187, 2.81709
-0.648343, 5.07353
0.767675, 0.62682
-0.870106, 5.25869
-0.362753, 1.67576
-0.281131, 3.49158
0.412702, 3.73879
-0.00836864, 4.70249
-0.93345, 2.76947
0.746602, 2.02185
-0.435431, 2.58643
0.471521, 2.45775
0.019147, 3.15504
-0.76151, 4.20336
-0.062851, 0.533455
-0.541163, 2.55326
0.377986, 1.80218
0.624314, 0.855373
-0.534903, 4.17382
0.193626, 2.82955
-0.421324, 2.39826
-0.0282449, 0.953829
-0.986954, 4.6222
0.789652, 2.20718
-0.763001, 2.81678
-0.342218, 5.9708
0.528091, 1.69364
-0.530539, 1.91451
-0.785814, 1.02305
-0.118865, 2.56806
-0.063767, 5.64621
0.553893, 1.1586
-0.841129, 3.25293
0.534217, 0.0202356
0.175091, 1.8011
0.927602, 0.838193
0.505775, 2.53886
-0.0160173, 1.90344
0.471227, 5.30654
0.855309, 2.8827
-0.701431, 6.12286
0.453129, 0.377719
-0.383423, 5.56418
-0.0394812, 0.717307
0.262904, 4.12838
0.293563, 2.01467
0.947941, 5.58798
-0.757654, 1.97007
0.607002, 4.08308
-0.398303, 0.511296
0.591787, 3.70946
0.343379, 0.288041
0.82001, 4.78194
0.59203, 1.59001
-0.667472, 5.50002
0.910011, 0.370106
0.0261344, 0.450161
0.611419, 2.60374
-0.200881, 1.20428
0.480094, 2.78981
0.236135, 0.154763
-0.577621, 1.23628
0.327421, 2.25006
-0.825745, 1.88215
0.552864, 2.93549
-0.570323, 6.17949
0.960772, 4.48619
0.0572697, 1.21777
-0.488348, 0.39044
0.0648215, 2.9799
0.324036, 2.40538
-0.622934, 2.25863
-0.592259, 4.62893
-0.650893, 1.83623
-0.650784, 6.03772
0.554731, 5.61681
0.518657, 3.49633
-0.671278, 0.726985
0.911632, 4.7832
0.182863, 0.3901
0.967401, 3.59257
-0.428128, 0.965314
0.52481, 0.657906
-0.883372, 1.07046
-0.79339, 3.93051
-0.628103, 6.1989
-0.184778, 0.197659
0.756214, 0.627261
-0.897638, 4.91054
-0.967688, 0.320588
0.798304, 3.79513
0.893474, 1.77642
-0.550154, 1.69989
0.717506, 3.10145
-0.768859, 2.69667
-0.790159, 3.21871
-0.409131, 0.278824
-0.132451, 3.60032
0.747804, 6.02275
0.671586, 0.729723
-0.615352, 3.0849
0.670455, 1.98005
0.178181, 5.14262
0.509004, 1.72677
0.868334, 3.93637
0.0567808, 4.43669
-0.513098, 5.61936
0.894429, 2.35039
-0.806659, 5.31803
0.881348, 3.67085
-0.00578707, 3.25538
-0.573043, 6.26098
-0.789636, 4.77948
-0.928294, 1.68271
0.556406, 0.745706
-0.664773, 4.4822
-0.197204, 4.81226
0.505868, 6.00104
0.416159, 5.92008
0.59307, 4.21093
-0.843986, 3.61904
-0.27172, 4.60712
-0.476256, 2.70686
-0.921792, 2.29751
-0.337633, 3.63221
-0.490695, 4.30492
0.44513, 3.30145
-0.742315, 1.20559
0.642741, 1.95676
0.616085, 2.78031
-0.671086, 4.05985
-0.44064, 3.31812
0.195668, 3.84097
-0.696416, 3.93475
-0.245593, 3.25343
0.484912, 1.63317
0.259804, 3.73895
-0.639102, 3.54277
0.802311, 3.83992
0.744904, 5.31174
-0.350548, 5.17175
0.0419225, 3.55503
-0.556874, 1.01652
0.974618, 3.33019
-0.674164, 1.49781
-0.399321, 1.62024
0.783968, 3.90811
0.989953, 3.65233
-0.714078, 3.13503
-0.902257, 6.08761
0.8025, 4.65765
0.54334, 4.60415
-0.738694, 2.3193
0.692506, 0.514283
-0.60577, 0.865243
-0.187606, 6.20207
0.150094, 4.19402
-0.604738, 5.58448
0.343345, 5.22193
-0.501386, 5.14612
-0.63761, 1.96901
-0.418076, 5.3558
-0.385238, 1.10933
0.95054, 5.30958
-0.138142, 4.27814
0.767168, 4.63309
-0.11282, 2.2579
-0.0766614, 1.79052
0.400237, 2.67264
0.396263, 2.72861
-0.836071, 3.2118
-0.0661951, 0.677813
-0.810503, 1.79167
-0.69552, 3.51777
0.56435, 3.90434
0.294076, 2.29142
-0.850565, 4.88463
0.560627, 4.50693
-0.838365, 3.03324
0.82864, 2.4058
-0.939462, 4.13322
-0.929878, 1.42252
-0.0062641, 6.13516
-0.156664, 0.0970973
-0.827552, 5.35948
-0.706075, 1.76927
-0.614158, 2.45331
-0.644206, 4.40993
0.859552, 0.128038
-0.255892, 4.24917
-0.279522, 3.77713
-0.923919, 0.0854171
0.733403, 2.81767
-0.310874, 3.16014
-0.320693, 4.20468
-0.822472, 0.65881
0.962932, 3.18234
0.491486, 0.0965271
-0.95055, 5.01334
0.204153, 1.97974
0.592452, 2.5529
0.738685, 6.14633
-0.365599, 2.40038
0.95704, 1.52467
-0.406248, 2.57116
0.920161, 2.0353
-0.110125, 4.61199
0.506758, 3.27948
0.96765, 1.25897
-0.458171, 0.952743
0.785758, 3.67588
0.531969, 4.76502
0.977436, 1.99004
-0.735985, 1.53391
-0.969995, 4.33875
0.231127, 4.41956
-0.610121, 1.19904
0.361758, 4.00679
0.527441, 4.20333
-0.807927, 0.24022
0.348578, 5.73703
0.79319, 5.47375
-0.451213, 0.910422
-0.485158, 2.14316
0.768433, 6.01945
-0.592314, 4.76405
-0.0104229, 3.62706
0.742155, 2.85379
-0.627325, 3.4031
0.989062, 1.07702
-0.714457, 2.41017
-0.8092, 3.82029
-0.253334, 3.00359
0.16578, 6.19771
0.609801, 4.64987
0.0460455, 3.43716
-0.437845, 3.56505
-0.743417, 0.369275
-0.288094, 0.402842
-0.549402, 2.20733
-0.222857, 1.16382
-0.0136725, 4.24727
0.810608, 2.57284
-0.986468, 1.92656
-0.22967, 4.2186
-0.0402519, 3.48146
0.168568, 4.63776
-0.98397, 2.38874
0.972649, 4.39752
-0.203349, 2.89506
0.473473, 3.44641
-0.96673, 3.614
0.811668, 0.277816
0.923343, 0.252447
0.376567, 6.15247
0.898474, 0.631192
0.338529, 0.0327882
0.911563, 5.23147
0.633247, 6.03227
0.598953, 3.65233
0.227564, 3.1727
0.69461, 5.00649
-0.754493, 0.618608
-0.117219, 5.5603
0.460604, 1.21726
0.371981, 1.57623
0.453517, 2.07001
0.913066, 3.24575
-0.841092, 0.426958
-0.568397, 0.715907
0.931895, 3.08637
0.262483, 2.78142
0.985578, 4.3663
-0.500347, 1.16215
0.990064, 0.176992
-0.975457, 1.79207
-0.40439, 5.52079
-0.302687, 5.89615
-0.195206, 3.40371
0.690148, 2.0046
-0.0186268, 5.39455
-0.884825, 0.307406
-0.618878, 5.36564
0.920281, 1.95056
-0.942789, 2.11153
0.990872, 3.3684
-0.390037, 0.11294
-0.233149, 5.66294
-0.675119, 3.12623
-0.340217, 5.31503
0.677563, 2.88274
0.61879, 1.65293
0.339729, 5.58843
0.541073, 0.566879
0.819346, 3.18255
-0.889193, 5.48225
0.201826, 5.73812
0.255228, 0.661752
-0.644143, 0.0147186
0.435029, 3.6302
-0.757576, 1.7347
0.148772, 0.286846
0.961757, 5.28842
0.408996, 0.475147
-0.512061, 3.06382
-0.719711, 1.9984
-0.653862, 3.13596
0.352606, 5.43097
-0.560427, 2.03803
0.53439, 2.97643
0.0513023, 4.24122
-0.214851, 2.66231
0.298421, 5.63552
-0.941936, 0.869062
0.738372, 0.128163
-0.273177, 5.69408
0.46454, 1.72613
0.951478, 4.5746
-0.0423527, 0.295845
0.728532, 1.35072
0.935361, 5.10497
0.447475, 4.51415
-0.583534, 1.79666
-0.775229, 2.6554
-0.570683, 4.01249
0.0309604, 1.57375
-0.611802, 5.94631
0.960034, 4.16758
-0.529105, 2.86276
0.514985, 1.7952
-0.487192, 1.89947
0.552324, 4.62348
0.913697, 3.68817
-0.679527, 3.9416
-0.873625, 6.26471
-0.566457, 4.15472
-0.700109, 2.6643
-0.955943, 2.7205
0.67572, 1.38061
-0.587458, 2.24344
0.433199, 1.96601
-0.423039, 5.36867
-0.0864772, 5.79943
-0.392787, 4.42809
0.518662, 3.42364
0.10118, 5.43643
0.887029, 1.7598
-0.664105, 3.32045
0.103097, 3.88786
0.251719, 1.44641
-0.987695, 2.9367
0.82131, 1.44419
-0.982142, 5.2422
-0.507313, 5.55971
0.50218, 0.0928956
-0.455396, 1.96669
-0.789116, 4.143
0.802215, 3.97209
-0.0832189, 2.71098
0.234499, 0.735274
-0.792526, 0.674519
0.584128, 1.38864
0.647561, 3.78
0.894206, 2.69036
-0.987316, 1.58276
0.937914, 2.28511
-0.407492, 4.9434
0.930687, 3.54681
-0.0270155, 4.08547
0.607686, 4.17189
-0.0348253, 1.44457
-0.887645, 4.46805
0.591854, 1.77805
0.924867, 2.60804
-0.428142, 5.27948
0.810227, 2.35878
-0.0262935, 1.92855
0.239772, 1.24775
0.9549, 0.153841
0.133959, 6.198
-0.831952, 5.48134
-0.132803, 4.82605
0.878331, 4.28211
0.0694191, 6.0272
0.940451, 3.06824
-0.159315, 1.10683
0.0423507, 0.0892784
-0.192951, 2.30882
0.128773, 5.57992
-0.0577347, 1.89465
-0.673217, 1.62491
-0.795315, 6.05197
-0.383579, 4.25025
-0.387867, 5.33237
-0.791836, 5.73351
0.176413, 4.56311
-0.298853, 0.205951
-0.638015, 3.03858
-0.00295121, 4.55916
0.939378, 3.74502
-0.0321452, 4.37723
-0.262922, 4.91354
-0.808348, 5.49269
-0.641534, 3.28047
0.856526, 0.0517959
0.68178, 0.1023
-0.556574, 1.18232
0.595046, 5.27416
0.182547, 3.76713
-0.694641, 0.0954519
0.713855, 0.851414
-0.98891, 1.83313
-0.652299, 0.691099
0.970443, 1.3774
0.862549, 4.46408
-0.958549, 4.08735
0.574227, 5.78761
-0.713186, 6.08719
-0.866957, 2.83502
0.419946, 0.558942
0.832282, 4.06339
-0.486373, 3.30823
0.748603, 1.21142
0.405448, 5.88203
-0.825771, 1.4557
-0.948876, 5.2371
-0.959139, 1.27915
-0.0714245, 4.80336
0.650685, 1.93286
0.614676, 5.6414
0.0845738, 2.03468
-0.823269, 4.21951
0.694877, 5.70699
0.748647, 1.15065
-0.689331, 2.19596
-0.815784, 2.51814
-0.118431, 2.63701
0.196731, 3.27358
-0.41249, 4.41885
-0.14708, 5.93747
0.217065, 5.25896
0.363504, 4.68121
0.399395, 3.45398
0.824411, 4.54807
-0.967486, 4.88105
0.917199, 4.2167
-0.884927, 4.30725
0.237559, 1.39207
0.0111456, 1.26651
-0.00308507, 1.52918
0.29614, 2.88157
0.694548, 5.68145
-0.505051, 4.31811
-0.00997011, 1.43528
-0.629822, 0.455103
-0.27822, 0.417651
0.499865, 5.75419
-0.169335, 3.85138
-0.684521, 1.13317
-0.593991, 3.00125
0.713989, 4.34021
0.638839, 4.67229
0.411242, 0.882988
0.0626617, 0.293571
-0.900848, 4.75604
-0.742597, 2.42246
0.0544108, 2.92479
0.0226284, 3.19839
0.403996, 5.53666
0.819654, 4.31605
0.578665, 4.94326
0.988158, 5.04649
-0.231259, 5.99292
-0.441404, 3.96529
0.72732, 2.89374
0.993381, 1.85975
-0.602493, 1.91357
-0.145245, 4.40545
-0.998186, 2.75145
-0.982708, 5.81127
-0.920837, 6.27274
0.842144, 4.89871
0.60866, 6.24703
0.335676, 1.01003
0.186295, 1.19455
-0.284829, 6.23794
-0.835524, 1.67481
0.0589849, 4.07123
0.0986316, 5.67006
0.406293, 2.64494
0.727365, 4.21861
0.723669, 0.918996
0.883056, 4.11488
0.41079, 4.81845
-0.461814, 4.99567
0.376848, 5.47048
0.789779, 4.50272
-0.802999, 1.8264
-0.641068, 4.42512
-0.234089, 6.19668
0.957871, 3.17733
-0.263583, 5.09439
0.221733, 1.49068
0.844802, 4.34803
-0.475071, 5.8687
-0.235104, 2.50041
0.141547, 4.28363
-0.24482, 2.2275
-0.784774, 2.56415
0.423522, 3.76799
0.566496, 5.99759
0.79926, 2.78749
0.670102, 1.50003
0.272134, 5.69928
0.305967, 4.11587
-0.427564, 0.578578
0.767686, 1.12679
-0.530896, 4.64673
-0.850324, 1.08832
0.446265, 2.85453
-0.968186, 2.80521
0.0390032, 4.216
0.625826, 2.36475
0.422615, 4.44915
-0.963121, 1.45893
0.176778, 0.404023
0.628031, 2.92924
-0.321735, 2.54041
-0.860502, 4.16824
-0.620029, 0.605618
0.834264, 0.347391
0.425591, 3.52251
0.528664, 1.32822
0.853099, 3.20148
0.726565, 6.04979
0.844652, 0.647873
-0.903942, 3.34632
-0.925788, 2.03693
0.799837, 4.75142
0.568802, 6.08872
-0.86802, 1.50379
-0.918478, 4.05751
-0.391019, 1.56446
0.595533, 4.77673
0.659668, 1.48542
-0.841676, 2.02084
0.680095, 4.76683
-0.0489548, 2.91991
0.582593, 2.00219
-0.290268, 6.07726
-0.840454, 5.75067
-0.645415, 1.05072
0.952139, 1.25524
-0.81038, 2.31582
-0.976832, 4.44278
0.649034, 5.66381
-0.700678, 6.10875
0.0174642, 4.62726
0.866541, 3.44815
-0.719682, 0.952374
-0.845068, 5.85774
0.685447, 4.89281
-0.482068, 2.71402
-0.779464, 5.83161
-0.453034, 3.12751
-0.736614, 3.26762
-0.419877, 5.74181
-0.285071, 5.60718
0.791695, 1.05267
0.355714, 2.8495
0.646113, 2.26831
-0.557953, 4.75655
0.444969, 5.70955
-0.705706, 1.04504
0.845912, 0.163962
0.883292, 4.84809
-0.852491, 2.22868
0.725708, 2.89922
-0.123211, 2.01349
-0.599493, 1.6151
-0.793022, 0.112306
0.872835, 3.95125
0.660953, 3.12772
-0.479446, 0.897619
-0.461182, 3.07877
0.242919, 2.27298
-0.881201, 3.69213
-0.0361866, 2.9457
0.890371, 1.03048
-0.876527, 1.80012
0.841832, 4.66573
0.211124, 3.43866
-0.972469, 6.03307
-0.971288, 4.52375
-0.426799, 1.55514
0.886551, 0.246034
-0.845188, 0.212232
0.338618, 2.56894
0.496252, 3.21878
0.815905, 0.744422
0.88921, 4.906
-0.988392, 5.98473
-0.332962, 3.61976
-0.956746, 5.64795
-0.130746, 2.63027
0.20912, 2.11442
0.63424, 0.652102
-0.592597, 1.06148
0.769901, 5.6812
0.276805, 1.73965
-0.452534, 0.323056
0.822396, 3.05954
0.349321, 5.93599
-0.625091, 4.54726
-0.977907, 6.03581
-0.782312, 3.6096
0.807123, 5.44333
-0.327409, 6.26804
-0.583517, 3.42748
0.772452, 3.03877
0.739112, 0.268096
0.580648, 2.88582
-0.78804, 0.773969
0.637407, 1.08045
-0.335646, 5.06088
-0.681764, 5.35047
0.34858, 5.05052
-0.708552, 4.94823
0.867175, 0.0490847
-0.955286, 3.06151
0.713878, 5.9115
-0.52715, 3.12737
-0.310913, 1.64532
-0.86612, 2.46076
0.926618, 5.54335
0.808526, 3.69863
0.0484711, 3.67024
0.410485, 1.62828
-0.846251, 1.75297
0.443275, 5.15268
0.887658, 0.714161
0.670795, 5.59572
-0.407234, 3.97347
0.31158, 4.42642
0.500078, 6.20654
0.750144, 6.22196
-0.133155, 3.91056
-0.33662, 0.934513
-0.456313, 2.36111
0.221898, 1.47186
0.26744, 4.43052
-0.164341, 4.78602
0.746588, 4.38857
-0.0850492, 5.91803
0.948076, 0.665706
-0.201169, 3.2533
0.0845762, 2.66763
0.279148, 0.105675
-0.663182, 4.16743
-0.138529, 3.87417
0.703774, 0.983728
0.901329, 1.50769
0.796538, 0.352177
-0.223276, 2.35785
-0.523845, 5.21871
0.349232, 6.15032
-0.560405, 0.354113
0.757817, 4.40873
0.893325, 1.2446
0.860914, 0.969106
0.912036, 2.19868
-0.59784, 0.431803
-0.73005, 4.92782
0.594639, 3.68228
0.957649, 1.75002
-0.537085, 5.58718
0.657873, 4.32913
-0.912122, 1.99358
0.459255, 2.99824
0.651044, 2.64454
-0.124805, 5.81249
0.854034, 1.19438
0.510834, 0.38916
-0.19748, 2.86533
-0.297254, 5.97061
0.856017, 5.4075
-0.610892, 0.769875
-0.765566, 6.05145
-0.768459, 3.70284
-0.217394, 0.138623
-0.82264, 2.69752
-0.529673, 1.37
0.338363, 5.78779
0.499904, 0.46919
-0.296671, 1.92059
0.885835, 1.14808
0.818228, 0.00990015
-0.232373, 1.66804
0.079593, 5.17279
0.575212, 2.97798
-0.705173, 1.81256
0.670034, 2.01132
0.577751, 0.602958
0.793356, 2.98118
-0.609294, 3.76056
-0.244731, 5.27257
-0.864643, 4.12804
0.470091, 0.904298
0.961377, 2.53519
0.771975, 0.930033
0.65796, 2.5515
0.593103, 2.23755
0.09648, 4.92835
-0.911271, 5.62319
0.824327, 5.22747
0.700832, 1.5809
-0.719105, 5.90721
-0.942288, 5.50809
0.877359, 4.77499
-0.867469, 2.03527
-0.538349, 3.81235
0.722771, 4.64379
-0.75569, 0.692653
-0.847912, 6.2346
-0.723164, 3.70857
0.798458, 4.61621
-0.56422, 2.13689
0.993031, 2.58989
-0.420589, 3.38078
-0.582848, 1.83473
-0.390507, 3.70922
0.949906, 4.74308
-0.937063, 0.788445
-0.339202, 2.2381
0.968562, 0.993213
-0.417976, 1.52363
0.393939, 4.6951
0.670611, 6.06798
-0.510448, 2.43195
0.966133, 2.89523
-0.237487, 3.69875
0.772271, 4.08749
-0.0795808, 1.35029
0.18436, 1.94556
-0.872302, 3.4279
-0.455373, 0.540401
-0.00641555, 2.7044
-0.0132644, 0.595024
-0.8105, 5.50313
-0.40366, 4.86501
0.19539, 4.64877
0.79972, 3.4288
-0.608491, 2.80545
0.49715, 0.97071
0.992125, 2.56168
0.363387, 0.427269
0.905129, 0.968456
-0.864787, 3.32308
0.684563, 5.72601
-0.8984, 3.19539
-0.382833, 1.85524
0.739784, 2.09485
0.595905, 0.568766
0.61815, 1.42172
0.258988, 5.3164
0.600762, 3.58226
0.62935, 2.63171
-0.572141, 3.20816
-0.79206, 4.62664
-0.491133, 3.38624
-0.359551, 1.74804
0.12724, 2.76845
-0.463656, 0.27101
0.114621, 4.77448
0.196704, 1.354
0.0122238, 5.02603
-0.145946, 5.0441
-0.0213052, 5.86866
0.647322, 1.78477
-0.555078, 0.349618
-0.137244, 0.613193
0.971195, 4.50131
0.746901, 4.21343
-0.127463, 1.91403
0.171928, 2.95508
-0.239062, 3.75539
-0.357096, 1.12476
0.44257, 4.56894
0.619454, 1.4189
0.917045, 1.1474
0.331525, 2.24108
0.869942, 5.85794
0.726786, 0.191932
0.629397, 5.61814
-0.129622, 3.72916
-0.840082, 0.932678
-0.142087, 2.10405
0.587609, 3.08035
-0.580589, 1.91296
0.739161, 2.01284
0.8699, 6.09721
0.639709, 3.94662
-0.813298, 3.12643
-0.945104, 4.2428
0.551854, 3.51496
-0.29857, 0.417942
0.953389, 2.85515
0.633306, 4.96475
-0.76098, 1.07831
0.771116, 0.0230928
-0.640439, 1.74277
0.92873, 1.1287
-0.14646, 3.86479
0.96819, 2.45992
0.911734, 3.39111
-0.55373, 0.236027
0.485723, 0.239471
-0.6346, 2.70849
-0.623564, 1.37069
-0.580321, 3.80828
0.603685, 2.94042
0.8483, 0.491884
0.552823, 2.43816
0.736014, 2.12899
0.547146, 0.107153
0.810613, 6.06389
-0.252034, 4.52788
0.0164153, 2.25927
-0.675654, 4.23484
0.0278076, 5.54122
-0.646136, 3.84561
0.472479, 5.65681
0.737692, 0.717204
0.229725, 0.496966
0.330354, 2.21659
-0.211133, 5.78588
-0.269545, 5.10227
0.737116, 4.92057
0.499632, 3.5493
0.469143, 0.680228
-0.635777, 4.06411
-0.313301, 0.203788
-0.166104, 4.5222
-0.0945006, 3.07455
-0.990114, 4.05782
-0.858749, 4.08415
0.517284, 3.16035
-0.420009, 2.57518
0.883367, 1.82609
-0.266802, 1.84599
0.691141, 2.25567
0.256307, 0.332544
-0.0659031, 4.33545
0.806092, 5.75339
-0.106107, 3.97102
0.972259, 2.4025
-0.823568, 0.577045
0.873706, 3.98203
0.14014, 5.52707
0.823482, 0.101634
0.209331, 2.37606
0.816005, 1.20137
-0.661072, 5.3215
-0.0834573, 1.96482
0.695218, 5.70772
0.316358, 3.98701
0.619071, 1.33175
-0.735662, 2.68635
-0.361919, 3.66202
-0.36281, 1.52093
0.178625, 1.87384
0.584105, 0.472769
-0.396466, 1.08129
-0.253203, 5.64296
-0.938022, 1.00688
-0.158975, 3.72413
-0.414382, 3.52735
0.0288204, 0.887467
-0.718999, 3.72835
-0.493763, 1.01767
0.449632, 3.51094
-0.97576, 2.31364
-0.811155, 1.44918
0.346021, 6.14554
-0.8225, 2.93394
0.789564, 4.97961
0.000650668, 0.846273
-0.943657, 0.18072
0.660198, 0.428927
0.324343, 2.24654
0.945494, 2.91363
0.0749368, 2.39815
0.591929, 0.90295
0.443366, 0.737999
-0.751978, 5.45479
-0.724353, 4.17497
-0.212592, 1.38571
-0.106471, 1.6597
0.834959, 4.93268
0.614517, 0.39571
0.658758, 0.862599
0.989649, 2.14098
0.39826, 5.55581
-0.47194, 4.37773
0.588628, 5.18715
-0.781354, 5.81996
0.699022, 1.43694
-0.348545, 5.46325
0.896112, 3.30134
-0.1391, 5.71516
0.684693, 0.990609
0.916238, 5.30421
-0.120132, 0.0523793
-0.907385, 0.210895
-0.863348, 2.78235
0.0468173, 0.753726
0.985172, 1.17667
0.156165, 4.49064
-0.686751, 3.31942
-0.943535, 2.21664
-0.804923, 2.39824
0.636378, 4.44304
0.446879, 0.82489
-0.994146, 1.13241
0.0889007, 0.690469
0.982405, 3.85032
0.240909, 1.69554
0.356517, 1.00884
0.219577, 5.75596
0.683875, 4.00904
-0.0840266, 5.90399
0.50138, 2.42565
-0.567258, 3.63835
0.338897, 2.95284
-0.483843, 4.74994
0.901644, 0.796768
0.734273, 2.58999
0.509541, 0.343052
-0.915063, 3.37017
-0.722154, 5.52449
-0.936732, 0.866332
-0.212273, 2.10313
-0.910178, 4.31626
0.020458, 5.01916
0.956205, 0.593129
0.773926, 5.5422
0.375672, 0.671062
-0.00293086, 5.86138
-0.653054, 3.79381
-0.423677, 4.47464
-0.701581, 3.35341
0.561625, 1.41354
0.739712, 3.53283
0.773413, 1.97008
-0.683092, 3.27909
-0.687075, 1.99807
0.933783, 3.72661
-0.422028, 1.30851
0.711943, 0.00397768
-0.372143, 4.40349
0.324082, 1.23206
-0.461722, 2.78008
-0.802435, 3.95334
-0.49026, 3.13725
0.904723, 3.98051
0.951486, 4.09043
-0.596538, 4.0989
0.287468, 0.58032
0.0426247, 5.49854
-0.814153, 0.589023
0.26163, 2.49178
0.969308, 3.99295
0.759388, 0.969274
-0.942395, 0.479155
0.49322, 5.95997
0.890466, 0.277364
0.630785, 1.79855
0.0991619, 3.10127
-0.627793, 1.3139
-0.810101, 1.77603
-0.887188, 4.69993
-0.557332, 2.94502
0.560322, 4.27014
-0.714713, 4.94375
0.393625, 1.17506
0.0919819, 2.44737
-0.210732, 5.54142
-0.529112, 6.17296
0.406473, 5.10134
0.763048, 4.37361
-0.572533, 6.15915
0.271262, 1.67968
0.645205, 1.4074
-0.0895049, 1.00206
0.247351, 6.10774
-0.998012, 1.41419
0.674088, 5.08645
-0.411251, 2.77272
0.966227, 0.956336
0.787499, 3.08382
-0.980116, 1.97273
0.673221, 3.26779
0.313396, 2.98331
0.905637, 5.30479
0.909233, 0.662607
0.270197, 0.359361
-0.871759, 5.44995
-0.447591, 3.2007
-0.67082, 1.6984
0.370099, 0.787041
0.639876, 4.14075
-0.164339, 6.09903
-0.97219, 1.47915
-0.082902, 3.86377
-0.714624, 3.89478
0.874021, 2.01327
0.439326, 2.58138
0.228276, 2.9159
-0.626455, 5.56956
-0.601148, 5.12293
0.950223, 1.08318
0.57445, 0.0836081
-0.751614, 1.60122
0.163469, 4.12763
0.446659, 6.05387
-0.735824, 1.35839
-0.353166, 5.35041
-0.400185, 0.203606
-0.218287, 6.06784
-0.133337, 5.87159
-0.676306, 4.48192
0.133299, 4.16874
0.931172, 4.92455
0.82129, 3.90223
0.685993, 0.180699
-0.569487, 3.25219
0.30258, 4.32994
0.379819, 4.06538
0.23876, 1.5749
-0.982051, 5.88359
0.76534, 1.83396
0.256397, 2.58043
-0.387707, 6.08126
-0.543835, 1.00349
0.925266, 4.97914
-0.553042, 2.28852
0.507165, 5.91117
0.736797, 5.87571
0.551267, 1.07532
0.576355, 0.553049
0.969874, 0.91613
0.393649, 6.00407
-0.734906, 1.74837
0.405577, 3.26511
-0.575042, 2.39748
0.74193, 4.95353
0.992262, 0.474577
-0.620253, 0.684181
-0.927852, 5.82438
0.903932, 4.85234
-0.538847, 1.4879
-0.8289, 6.19956
0.55647, 2.55152
-0.755327, 1.78571
0.0182717, 5.23335
0.600059, 3.74685
0.374025, 5.37094
-0.182232, 4.39573
0.0646229, 4.37306
-0.711338, 0.903919
0.682544, 4.7231
-0.385739, 3.12409
-0.985177, 5.62608
0.497555, 2.87749
-0.699474, 5.57008
0.565048, 3.32932
-0.994611, 5.29954
-0.205243, 2.99558
-0.327263, 1.76417
-0.357345, 5.84425
0.666148, 3.02645
-0.458069, 4.65667
0.00612919, 1.47335
0.741038, 1.93699
0.968223, 3.9478
0.403603, 5.33908
-0.222512, 0.1535
0.931194, 3.21482
0.995347, 4.30497
0.183924, 1.31882
-0.142991, 2.83087
-0.909618, 0.92925
-0.822392, 1.35471
-0.174397, 3.08953
0.811416, 4.44997
-0.931913, 5.69173
0.996928, 1.78966
-0.0755152, 5.23512
-0.901157, 5.60418
-0.919232, 3.70154
-0.640274, 4.4797
-0.684986, 2.99983
-0.734619, 0.423905
0.080193, 3.67224
-0.924878, 1.29319
0.66406, 1.12156
0.359721, 2.72101
0.727577, 4.56769
-0.957146, 5.16554
0.863691, 0.671406
-0.365496, 4.06044
0.961933, 1.36869
0.28637, 4.1966
-0.225541, 2.94796
0.51646, 0.279235
-0.835127, 4.34065
-0.0420353, 4.00587
0.199321, 2.99446
-0.183052, 5.33441
-0.936625, 6.12122
0.980422, 1.02738
0.925653, 5.36598
0.166415, 2.40523
0.669442, 3.28645
-0.953784, 0.52983
-0.0611314, 4.12205
-0.75999, 1.14144
0.787844, 4.16304
0.721043, 5.40297
0.211191, 6.08809
-0.992253, 6.00794
0.843311, 4.86872
-0.368175, 0.896639
0.816048, 1.4699
0.975379, 1.70385
0.698684, 2.95175
-0.71543, 4.49603
0.732359, 2.67896
-0.344768, 2.244
-0.742336, 5.38622
0.925472, 1.95575
-0.499196, 4.65742
0.911443, 5.18328
-0.374658, 2.58366
0.562725, 5.84024
-0.623043, 2.89325
-0.807524, 4.1365
0.392913, 6.08376
-0.858538, 0.407103
0.0464948, 6.21769
-0.979892, 2.9251
0.985878, 2.9788
-0.883186, 4.8401
-0.896603, 3.10842
-0.101789, 2.37822
0.243644, 2.2635
0.345852, 0.902558
-0.723487, 4.67204
0.467392, 1.8884
0.556975, 1.91208
-0.716637, 3.77484
-0.498756, 5.66885
0.853729, 2.61086
0.0706616, 5.07213
0.641622, 3.53071
-0.596227, 3.37859
-0.702283, 3.21781
-0.477215, 5.79234
0.333393, 4.82008
0.621516, 1.46159
-0.998762, 3.12889
-0.498584, 0.217018
-0.0664754, 0.054674
-0.807197, 3.89325
-0.873451, 4.31048
-0.863833, 1.75798
-0.330319, 0.567954
0.709317, 2.70836
-0.785653, 3.5923
0.844831, 3.81089
0.663465, 2.40511
-0.6005, 1.67229
0.948803, 3.4088
-0.878818, 5.84817
0.232615, 5.75132
0.231948, 2.78645
-0.465831, 4.30584
0.530608, 6.12622
0.664042, 3.98805
-0.745662, 4.35043
-0.00196267, 2.87017
-0.304447, 2.3913
0.257641, 1.20571
0.68567, 2.67479
0.501784, 1.41747
-0.950468, 0.795157
-0.778895, 3.73856
-0.567242, 0.554694
-0.695077, 4.62084
0.895744, 3.73717
0.825497, 3.51574
-0.961431, 3.33526
-0.899632, 1.59662
0.803435, 1.01002
0.319336, 5.80709
-0.171413, 5.84734
-0.0582969, 4.52499
0.73215, 5.50226
-0.149857, 1.52898
0.781221, 2.19423
0.917402, 2.90066
0.558943, 1.90556
0.131649, 6.11821
-0.673327, 2.75627
-0.722043, 3.85778
0.232527, 5.70121
-0.0533957, 3.22565
0.261848, 0.225239
0.939874, 5.03769
-0.103501, 3.16911
-0.935293, 2.82146
-0.978771, 4.15549
-0.201463, 1.4892
-0.271705, 4.91096
-0.158395, 4.02031
-0.404031, 5.00222
-0.409185, 0.730685
0.980282, 0.953029
0.260218, 3.79827
0.0816096, 3.15701
-0.398315, 0.453165
0.604095, 2.54551
0.863865, 3.48362
0.481738, 1.65287
0.56419, 1.50717
0.609194, 5.98968
0.224329, 5.51698
-0.937279, 1.44784
0.62355, 3.88188
0.689603, 0.379282
0.793968, 2.38176
0.216995, 1.06829
-0.290519, 3.76533
0.394621, 2.64172
-0.34903, 5.84855
0.160823, 1.41283
-0.924844, 3.39819
0.843374, 2.98016
-0.93607, 1.98953
-0.840941, 0.209199
0.0379601, 6.26155
-0.582854, 0.331575
-0.453522, 1.0601
0.326669, 3.31715
-0.544828, 4.54566
0.805012, 1.49438
-0.441119, 4.15261
-0.327281, 4.91904
-0.0340117, 4.97191
-0.987789, 5.87368
-0.774676, 6.27598
0.491556, 5.74081
0.6519, 0.997618
0.930546, 2.83335
0.674657, 1.6273
0.698265, 5.80665
0.582918, 5.97422
-0.754551, 0.127933
0.246682, 1.48848
0.493198, 4.95489
0.10633, 3.59794
-0.407193, 5.64281
-0.788407, 0.474821
-0.220904, 3.23428
0.0627907, 3.97271
0.990558, 5.54867
0.690542, 3.41656
-0.675127, 1.74036
-0.206388, 5.69188
0.261077, 0.432393
0.957817, 4.0777
0.132199, 4.14201
0.669649, 3.0287
-0.221553, 3.85819
-0.741546, 2.591
0.841488, 3.34707
-0.555596, 5.01674
0.115427, 3.16026
-0.193569, 2.40384
0.372969, 3.66642
-0.8719, 3.11854
0.467837, 4.87951
-0.481151, 2.07892
0.762949, 0.458246
0.289555, 2.03193
-0.250297, 1.61319
-0.696825, 1.68996
-0.587164, 5.66309
-0.967091, 0.636508
0.633752, 5.70632
0.534158, 6.21436
-0.82368, 3.98971
0.588632, 3.44855
-0.952526, 3.61391
-0.640328, 3.5619
-0.862546, 0.295039
-0.465684, 0.327397
-0.258642, 5.99658
0.867981, 4.72608
0.80708, 0.64359
-0.708308, 6.00713
0.021736, 6.26714
-0.493335, 5.90061
-0.141639, 3.86714
0.291737, 2.27962
-0.337139, 2.74416
-0.759614, 6.07074
-0.460585, 4.83209
0.911683, 6.13437
0.699149, 2.84957
0.178282, 4.51802
-0.783663, 0.51583
-0.646403, 2.64176
0.202766, 4.89499
0.993457, 5.67471
-0.68356, 1.64025
0.18525, 6.10867
0.192968, 2.87472
-0.486922, 6.07161
0.543717, 5.8801
0.731175, 4.64092
-0.00659167, 4.17936
-0.882066, 3.79679
0.129406, 1.14285
-0.900469, 2.38788
-0.366392, 0.51919
-0.819782, 4.13045
-0.940211, 3.90093
-0.155235, 0.668141
0.548204, 0.144502
-0.277443, 2.32796
0.0188345, 1.63432
-0.461784, 5.39139
-0.180187, 5.61381
0.170435, 4.47479
0.478511, 4.43204
-0.563845, 2.3865
0.294829, 2.26845
-0.556794, 5.50118
0.668963, 0.377893
0.687441, 3.8202
0.23233, 1.83999
-0.586415, 3.56935
0.157188, 0.849654
-0.50708, 2.90737
0.811662, 2.81482
0.619789, 0.319426
-0.27794, 3.61447
0.60707, 4.28758
-0.975709, 4.9426
0.678215, 4.4323
0.90752, 0.0462498
0.676432, 2.11035
0.970222, 0.926766
0.605841, 4.157
-0.898334, 3.10463
-0.83715, 0.292938
-0.0383036, 4.61078
0.494291, 5.52652
-0.291557, 0.088915
0.801771, 4.92165
-0.823234, 5.63899
0.460866, 3.95106
0.863507, 6.0357
-0.311267, 4.75761
0.683031, 5.62697
-0.00370022, 2.279
-0.331319, 5.21499
-0.652503, 2.10247
-0.617308, 2.05644
0.627625, 2.80931
-0.834453, 6.2045
-0.717966, 4.1681
-0.502593, 3.71464
-0.273639, 0.972461
-0.560714, 1.08728
-0.311731, 2.24561
0.243886, 2.89965
0.917188, 0.328127
0.934715, 1.48296
-0.738315, 4.3845
-0.81025, 2.3682
-0.940699, 2.30958
0.788152, 2.05314
-0.627267, 4.76234
0.84568, 3.46532
0.703134, 5.18041
-0.257881, 3.68966
0.164335, 4.8139
-0.920754, 3.12584
-0.335851, 0.321846
-0.797447, 6.19509
0.311043, 5.93013
0.156303, 1.15107
0.98175, 6.10672
-0.785253, 2.37084
-0.578253, 1.72555
-0.643982, 2.68526
0.497805, 1.53255
-0.943919, 0.0913928
0.859691, 1.91307
0.987292, 5.38542
-0.829606, 2.6841
-0.263212, 3.51639
0.741704, 2.06763
0.968201, 1.65287
-0.428517, 5.03593
-0.903724, 2.11522
-0.925022, 2.42682
0.342161, 4.54697
-0.20105, 2.25699
-0.0104525, 0.242629
0.883602, 3.17243
-0.547737, 3.04413
-0.182118, 5.91537
0.75641, 4.73962
0.328728, 2.45585
0.270229, 1.18653
-0.452235, 3.74239
0.93517, 1.18426
0.0282398, 3.99912
-0.56522, 0.385379
-0.698022, 3.79833
-0.985965, 5.40026
-0.714286, 0.99548
-0.815204, 4.99585
-0.19791, 4.30041
0.862163, 3.64835
-0.284867, 2.04876
0.872699, 0.618257
-0.103171, 6.26618
-0.979718, 3.17412
0.868098, 5.20329
-0.671171, 4.07952
-0.819646, 5.5548
0.363991, 3.78038
0.855998, 2.10343
-0.950161, 0.45724
-0.194283, 3.32059
0.297644, 6.23227
-0.18697, 2.31777
-0.745841, 1.83036
-0.327266, 0.514087
-0.645589, 5.13643
-0.64722, 4.68878
0.315872, 5.72601
0.32968, 5.12532
-0.0475687, 2.37058
-0.921847, 0.922297
0.770369, 2.73129
-0.32658, 0.432642
-0.972308, 5.74161
-0.504746, 6.04654
0.127953, 4.65083
-0.756559, 2.88667
0.0830998, 3.24259
-0.702475, 3.39108
-0.346909, 1.71569
-0.153013, 1.75524
0.808702, 4.50275
0.944033, 1.63713
-0.00165839, 0.169146
-0.654475, 5.62003
0.671893, 4.02385
0.10134, 3.72023
0.754645, 6.17747
-0.955042, 1.94565
0.747132, 3.7547
-0.0301106, 5.79254
0.465914, 4.08384
0.547319, 2.18548
0.562585, 0.655846
0.60987, 4.96226
-0.15291, 2.84185
0.933041, 2.3287
-0.871051, 5.04287
0.4101, 1.47454
-0.968939, 6.05741
-0.563712, 4.62832
0.96947, 2.21208
-0.876035, 3.84507
0.839266, 4.88604
-0.257982, 5.46886
-0.996193, 3.47909
0.523973, 5.1487
-0.225333, 2.01962
0.421305, 1.77774
0.96994, 5.73671
0.849691, 2.40986
-0.744467, 3.17007
0.911071, 4.68993
-0.690852, 1.08237
-0.257356, 0.271489
-0.595328, 1.03885
0.578496, 5.29261
0.321241, 2.14533
-0.8431, 1.27188
0.929122, 2.39724
0.933983, 0.301841
-0.315005, 1.1151
-0.833561, 5.35539
0.937454, 5.4624
-0.876505, 3.58584
0.874489, 2.55527
0.955635, 1.39917
0.030537, 6.01693
0.562105, 1.31452
0.653791, 4.14686
0.826457, 1.31514
0.917873, 2.2306
0.71197, 1.69083
0.622072, 1.9185
-0.812636, 2.81838
0.147073, 4.09156
-0.627827, 0.939565
-0.514272, 2.6387
-0.996003, 5.19307
-0.284906, 1.52376
-0.708842, 3.57729
0.0761613, 2.93653
0.478493, 2.51673
-0.800436, 6.22045
-0.978379, 0.302681
-0.809649, 1.42592
-0.543503, 3.32728
0.245458, 6.02175
0.0434797, 0.389755
0.325149, 5.40151
-0.517765, 4.94183
0.533078, 1.80456
0.249551, 4.12811
0.205908, 4.59387
0.412741, 3.71519
0.540099, 2.16097
-0.805547, 4.07169
-0.588765, 2.22208
0.951438, 0.0795768
0.204748, 2.95779
0.0526842, 5.42534
0.943501, 1.29736
0.628997, 0.457313
-0.78019, 0.750319
-0.857068, 0.91969
0.312066, 5.68391
0.580123, 5.82046
0.852196, 0.0615956
0.421669, 3.18126
-0.443801, 1.61543
0.587566, 5.42532
0.27436, 0.224391
-0.555848, 0.178845
0.511846, 4.33868
0.822946, 3.8301
0.42316, 0.792908
0.850209, 5.46942
-0.669873, 5.36885
-0.229219, 3.25963
-0.229854, 1.43185
0.466934, 6.02095
0.542638, 4.9503
0.215988, 5.80916
0.690613, 2.06956
-0.547482, 4.46191
-0.885444, 0.307404
-0.281555, 0.837931
0.451991, 3.51953
-0.665328, 3.54561
-0.953987, 2.76258
-0.186826, 4.36931
0.826608, 3.44541
0.418691, 5.63446
-0.159571, 5.42494
-0.163613, 0.519627
0.0510239, 1.75768
-0.374318, 2.20762
-0.496331, 2.14598
-0.507701, 5.85831
-0.545905, 2.07224
0.276106, 2.71365
-0.333312, 1.47822
-0.13403, 4.11104
-0.147346, 5.7689
0.309269, 3.66591
-0.538243, 0.380142
-0.443258, 5.79604
0.880932, 2.96307
-0.905124, 3.97758
-0.866768, 2.6867
-0.581781, 0.683974
0.298371, 2.37574
0.323521, 1.62838
0.119948, 1.90708
-0.0015344, 1.06125
0.573291, 4.57849
0.603074, 3.81827
0.497375, 4.07322
0.590862, 5.73958
0.816013, 4.08011
-0.626505, 3.45413
-0.0411723, 0.334109
0.571605, 3.76215
0.821797, 1.60071
0.542075, 2.81706
-0.668194, 0.312711
0.861717, 2.91272
0.543664, 4.81787
-0.514831, 3.54291
-0.895048, 0.538722
-0.10424, 6.18739
0.326547, 0.516339
0.853934, 3.60436
-0.661765, 3.7195
0.451896, 3.87143
-0.214173, 3.31883
0.957368, 4.78334
-0.195282, 5.52458
0.40258, 4.25094
0.107359, 0.0829071
-0.742547, 0.453005
-0.730008, 5.5701
-0.317808, 2.18986
0.93977, 1.50292
-0.0744205, 0.582058
-0.465981, 3.05812
0.960226, 1.59291
-0.79016, 5.49211
-0.250944, 5.99124
0.918756, 5.6093
-0.932676, 2.15204
0.167437, 2.23077
0.654749, 5.89974
-0.67279, 3.78425
0.387536, 5.89575
0.922454, 5.62059
0.800538, 5.64206
0.761565, 3.33076
0.63596, 1.27918
0.808594, 2.70896
-0.979923, 4.84644
-0.605541, 1.23831
0.151714, 5.21325
0.908159, 1.07301
-0.73089, 2.98172
0.363407, 2.55108
0.614489, 1.68251
0.757284, 0.664266
-0.120729, 5.08493
-0.857996, 4.38086
0.79896, 3.90101
-0.733173, 2.39332
-0.817602, 1.2475
-0.8952, 4.89147
0.680223, 1.61383
0.678828, 4.39468
0.41746, 5.49177
0.624494, 5.05287
0.361903, 5.03028
0.238091, 4.51305
-0.0852505, 5.45504
0.240076, 4.03168
-0.937087, 0.616834
0.772591, 5.06081
0.710847, 3.67953
0.573896, 5.95467
0.628052, 4.09234
-0.152379, 4.84493
0.998185, 5.40357
-0.165769, 6.14428
-0.41714, 4.59148
-0.578799, 1.00462
0.212777, 0.379889
-0.988478, 1.06547
0.929473, 0.273025
0.81529, 3.06755
0.44966, 1.78215
0.953495, 5.13076
0.670952, 3.82553
0.606395, 4.93133
-0.0829608, 0.477583
0.283967, 4.76758
0.436513, 0.890089
0.535666, 5.96166
-0.467696, 4.87067
0.773466, 1.74286
-0.323729, 3.31719
0.810915, 5.83198
-0.594647, 4.02244
0.605097, 3.53749
0.748113, 0.683357
0.871134, 4.09294
-0.769341, 3.91062
-0.552685, 2.34696
0.364503, 5.83796
0.386025, 4.02389
-0.736534, 3.49573
0.862565, 4.01216
-0.0767815, 0.0137091
-0.710458, 3.3669
-0.648817, 4.88976
0.255668, 3.34322
-0.748637, 1.88256
-0.803772, 3.99305
-0.869931, 5.47382
-0.552345, 3.67911
-0.868717, 3.3465
0.524561, 2.78971
-0.0238916, 5.74486
-0.49856, 5.56168
0.562441, 5.28063
-0.901321, 1.24011
-0.684389, 5.62022
-0.609529, 5.25961
-0.0827068, 5.91559
0.267077, 0.963792
-0.261651, 2.55626
0.834006, 6.08243
0.143942, 2.381
-0.439274, 3.18641
0.859955, 6.12227
0.103806, 1.55398
0.143831, 0.246472
-0.962089, 2.32059
0.393246, 5.42899
0.262092, 2.85707
0.676148, 5.74594
0.0630672, 1.61702
0.939964, 0.0971569
-0.838186, 0.459644
0.674893, 0.278608
-0.203221, 5.02365
0.970468, 3.34455
0.122446, 6.1196
-0.351663, 3.46207
-0.989152, 1.88276
-0.690627, 3.03638
0.911717, 1.59108
0.826201, 3.94724
0.946998, 1.45774
0.299848, 2.29415
-0.286958, 6.21966
0.447056, 0.87198
0.373836, 4.98336
0.807901, 3.7862
-0.453948, 5.25131
-0.686222, 4.04277
0.995723, 1.70629
0.17143, 3.48676
-0.663999, 4.81446
0.974286, 0.52697
0.791832, 1.63899
-0.931082, 5.74312
0.7885, 3.39158
-0.85518, 2.71286
0.854204, 0.860097
0.953961, 3.94811
-0.599925, 2.35343
-0.186302, 0.939565
0.452605, 0.542941
-0.903124, 1.47778
-0.71644, 4.91616
0.783345, 4.22715
0.781873, 5.24447
-0.620439, 3.52433
-0.972151, 4.53747
0.752425, 3.51821
0.00827122, 4.22574
0.49314, 5.09146
-0.0938521, 1.69751
0.651836, 4.93226
0.874912, 2.02098
0.612085, 2.30931
-0.153828, 3.76318
0.457327, 1.17582
0.79144, 5.89362
-0.0346292, 1.80236
-0.972574, 4.85267
0.0765928, 2.79305
-0.0796377, 1.05556
-0.709421, 2.85985
0.529271, 5.70484
0.239589, 6.1165
-0.628461, 5.28404
-0.276542, 0.950203
0.392818, 1.19821
0.908822, 3.23826
0.282228, 0.736991
-0.651698, 1.66576
-0.736641, 4.85949
-0.869695, 1.59395
-0.304685, 3.8569
0.999848, 4.82872
0.152479, 2.66077
-0.281188, 3.95066
-0.57803, 0.230532
-0.226764, 4.54387
-0.846356, 2.56899
-0.627791, 4.64881
-0.960228, 3.85147
0.0505643, 5.99644
0.593256, 0.110299
-0.321506, 1.70769
-0.110469, 5.73033
0.978031, 2.7751
0.866061, 6.07553
0.975823, 2.38294
0.357406, 1.24493
0.380732, 1.15825
-0.874074, 5.79066
-0.945298, 1.36199
-0.0840393, 2.44016
0.260482, 3.94439
-0.493779, 2.20959
0.78553, 2.01159
0.223659, 2.6669
-0.0410929, 4.67559
0.67649, 1.32698
-0.925542, 4.48128
-0.176467, 2.89501
-0.5727, 4.00417
0.598416, 3.38265
0.38448, 3.74242
-0.846176, 1.76214
0.439574, 5.65265
0.0123343, 0.0803983
-0.542026, 2.5572
-0.650573, 0.589345
-0.994894, 5.88587
0.222004, 0.335081
-0.502271, 0.375601
0.510406, 5.46396
0.233767, 3.48631
0.771904, 1.24416
-0.241219, 5.37105
-0.769473, 0.134344
-0.850995, 5.89872
-0.11064, 2.68453
0.990682, 0.602984
0.133613, 5.96455
0.470514, 0.491381
-0.264194, 0.892017
-0.919667, 1.23628
0.472939, 5.84965
-0.772656, 0.209494
0.841992, 5.3388
0.959989, 4.45579
0.394067, 2.05414
0.320222, 4.33233
0.90891, 3.51543
0.830837, 5.30813
0.492067, 0.68733
-0.731421, 4.67869
0.308036, 4.76617
-0.908131, 1.05566
0.0879478, 5.49256
0.227512, 3.57354
0.992309, 5.83229
0.846445, 6.15556
-0.126975, 2.03342
0.96575, 4.90206
0.754035, 1.60872
0.806044, 0.846401
-0.613973, 5.9954
0.786037, 3.20127
-0.61129, 5.65354
0.955223, 3.13179
0.266175, 5.93703
0.424403, 2.95189
0.391378, 1.22556
0.645776, 2.54321
0.206816, 2.06836
0.0951848, 0.283227
0.988876, 2.94421
0.110441, 5.08515
0.77686, 5.16782
0.588954, 0.123747
-0.252696, 4.65384
-0.965537, 6.2552
0.711976, 3.24469
-0.720513, 4.16876
-0.185432, 5.02647
-0.469236, 4.74156
-0.487264, 0.908367
0.700823, 2.77399
-0.535729, 3.51856
0.911635, 2.45983
-0.749978, 1.00648
-0.21065, 1.09793
0.469289, 4.70531
-0.807374, 5.29002
0.962513, 5.70327
0.0359817, 1.35914
-0.991536, 4.33619
-0.999337, 1.33939
0.99246, 1.6088
0.417351, 4.92774
0.765685, 2.40676
-0.595906, 0.0353708
-0.755735, 5.55609
-0.96293, 2.46876
0.0665837, 5.85689
-0.623283, 4.56228
0.267942, 5.6126
0.715792, 0.72422
0.957112, 4.84567
-0.931843, 3.31661
-0.883083, 5.09624
-0.416779, 2.34474
0.266536, 3.85597
0.242956, 5.86424
-0.470486, 4.94424
-0.411873, 1.34123
-0.0913118, 5.32599
0.672412, 6.13943
-0.417277, 2.92134
0.9206, 4.98506
-0.736063, 3.7477
-0.11257, 0.669876
-0.00604887, 4.32847
0.843963, 6.28197
-0.818939, 4.55028
-0.232126, 3.07983
-0.353104, 0.239751
0.545176, 5.42121
0.126951, 1.62721
0.0368178, 2.89145
-0.379287, 2.22409
0.532051, 0.168158
0.501256, 2.60599
-0.827563, 4.91856
-0.246263, 1.4081
-0.408325, 1.26591
-0.704154, 4.95304
0.706133, 2.34303
-0.128608, 2.33626
-0.541698, 3.97156
-0.399692, 6.2065
-0.591411, 4.50732
0.706334, 4.02814
0.755415, 1.60148
0.456554, 2.5488
0.673906, 2.45761
-0.716369, 3.19412
0.132744, 0.225856
0.497585, 4.98918
-0.308049, 4.16145
0.114358, 1.46556
0.508656, 4.94648
-0.94794, 6.2491
-0.546511, 3.72751
0.26176, 2.9981
0.497664, 2.11156
-0.230749, 4.33376
-0.0497311, 3.38303
0.580877, 4.23093
-0.683244, 5.78658
-0.33268, 5.68846
-0.984, 4.89037
-0.716839, 1.05803
-0.91154, 4.53449
0.00850146, 3.21629
-0.570241, 0.0894376
-0.754585, 0.277077
0.728511, 5.02892
-0.881988, 0.561404
-0.274154, 5.85022
-0.698565, 2.71188
0.166655, 1.0399
-0.735724, 1.3979
0.788182, 5.09978
-0.280049, 6.20864
0.906778, 5.36621
-0.536929, 2.81947
0.99574, 4.23579
-0.262523, 2.68486
-0.847364, 1.45847
-0.0220273, 2.41179
0.776772, 0.957698
-0.132224, 5.55133
0.0446999, 0.483289
0.492357, 3.34637
-0.53466, 1.77634
0.49169, 3.51005
0.131227, 4.91932
-0.207462, 5.69666
-0.372344, 3.5899
0.68343, 2.32811
0.391411, 2.34147
0.67772, 0.51163
0.285046, 5.97836
-0.358882, 3.17196
0.959849, 1.32524
0.0543393, 5.21239
0.755282, 6.03104
0.852779, 2.3157
-0.988435, 5.79757
0.846819, 2.52943
-0.903228, 1.76833
-0.956203, 2.08984
-0.101433, 5.49027
0.856426, 0.156727
0.417936, 1.16181
0.19142, 2.02111
-0.898114, 4.90226
0.515368, 3.95616
0.651366, 4.38551
-0.622232, 0.440607
-0.709824, 0.714096
0.731587, 0.598678
-0.548178, 4.54868
0.938244, 3.91541
-0.804143, 3.75983
-0.829869, 3.90087
-0.463519, 6.18714
0.0737785, 0.858011
0.0366776, 0.967567
-0.370384, 5.62222
0.10298, 2.52887
0.320639, 0.813129
-0.887141, 0.638177
-0.852592, 0.772781
0.584734, 5.86253
-0.375919, 4.61325
-0.674915, 4.94808
-0.811639, 1.91173
0.851778, 0.0896469
0.988414, 0.17816
-0.628832, 3.9428
-0.185238, 1.48945
0.438167, 1.49656
-0.887302, 5.53492
0.36861, 0.811778
0.796236, 0.288746
0.910971, 4.90852
-0.936841, 0.799171
0.618235, 3.50308
0.507517, 4.38062
-0.782901, 5.27907
-0.947654, 1.21579
-0.539398, 1.74472
-0.666332, 4.51489
-0.222288, 1.95861
0.937087, 3.18136
0.802275, 1.6168
-0.516577, 5.2443
0.0411483, 1.46928
0.428985, 0.347582
0.113549, 2.72007
-0.348396, 2.36269
0.988574, 5.86866
0.913018, 3.32591
-0.113007, 5.76728
-0.77519, 3.59246
-0.644747, 0.875796
0.743618, 5.0565
0.946152, 2.30388
0.741744, 2.79772
0.0753207, 4.45466
-0.490934, 0.680776
-0.526319, 2.62308
0.709207, 0.737808
-0.548374, 5.42161
0.909228, 5.3959
-0.125247, 0.896291
0.624881, 2.03717
0.776088, 0.514606
0.548008, 3.91523
0.978688, 4.71281
-0.944736, 5.76924
0.768423, 1.45586
0.74996, 2.94369
-0.178041, 3.43129
0.515005, 2.67037
0.997268, 5.93547
0.170564, 4.45681
-0.0931824, 5.37521
0.252793, 6.13708
0.781, 1.65107
-0.0401603, 2.62747
-0.284491, 5.92824
-0.480722, 2.48153
0.763008, 2.17348
-0.809699, 2.77692
0.142947, 3.21419
-0.295167, 0.138578
0.0456159, 4.73943
0.92002, 5.26525
-0.3641, 0.852438
-0.724682, 1.20862
0.426016, 5.49345
0.551173, 1.97344
0.32677, 1.47143
-0.258972, 4.12689
-0.106456, 0.285064
0.23777, 5.34564
-0.816711, 0.063667
-0.256362, 3.43005
0.658917, 3.62426
-0.957796, 4.8575
0.379621, 1.97901
-0.927738, 4.73862
0.897655, 2.3509
-0.630736, 5.45716
-0.414646, 4.35453
-0.720157, 5.35383
-0.64183, 6.25785
0.39533, 2.24471
0.971664, 4.38311
-0.148126, 3.43184
0.952201, 1.49148
0.115256, 1.72074
-0.863234, 4.02317
-0.0128333, 0.26934
-0.82431, 5.61453
0.562514, 2.76631
0.94523, 2.85158
-0.45762, 5.86593
-0.0352627, 3.46731
-0.590807, 5.58742
-0.010007, 0.709881
-0.288443, 3.66229
-0.849494, 0.697832
0.634673, 4.2952
0.85556, 1.99982
-0.962642, 4.75585
-0.846929, 0.963212
-0.659921, 2.508
0.950515, 0.625807
0.977812, 5.03914
-0.162368, 1.98288
-0.889343, 5.0655
0.528731, 1.51316
-0.227945, 0.109345
-0.953629, 1.98656
-0.486678, 4.4969
-0.917645, 3.99097
0.645634, 4.47007
-0.297551, 2.05797
-0.0722374, 0.903514
0.32871, 5.38854
0.903568, 6.24651
-0.774117, 4.86064
-0.459428, 3.84895
-0.090417, 4.37641
0.739152, 1.13553
0.410417, 3.97057
0.995695, 3.42266
-0.467642, 0.992468
-0.99565, 4.09166
0.113126, 6.03883
0.744209, 0.335353
-0.771223, 0.352287
0.753926, 5.29218
0.554995, 5.03312
0.402175, 5.31897
-0.719529, 0.577
-0.591405, 5.01801
0.563649, 0.831949
-0.162697, 4.39201
0.787677, 5.28379
0.423842, 2.46926
-0.201256, 2.68709
-0.308006, 2.50739
-0.741513, 5.79661
-0.578999, 3.90853
0.873801, 2.80194
-0.862501, 5.01644
0.78071, 4.92355
-0.0517642, 0.931455
-0.894157, 1.88281
-0.581714, 3.50317
-0.561831, 0.149519
0.933155, 3.86223
0.0714646, 6.00221
-0.704679, 0.438987
-0.180391, 0.434909
0.71695, 0.860461
0.968221, 1.29901
-0.721379, 2.97684
-0.389844, 3.26847
0.630912, 1.98721
0.88272, 0.371479
0.965702, 0.950056
0.435776, 4.23494
0.757153, 5.31862
-0.361813, 2.90944
0.999426, 1.317
-0.748915, 5.02584
0.239344, 0.155231
-0.880939, 5.49616
0.778335, 3.77894
-0.208155, 0.225137
0.154834, 0.179384
-0.893538, 5.50139
0.976723, 3.18135
-0.167767, 0.094917
-0.765832, 3.37066
0.849742, 4.01962
0.360781, 4.75933
-0.423226, 1.72607
0.88178, 4.14905
-0.17059, 0.265559
0.491603, 1.84624
0.695362, 1.28807
0.358436, 0.188839
-0.10726, 2.15297
0.574313, 1.45324
0.0146399, 4.07639
-0.911231, 1.3802
0.601956, 1.28031
0.0926089, 0.566822
0.717587, 1.74493
-0.660529, 1.48095
-0.786388, 2.92094
-0.656212, 1.82717
0.045283, 2.38037
0.828835, 4.85647
-0.929742, 0.885424
0.496986, 2.7443
0.207462, 5.31985
-0.103539, 2.40095
0.567092, 5.39689
0.740565, 5.43147
-0.566284, 1.02147
0.317121, 0.152029
0.591202, 3.61792
-0.521945, 0.490342
0.963577, 4.22407
-0.969779, 1.17846
-0.820474, 3.12324
0.707226, 0.796453
-0.555499, 5.79655
0.779391, 4.85025
-0.754984, 5.65848
0.168214, 4.71632
-0.122182, 0.228825
0.516458, 4.97857
-0.322633, 2.3446
0.672248, 4.35503
0.459576, 1.31683
-0.603215, 3.44886
0.733778, 0.581601
0.794543, 1.41266
-0.915175, 4.77828
-0.145692, 1.75472
-0.473879, 1.88997
-0.5432, 3.33418
0.874128, 4.08859
-0.893697, 5.08255
-0.294965, 6.03739
0.869326, 4.32157
0.697053, 2.65071
-0.683447, 3.93566
-0.252498, 5.86857
0.261362, 1.26751
-0.549384, 3.77611
-0.743253, 3.18439
-0.578474, 1.29891
0.970766, 1.28259
0.298243, 4.42589
0.00534335, 5.29187
0.553213, 4.32238
-0.248982, 5.6057
0.198757, 2.54716
0.335319, 6.15227
-0.346146, 1.73262
0.88659, 3.88892
-0.832069, 2.58216
0.0370008, 2.27546
-0.70753, 3.32242
0.533159, 1.25619
0.128278, 4.91302
-0.924112, 2.35464
0.189955, 3.91816
0.842727, 3.31291
0.36366, 5.85948
0.903211, 0.248481
-0.815563, 1.28568
0.937772, 0.0431679
-0.56599, 0.343552
0.928897, 1.75447
0.812205, 2.38661
0.0189062, 2.90404
-0.320143, 1.89465
0.735466, 6.24236
-0.665051, 1.04811
-0.0990934, 5.24979
0.461049, 4.83526
0.35384, 5.76041
-0.362136, 3.74566
0.924966, 6.06035
-0.850007, 5.98476
0.134583, 1.40645
0.320437, 1.60245
0.148201, 4.92717
0.37595, 2.46099
-0.779716, 2.55299
-0.608512, 4.85395
-0.340849, 2.09528
-0.675694, 3.50127
0.0491125, 5.7767
-0.188838, 5.77827
0.221411, 0.394214
-0.238985, 6.0189
0.569844, 4.30002
-0.944495, 1.35414
-0.500176, 4.06435
-0.961089, 3.19814
0.425534, 1.87242
-0.677139, 5.19621
-0.558612, 2.51207
0.746064, 2.77345
-0.0805508, 2.64656
0.934225, 0.317523
0.621218, 4.85006
0.666261, 0.103133
-0.850944, 2.20224
-0.651391, 3.2122
-0.605096, 3.28093
-0.453425, 0.246681
-0.337376, 2.04861
-0.239105, 5.93542
-0.681615, 2.31179
-0.958341, 3.17206
-0.499315, 4.7571
-0.0238561, 0.179946
-0.932223, 4.04841
0.451705, 0.18636
-0.609199, 5.42637
0.660982, 3.19546
0.365054, 4.85162
-0.244104, 4.73749
-0.676519, 6.14886
0.788201, 2.26145
0.301721, 0.456044
-0.0260497, 2.451
-0.800242, 2.51568
0.00496112, 4.14839
-0.261715, 3.20565
0.809521, 4.10897
-0.746587, 2.02706
0.115733, 4.7619
-0.340982, 2.205
0.989931, 6.26718
0.772829, 5.11267
-0.649884, 0.40448
0.230071, 0.545054
-0.523812, 3.98258
-0.979226, 6.1995
0.938789, 0.458054
-0.200996, 1.30691
0.857671, 1.18539
-0.901767, 5.29731
-0.672129, 5.94851
0.936871, 3.8691
0.982458, 4.40075
0.38582, 0.0346573
-0.727514, 1.26712
0.930948, 0.610315
0.985274, 5.55134
-0.84833, 3.31393
0.231634, 2.50205
-0.720025, 0.0137042
-0.0376685, 0.711042
-0.949761, 6.13833
-0.781386, 1.48829
-0.560228, 3.59896
-0.208263, 0.618838
0.86251, 3.6916
-0.240034, 2.12145
0.921065, 2.87384
-0.230491, 4.88528
0.822577, 3.92626
-0.634402, 2.0056
0.618815, 2.88691
-0.806426, 4.72195
-0.934841, 0.688172
-0.535252, 3.65747
0.237983, 5.45457
-0.235179, 1.54411
-0.425312, 1.7306
0.675331, 0.442575
0.00805843, 4.39785
0.440504, 5.24553
0.125271, 2.71378
0.663866, 3.96468
0.0845666, 4.8172
0.667207, 0.470932
-0.519933, 3.1851
-0.0486216, 2.55926
0.524099, 1.49474
0.664911, 6.12021
0.199041, 4.44093
-0.23042, 3.4954
0.696411, 4.76277
-0.994187, 2.06568
-0.880411, 2.78297
-0.770288, 2.3479
0.872388, 3.35911
0.452463, 4.1237
0.640891, 5.9175
0.811114, 2.38698
0.787158, 2.97592
0.929304, 5.94991
0.253567, 2.41428
-0.93757, 6.21358
-0.896489, 1.84596
0.75739, 2.48295
0.481226, 0.532923
-0.330887, 0.237759
-0.597881, 2.80421
-0.474504, 0.0875229
0.986577, 2.58896
0.694024, 2.07952
0.42916, 3.10463
0.157769, 1.58487
-0.952465, 0.654633
-0.82013, 2.48591
-0.520831, 3.90953
-0.609867, 3.16553
-0.888404, 4.41194
0.80243, 4.68326
0.526024, 2.39542
0.250455, 2.81613
0.731021, 3.12751
-0.88269, 2.15435
-0.0979096, 4.05428
-0.142662, 2.50369
0.514938, 2.16552
0.16169, 2.93835
0.947025, 4.99554
0.192811, 1.99416
0.84135, 1.91389
0.879013, 5.3769
-0.403283, 3.73772
-0.764487, 4.6803
-0.298121, 1.92003
-0.148707, 4.51879
0.810124, 5.0694
-0.934114, 1.89028
-0.487724, 0.810637
-0.886817, 4.22912
0.182846, 2.38294
0.313468, 2.13056
0.390345, 1.68628
-0.676052, 2.64496
-0.746638, 0.461252
-0.727587, 0.442842
-0.0493129, 3.9093
-0.0494145, 3.4949
0.132693, 2.92019
0.868875, 3.22032
0.577096, 2.31396
0.361894, 0.491924
0.588696, 5.66376
0.734802, 1.56603
0.936197, 1.41645
-0.964584, 5.39273
-0.544302, 5.38228
-0.865319, 4.68802
0.636855, 5.37939
0.201369, 2.64799
-0.508908, 3.71124
0.144264, 4.79835
0.54221, 0.393946
-0.447849, 0.548984
0.612665, 3.87648
-0.455382, 1.41664
-0.477131, 3.52261
0.587697, 3.53014
0.631004, 5.67448
0.927471, 0.995188
0.0864217, 5.54481
0.687672, 1.86046
0.860881, 1.67243
0.586806, 3.91828
0.802294, 0.762737
0.331741, 4.68212
-0.144305, 5.28334
-0.431435, 4.73604
0.214399, 2.74139
-0.634014, 2.12718
-0.707927, 1.58934
-0.755926, 1.003
-0.399578, 4.15502
-0.995544, 4.63676
-0.467919, 1.1224
0.157768, 5.26139
0.89877, 1.99883
-0.742051, 1.34866
-0.102078, 3.62074
0.943515, 3.45632
-0.0551485, 1.84946
0.105201, 6.04663
0.448809, 3.7921
0.560749, 5.42665
0.355229, 1.57373
-0.214119, 1.74502
-0.568007, 1.58409
-0.324252, 5.95237
-0.973854, 5.59195
0.141455, 3.02114
-0.125993, 0.0322723
-0.0796081, 2.27514
0.489041, 3.89259
-0.0833303, 3.22641
-0.503182, 2.20253
-0.722495, 3.1007
0.156282, 1.65222
0.710461, 1.72151
0.73138, 6.06274
-0.33951, 0.150101
-0.371653, 3.47099
0.162732, 5.76301
0.698488, 3.15996
0.484275, 0.842798
0.328311, 2.08678
0.792489, 2.71553
0.391502, 2.21237
0.936563, 2.20364
-0.784085, 5.03541
0.997737, 1.49639
-0.22778, 4.29684
-0.390815, 1.03675
0.910225, 6.24844
-0.0851265, 4.89191
-0.148436, 5.05423
0.977162, 4.98739
0.942392, 1.23153
0.121309, 5.92544
-0.93615, 2.04106
0.916159, 0.539942
-0.719839, 6.04349
-0.190246, 3.3708
0.598593, 4.96525
-0.459908, 3.75907
0.11804, 0.773377
-0.436585, 5.17567
-0.624695, 3.32121
0.65972, 2.15529
-0.654575, 2.76137
0.330771, 3.32309
0.246544, 1.12265
0.591266, 3.7894
-0.391498, 2.22442
0.582858, 4.54873
0.954055, 4.01681
0.534952, 2.31332
-0.879863, 3.22141
0.475781, 6.27213
-0.873818, 3.54114
0.756521, 4.73152
-0.630201, 0.840894
0.486967, 2.43915
0.702441, 6.06187
-0.324996, 1.23452
0.123945, 1.29378
0.561828, 4.09443
-0.194195, 3.40417
0.885043, 4.18984
-0.247602, 2.30251
0.959834, 0.763973
0.436363, 3.37855
-0.950198, 2.47377
-0.518596, 1.36332
-0.638867, 3.69257
-0.63853, 5.8276
0.81272, 0.094007
0.33026, 2.52917
0.769456, 2.85059
-0.319331, 1.85838
0.48816, 3.71571
-0.936617, 0.528673
0.300178, 4.16513
0.808293, 4.19359
-0.5342, 4.69315
0.866142, 4.9063
0.307711, 5.65468
-0.47359, 0.350531
-0.820486, 3.78659
0.452394, 4.53333
-0.822817, 2.75493
0.624063, 1.13725
-0.690622, 1.05931
0.435709, 5.23698
0.649162, 4.3231
-0.238665, 2.6366
0.134902, 2.08844
0.390946, 4.45261
-0.365653, 1.73471
-0.424755, 5.13575
0.567971, 1.4068
0.757236, 2.87993
-0.880176, 0.607684
-0.617326, 1.4396
-0.715778, 0.145418
-0.736114, 5.76193
-0.143182, 0.191997
0.0704547, 5.45583
-0.424254, 0.456981
-0.193285, 2.72431
-0.940622, 3.73924
-0.699098, 3.87923
0.489438, 4.33628
-0.849858, 1.92642
0.203075, 4.56435
-0.555303, 2.89502
0.573044, 1.36523
-0.518436, 1.70645
0.9983, 1.40651
-0.444897, 1.59386
0.0295946, 1.53971
-0.616937, 5.96389
-0.903007, 3.5013
0.419435, 1.5834
0.0885343, 0.811665
0.402986, 5.76959
0.785595, 6.06644
0.892568, 2.15652
0.868818, 2.15012
0.307571, 0.801634
0.695611, 4.93492
-0.423416, 0.583909
-0.474194, 5.43572
-0.718508, 6.24913
0.314501, 0.959291
0.688925, 4.08737
-0.96371, 4.36523
-0.775652, 0.0699254
-0.86419, 5.76677
0.670997, 2.11953
0.594934, 2.28499
0.988902, 3.4332
0.565668, 0.979671
-0.3822, 1.11118
-0.453608, 3.55535
0.81116, 2.1846
0.910864, 1.1291
-0.809804, 4.16466
-0.478771, 4.73762
-0.914259, 5.60117
0.375137, 2.55317
0.433113, 2.44424
-0.546701, 4.32942
-0.734404, 3.56218
-0.443868, 1.70435
-0.808811, 5.18785
-0.907435, 3.27831
-0.344303, 1.98509
0.227321, 1.10558
-0.486551, 1.18954
-0.554466, 6.17414
-0.854342, 3.64898
0.791446, 1.09002
0.137261, 2.18258
-0.364253, 4.20873
0.485627, 1.08089
-0.474568, 1.00844
0.048378, 0.51474
-0.937675, 2.36629
0.00688543, 2.70113
0.883492, 2.51776
0.21209, 0.941545
0.0298832, 0.569893
0.150138, 1.20401
0.967703, 3.26501
0.812202, 1.90507
-0.442175, 4.90081
0.142315, 0.255046
0.228125, 3.66473
0.573192, 0.8817
0.631801, 3.44826
-0.994635, 5.11243
0.564449, 4.46558
-0.850645, 5.89264
-0.49148, 4.34818
-0.00110811, 1.67889
0.81287, 6.13943
-0.101104, 1.96431
0.500998, 3.73898
-0.97337, 3.96403
0.00409215, 5.68965
-0.844584, 3.24008
-0.964064, 5.72456
0.937418, 1.14734
0.998178, 5.30099
0.995826, 3.58733
-0.715557, 1.52837
0.58614, 5.76393
0.597589, 3.50828
0.500067, 2.65955
0.0293687, 1.96553
-0.984254, 1.87799
0.53445, 4.67742
0.365653, 4.89383
0.82787, 1.45626
-0.652627, 3.9132
-0.48658, 6.21042
0.331967, 4.87924
0.71817, 2.45992
-0.459104, 0.170803
-0.0397647, 3.66449
0.00864547, 3.36529
-0.834224, 0.84143
0.93705, 1.96301
-0.990976, 0.663614
0.13431, 1.04966
0.660442, 6.20825
-0.941233, 5.11199
0.757659, 1.81668
0.758634, 1.24716
0.272067, 0.0047744
0.653937, 3.98921
0.998643, 1.74536
-0.329902, 3.71219
-0.0116214, 2.36614
0.924693, 3.07087
0.756417, 1.35517
0.525874, 3.12375
-0.355151, 5.77714
-0.643242, 2.52159
0.61636, 4.51017
-0.919395, 5.83693
-0.144216, 1.21536
-0.358213, 0.0714717
0.34634, 1.95909
-0.851752, 0.287039
-0.919831, 0.888565
-0.763752, 5.22494
-0.293329, 2.58497
-0.561257, 4.23925
-0.154281, 4.49459
0.000783405, 3.67867
0.0571488, 1.05757
0.551766, 4.74299
-0.202849, 4.23953
0.873297, 1.33549
0.0979584, 5.43561
-0.00918628, 6.05324
0.856952, 0.185915
0.255284, 4.77382
-0.356791, 0.405211
0.834615, 4.94626
-0.80689, 1.49743
0.0512544, 4.36071
-0.270353, 1.58518
0.0829152, 1.85071
-0.971963, 5.87207
-0.777349, 3.55621
0.20371, 2.13006
-0.18573, 2.98039
-0.904865, 2.9642
0.306551, 0.289331
0.4949, 3.94453
-0.34052, 4.75649
-0.727983, 5.19276
0.377236, 2.89663
-0.902331, 2.451
-0.841244, 0.705769
0.881832, 2.67126
0.816168, 3.77405
-0.437385, 1.22308
-0.877132, 5.05035
-0.992164, 2.77336
0.7555, 5.45472
-0.287793, 2.60413
-0.14949, 2.13186
0.629403, 5.81054
0.821584, 3.97752
0.588384, 3.36764
0.743626, 0.0845665
-0.167506, 2.54669
0.909174, 1.98659
0.878691, 5.2176
-0.949512, 1.31972
-0.490181, 4.1379
-0.709431, 0.761536
-0.053437, 1.1678
0.430796, 1.13235
-0.741246, 1.31942
-0.659602, 2.28067
-0.270848, 0.591439
0.874121, 1.34752
-0.74538, 2.42377
0.0469757, 5.54728
-0.393188, 0.0192697
0.765222, 1.98552
0.479679, 4.94192
-0.608863, 3.91856
0.891286, 5.26973
0.0368638, 0.167306
0.722624, 0.0637021
0.0258958, 0.376475
-0.573671, 3.41308
0.800858, 0.199414
-0.988316, 4.68637
0.209153, 3.47211
0.616707, 2.78301
-0.0723324, 5.75359
0.957881, 3.4825
0.34204, 5.82507
-0.15183, 2.26622
0.507582, 1.05072
-0.418714, 2.00427
0.860255, 2.65917
0.398513, 3.68091
0.531638, 1.30673
0.993455, 6.16582
0.182303, 4.10995
0.816533, 0.328636
-0.465267, 5.80183
0.76768, 2.97893
-0.595209, 0.943085
-0.420975, 1.39233
-0.94861, 1.33455
-0.486015, 0.161313
-0.0439202, 1.6942
-0.396706, 2.24148
-0.790572, 1.60115
-0.953984, 2.8192
0.443688, 2.95918
-0.139356, 0.364492
-0.830802, 2.06604
-0.72043, 0.0426993
-0.98471, 0.590429
0.473457, 3.71901
0.486459, 4.89505
0.0539955, 6.09859
-0.600346, 0.581945
-0.269194, 5.01907
0.600904, 1.63914
0.74504, 5.6082
-0.0837196, 2.60309
-0.797005, 1.13462
0.770912, 2.84398
-0.255526, 5.58244
-0.181455, 5.11189
-0.0248404, 0.668655
-0.318004, 4.56426
-0.823046, 4.4742
-0.575041, 2.77633
-0.425639, 0.540262
0.562679, 1.70436
-0.0154606, 2.63641
0.274106, 4.95532
0.154931, 2.64826
-0.739978, 6.10215
0.396598, 2.16581
-0.924151, 0.348426
-0.521068, 2.1546
-0.245915, 1.30116
-0.232282, 5.34987
0.967288, 0.551342
-0.526921, 0.296862
0.807597, 2.19432
-0.796249, 2.75327
-0.508342, 2.97747
-0.547167, 4.3049
0.402946, 5.32223
0.864601, 1.8058
-0.166331, 1.87616
-0.590803, 4.15436
-0.839706, 1.42214
0.321123, 3.19717
0.212667, 2.42612
-0.932863, 5.84119
-0.754995, 3.38208
0.986282, 2.19932
0.146905, 2.60461
-0.883533, 3.8833
-0.656298, 0.71614
0.251925, 3.69552
-0.601974, 5.13702
0.0592071, 0.0175602
0.925401, 2.78534
0.502842, 1.19676
-0.588079, 5.32823
0.136577, 5.70328
-0.67121, 2.44776
0.783927, 1.02157
-0.0791987, 0.281091
0.28823, 1.49523
-0.434031, 1.4258
-0.464809, 0.645575
0.400657, 4.53413
0.0485002, 5.65136
-0.518447, 6.03225
0.795588, 3.60374
-0.63326, 4.37948
-0.337228, 5.32899
-0.745879, 1.43933
-0.432701, 4.80355
0.36027, 2.25325
0.944138, 2.37042
-0.785069, 1.01517
-0.0367587, 4.9119
-0.330119, 3.47365
-0.457985, 5.76316
0.714828, 4.33685
0.767539, 1.43503
0.00170941, 5.59294
-0.407021, 4.36529
0.81888, 4.68763
0.810007, 3.69705
0.24761, 2.82908
-0.789442, 5.1639
-0.222271, 2.53444
0.634562, 0.936387
0.0415512, 0.650517
0.518598, 1.49118
0.382886, 3.92255
-0.052192, 4.17406
-0.355382, 1.33468
-0.996172, 2.90315
0.921487, 2.19857
-0.17868, 0.118402
-0.422808, 2.77455
-0.531551, 5.20233
-0.412124, 3.44585
-0.236195, 5.02682
-0.628378, 3.20606
0.713266, 2.44218
0.936268, 3.9645
0.98948, 1.1573
0.0336059, 2.68508
0.603986, 5.98134
0.299345, 2.93463
0.694254, 5.11015
-0.956416, 2.90439
-0.850181, 1.90151
0.589636, 3.46041
-0.113304, 4.35905
-0.353097, 2.79609
0.805339, 2.01364
-0.368448, 5.15761
-0.859752, 1.041
-0.819083, 1.7307
-0.327496, 3.45068
-0.279703, 3.44912
0.626967, 3.91231
-0.439823, 2.79937
-0.936418, 4.06466
0.22243, 5.45833
-0.97239, 5.85199
-0.413516, 1.95054
-0.0486964, 0.0948107
-0.962495, 6.24849
-0.275207, 4.86277
-0.0393498, 1.3924
0.0239499, 0.329855
0.0612586, 4.83432
-0.860863, 2.2762
-0.436996, 5.24879
0.70529, 3.73564
0.848878, 2.51956
-0.898033, 4.7779
-0.72176, 0.718294
-0.844508, 0.206246
-0.793743, 1.5421
-0.109064, 4.38761
-0.966058, 2.47775
0.330782, 4.86069
0.900624, 3.12441
0.125083, 0.356251
-0.0765968, 2.65244
0.784401, 5.0202
-0.953165, 1.82681
0.643328, 1.54365
0.596852, 2.85153
0.927957, 0.766727
0.957242, 2.72178
-0.601085, 0.107941
-0.048715, 0.465748
0.435585, 1.40307
0.897455, 3.63786
0.986365, 3.85594
-0.727463, 0.310715
0.00998354, 5.10252
-0.975707, 2.11951
0.777877, 1.52545
-0.439216, 4.43202
0.541115, 0.324421
-0.567132, 4.25132
-0.854674, 2.05502
0.0427431, 6.2714
0.243533, 3.69193
0.264849, 0.604844
0.756597, 1.48877
0.932713, 1.89031
-0.641836, 6.20565
0.778566, 1.11068
0.535572, 3.74193
0.228899, 2.36343
-0.366329, 5.73179
0.276751, 4.39819
0.5069, 2.24031
-0.0761107, 2.43969
-0.942085, 0.235175
0.982312, 3.4253
0.359288, 4.41138
-0.732302, 2.29388
-0.107982, 6.26365
-0.302877, 0.636009
-0.894341, 3.72541
0.365179, 4.26223
0.400942, 3.01248
0.781417, 4.75541
0.225646, 6.26004
0.505003, 2.02843
-0.881164, 4.98156
0.769649, 0.180529
0.774111, 4.63741
0.299078, 2.03945
-0.333351, 5.7277
0.635154, 5.41155
-0.701183, 3.47166
0.738046, 4.03629
-0.715701, 1.02619
0.921075, 2.31881
0.824485, 4.9662
-0.647859, 5.04086
0.109227, 2.04591
0.848648, 2.72423
0.412187, 0.906041
-0.961183, 2.79074
-0.597627, 0.915597
0.0111211, 4.97668
0.799906, 4.78829
-0.803333, 1.07543
-0.378973, 1.59065
0.777662, 4.23574
0.578339, 4.749
-0.439916, 3.9169
-0.780691, 0.913671
0.750513, 4.36427
0.910351, 6.21101
-0.576406, 2.33048
0.841904, 2.56761
0.970877, 5.41488
0.893605, 4.76749
0.628431, 1.54517
-0.468487, 5.60702
-0.71019, 0.231382
0.261392, 5.82835
0.991313, 4.53311
0.618224, 5.26333
-0.491621, 4.02534
0.833875, 5.52177
-0.817332, 3.36493
-0.156784, 0.404551
0.526868, 2.32464
-0.00476479, 5.11018
0.112742, 3.8707
0.983759, 4.21412
0.813022, 4.41852
0.226999, 2.58091
0.482019, 2.75822
-0.839319, 3.12586
0.264035, 4.63463
0.175259, 1.57865
0.0677636, 5.71079
-0.881061, 1.58443
0.510414, 0.83914
-0.395443, 4.54591
-0.533715, 0.505064
-0.649471, 4.758
0.791134, 1.20522
0.660695, 4.84477
0.101868, 4.12994
-0.721005, 4.73253
0.462351, 4.86936
0.31084, 5.60306
-0.749283, 0.817921
0.89245, 4.2563
-0.651996, 3.45284
0.193411, 1.2576
-0.170586, 1.48943
0.931579, 0.886011
-0.891768, 3.86362
0.139109, 3.07328
0.500592, 0.86847
-0.293862, 4.03955
-0.81591, 0.41383
0.499092, 2.51655
0.607454, 3.37774
-0.575027, 5.32826
0.543902, 3.01515
-0.489505, 0.547488
-0.846934, 3.71906
0.686711, 0.642289
0.208984, 3.87146
-0.308323, 3.04328
0.279495, 2.2603
-0.447751, 3.46311
-0.870878, 3.7841
-0.697557, 2.68047
-0.0220743, 2.01273
0.737057, 2.09205
-0.612138, 5.07236
0.897666, 2.7414
-0.00229763, 5.91816
-0.525099, 1.01658
-0.0297392, 3.81578
-0.157393, 1.94075
0.552897, 4.00629
-0.580085, 1.97814
-0.527947, 5.63044
-0.220575, 0.892928
-0.193696, 3.15273
0.29272, 4.46751
-0.984197, 3.89845
0.687869, 1.92295
0.996202, 0.596014
-0.368038, 2.8042
0.0221718, 5.33609
0.795495, 3.98567
0.89157, 5.08893
0.948626, 6.04945
-0.996003, 2.98387
0.657099, 4.01489
-0.406821, 1.34265
0.770457, 6.03776
-0.0647911, 4.90743
-0.934067, 5.36604
0.597673, 1.84097
0.325562, 4.10577
-0.312254, 6.05128
-0.863023, 1.22333
-0.81832, 0.428753
-0.845785, 4.39539
0.865554, 1.12185
-0.756595, 4.5139
0.100328, 5.81654
0.902196, 1.18719
-0.347807, 3.88155
0.538448, 5.26958
0.857394, 5.13248
-0.209067, 4.19236
0.791525, 5.71976
0.99414, 5.51404
-0.153025, 0.538358
-0.0672837, 4.67987
0.0990786, 3.71244
-0.303882, 0.0886436
-0.644037, 1.48858
-0.876108, 2.39851
0.747948, 4.14086
0.81838, 1.69407
-0.983112, 5.90062
-0.325048, 2.94932
-0.381038, 4.66432
-0.515781, 5.49554
0.267569, 1.83622
0.00809571, 3.57969
-0.138864, 2.08546
-0.879419, 4.27387
0.693921, 3.9512
0.941575, 5.83578
0.481574, 2.37999
-0.143324, 3.39543
-0.643709, 2.23789
-0.821705, 1.64755
0.861538, 2.52197
-0.230785, 2.42307
-0.0095684, 4.41103
0.568909, 5.11914
0.579228, 3.2214
-0.00204729, 3.60178
0.530901, 5.29476
-0.936225, 4.38271
-0.920284, 1.64888
-0.867028, 2.6412
0.671777, 0.645528
-0.782942, 1.88682
0.971091, 6.06488
-0.668865, 0.574406
0.999396, 0.504943
-0.529065, 4.00568
0.222939, 1.33307
0.319266, 2.16733
0.328156, 3.71968
0.450098, 1.97037
0.786185, 5.1316
0.841994, 3.41527
-0.754849, 3.42917
0.477722, 3.21356
0.127526, 5.14428
-0.986301, 4.96109
-0.805417, 2.01495
-0.990178, 4.07751
0.720154, 5.2933
-0.281143, 0.506277
-0.818666, 4.60488
0.758677, 2.3896
0.890295, 1.83523
0.864475, 6.21742
-0.118288, 0.181731
-0.926057, 5.91994
0.205322, 2.33089
0.355874, 0.754905
0.125612, 5.60231
-0.353573, 2.69157
0.0700315, 0.825383
-0.898332, 1.12114
0.900237, 3.17576
0.603655, 2.64489
0.497148, 1.11269
0.803371, 3.71134
0.46569, 3.35613
-0.346904, 6.21325
-0.327269, 2.28649
-0.935644, 3.08038
0.670471, 5.38007
0.392665, 6.15444
0.501971, 4.57236
0.760956, 5.33513
0.104783, 3.0233
-0.344725, 0.428562
-0.183912, 3.03298
-0.274717, 3.73504
0.63896, 2.19872
0.531369, 4.7544
0.348035, 4.1255
-0.955821, 0.923089
0.0218063, 1.09406
0.906304, 2.22273
0.663753, 1.05848
-0.737385, 0.46955
0.420659, 6.20799
0.177998, 3.50409
-0.957756, 3.52378
-0.295591, 4.77527
0.638377, 4.1192
0.249864, 1.86001
-0.70381, 2.601
0.985315, 4.28137
0.50288, 1.17287
0.880036, 0.262193
0.316385, 3.28727
0.321811, 0.349869
0.855739, 2.95166
0.81048, 3.19813
-0.870224, 1.42863
0.673933, 2.31241
-0.244682, 5.88136
-0.815466, 0.706205
-0.166071, 5.50534
0.769223, 1.96441
0.325452, 1.59751
0.691017, 2.77614
0.408841, 0.970139
-0.99634, 1.87483
-0.153761, 2.43568
-0.106666, 3.34362
0.134034, 3.93028
0.309942, 5.57535
-0.174497, 0.773434
-0.592153, 0.851838
0.971384, 5.35786
-0.0318684, 0.981389
0.834508, 3.37066
-0.227463, 1.35351
0.566257, 1.48086
-0.72207, 1.02404
-0.176603, 0.0918457
-0.875521, 3.68681
0.947548, 0.109959
0.656929, 3.8188
0.919161, 5.42792
-0.899481, 1.67134
-0.241985, 0.704225
0.961941, 1.5071
0.603403, 1.1773
0.809725, 0.975594
0.908813, 3.95147
-0.577537, 0.961916
0.751992, 3.43963
0.692846, 5.91307
0.723886, 5.78832
-0.76049, 3.88834
0.99745, 0.789099
0.233255, 5.55922
-0.850379, 2.44812
-0.811225, 1.77753
-0.446657, 1.84984
0.25985, 0.553187
-0.899452, 3.93821
-0.820191, 4.29467
-0.824402, 3.98101
0.961049, 1.94431
0.341345, 1.15416
0.521303, 2.79011
-0.554707, 6.24706
0.131912, 4.54897
0.43922, 5.33364
-0.894247, 1.96273
0.540931, 2.75039
-0.374054, 3.06172
-0.490041, 1.70811
0.552956, 4.08335
0.94975, 0.572958
0.922117, 1.34712
0.477396, 1.917
0.508933, 0.323121
0.815306, 0.156682
-0.292367, 1.62397
0.993876, 2.64397
0.036146, 2.48543
0.128941, 5.02443
-0.268009, 3.85516
0.609133, 0.857874
0.853327, 6.19023
0.381596, 5.24436
-0.134334, 6.02283
0.809367, 1.52127
-0.309583, 4.69195
-0.428195, 0.944693
-0.276508, 1.89243
-0.740862, 2.92613
-0.623808, 3.23738
-0.937722, 5.41857
-0.975133, 4.25962
0.972615, 2.0338
-0.916526, 4.42165
-0.708529, 2.99125
-0.940846, 1.73756
0.0763172, 0.986869
-0.69401, 2.83965
-0.299449, 3.15386
0.0366809, 0.622172
0.541814, 5.53262
-0.884554, 5.3237
0.715112, 5.87501
0.217806, 3.17866
-0.240629, 2.09373
-0.818663, 5.19312
0.571026, 0.0942534
0.678519, 1.93379
0.768808, 3.84098
0.663388, 4.64287
0.0764617, 2.04425
0.431407, 1.5114
0.931146, 1.76852
-0.813129, 4.52411
-0.000985996, 0.0893775
0.803148, 3.53982
-0.908847, 1.32868
-0.166928, 2.98126
-0.671361, 1.29845
-0.742198, 6.2097
0.728869, 3.65414
0.887051, 6.25412
-0.368418, 5.73068
-0.46608, 6.23809
0.687938, 5.69289
-0.635667, 0.766604
0.632883, 0.50423
-0.706776, 4.75608
-0.846262, 1.90805
0.463862, 5.659
0.282064, 2.80965
-0.902836, 3.41032
-0.87152, 6.20485
-0.0461604, 4.15902
0.538219, 5.24574
-0.205891, 4.04698
0.369568, 2.5706
-0.00670573, 3.49374
-0.646191, 5.93777
0.0381964, 3.01006
-0.340855, 4.1253
-0.30423, 4.4878
0.824961, 5.00441
0.718093, 0.419038
-0.870444, 0.723978
-0.904844, 5.99174
-0.492406, 4.84604
-0.00775154, 6.16283
0.331703, 4.48928
-0.646817, 5.47121
-0.0181154, 0.130348
-0.306725, 6.20492
-0.772284, 0.761856
-0.841502, 0.287596
0.71284, 5.19275
-0.377338, 0.706818
0.318838, 6.11579
0.930528, 3.29411
-0.369163, 4.16201
0.931512, 5.4555
-0.550959, 3.8261
0.942301, 5.40056
0.0517329, 3.09241
-0.183491, 2.08159
-0.999345, 3.88541
0.258191, 5.00746
0.649989, 2.11671
-0.301393, 0.174638
0.633547, 5.07976
0.497447, 0.546724
0.298616, 1.67176
-0.618641, 4.47285
0.429346, 1.12657
0.491205, 0.398921
0.631297, 0.500366
-0.811854, 2.13686
-0.8549, 1.26131
0.944016, 4.84316
0.622126, 2.28921
-0.751054, 4.98693
-0.394389, 3.18656
0.903896, 4.59321
0.055905, 1.04507
0.354646, 4.39765
-0.09066, 2.43202
-0.107884, 4.5408
-0.812181, 5.18225
-0.0307498, 2.50525
-0.849825, 5.21124
-0.688599, 1.39555
0.937502, 2.26335
0.861497, 0.505088
-0.839106, 3.7451
0.961, 1.99644
-0.0590758, 1.86515
-0.28372, 5.7185
-0.509879, 2.12829
0.776738, 3.57876
0.788398, 2.54155
-0.858717, 3.64115
-0.835276, 0.0685844
-0.349514, 3.96365
-0.926513, 2.63413
0.608508, 3.34441
0.0686878, 3.70898
0.700459, 4.73983
0.944975, 4.59982
-0.938583, 1.35065
0.249231, 4.73363
0.843982, 0.599463
-0.392678, 2.00535
0.466226, 0.588454
0.42947, 1.75461
-0.464628, 0.01537
-0.183789, 4.49042
-0.339333, 4.93193
0.278795, 3.14374
-0.87627, 5.54138
-0.926081, 0.514736
-0.784375, 5.71636
0.303556, 0.503945
0.74579, 6.27555
-0.500259, 5.07398
-0.870494, 5.13042
0.904244, 1.59578
-0.66156, 1.05941
-0.727415, 4.80708
0.930648, 0.214302
0.242935, 3.91853
0.33256, 3.20454
0.605726, 2.40712
-0.767254, 3.68723
-0.119765, 0.342197
-0.246624, 1.00777
-0.286525, 0.312542
0.829257, 5.35021
0.828417, 0.771023
-0.899561, 0.596679
-0.529677, 5.35531
-0.386768, 4.12703
0.516066, 4.88603
-0.900831, 2.67215
-0.907113, 0.236903
0.263501, 2.8648
0.931662, 0.58936
0.647223, 0.452974
0.471918, 1.94371
-0.989828, 5.38955
0.740532, 0.996906
-0.950762, 2.89737
0.758651, 4.73392
0.972581, 3.57494
-0.889507, 3.12523
0.208194, 4.61964
-0.801797, 4.04243
-0.506725, 5.81711
0.862423, 2.35929
-0.988346, 5.55596
0.112447, 2.2061
-0.507689, 5.11609
-0.522831, 3.89141
0.469549, 3.17697
0.971514, 1.80738
-0.594421, 3.62842
0.604406, 2.47667
0.527841, 1.29527
-0.221895, 2.84443
0.902987, 0.677959
0.29789, 4.84332
-0.116424, 3.57805
-0.384772, 2.2535
0.0256055, 2.51626
0.304209, 2.98548
-0.324875, 2.64952
0.997134, 0.75486
0.475923, 3.30068
-0.022628, 3.67292
0.610659, 0.0409373
0.798876, 3.98297
-0.0751579, 1.40796
0.377306, 3.32483
0.12883, 0.855877
-0.670924, 3.14446
-0.122123, 1.55427
0.206764, 5.20461
0.404775, 4.03155
-0.758137, 1.02109
-0.464252, 4.1034
0.819315, 0.928569
0.144021, 1.75326
0.358099, 5.64265
-0.0919185, 1.62019
-0.864261, 1.55347
-0.508279, 4.48574
-0.767087, 5.43268
0.540569, 1.63794
0.277061, 3.23916
-0.293364, 5.60518
0.116361, 4.66376
0.524102, 1.8044
0.823743, 5.1205
-0.122129, 4.60316
-0.868646, 2.72825
0.418075, 4.42189
0.569124, 1.40659
-0.491243, 0.901106
-0.813978, 2.20875
-0.950621, 2.70082
-0.944674, 4.82482
0.999301, 1.33466
0.660483, 3.43783
-0.416022, 3.78931
0.194526, 1.05538
-0.572191, 3.39779
0.915323, 2.08371
-0.79205, 3.72883
0.744384, 2.26719
0.912816, 1.77594
-0.293786, 6.24027
0.87001, 0.133479
0.0668858, 3.14132
0.865161, 5.71415
-0.585641, 6.19577
0.568799, 4.1714
0.970935, 5.42161
-0.419668, 4.24905
0.604272, 0.936559
0.344681, 1.95153
0.322107, 4.58184
-0.546669, 4.98583
0.602265, 1.94019
0.835747, 2.14095
0.82526, 0.470445
0.9062, 2.19957
0.511774, 3.24514
0.209807, 1.41007
-0.432929, 3.83959
0.0820124, 3.46641
-0.945423, 2.00624
-0.604008, 1.22347
0.261463, 1.66689
-0.999591, 3.54894
0.524788, 0.501609
-0.632504, 5.52768
0.941897, 2.21476
-0.578576, 4.61914
-0.0764768, 2.27134
0.348956, 4.87278
0.963408, 5.10206
-0.0174184, 2.00041
-0.807431, 5.59639
-0.421599, 0.565348
-0.576754, 2.52844
-0.52702, 2.16126
-0.0538664, 3.88871
-0.3716, 4.81471
-0.041577, 4.15113
0.899089, 4.77325
-0.153641, 4.00451
-0.964093, 3.84071
0.326444, 5.50475
-0.12119, 3.4348
0.825248, 2.33289
-0.631573, 0.980524
0.774986, 3.39893
-0.883543, 3.21938
0.302638, 0.699895
0.689457, 2.34783
-0.894972, 2.41252
-0.0378154, 5.92712
-0.801645, 1.52915
-0.437523, 1.54509
-0.337856, 5.59883
-0.752081, 0.612705
0.30458, 0.281487
0.60112, 2.25235
0.929012, 5.52027
0.0360465, 1.84245
-0.31851, 5.08411
-0.532608, 5.88138
-0.735031, 4.99317
-0.137008, 1.82772
-0.931884, 4.12579
-0.53338, 5.04736
-0.261422, 5.35448
0.51839, 3.46877
0.952791, 2.04922
0.31891, 2.30763
-0.232992, 5.32617
-0.72643, 5.77421
0.37589, 2.83153
-0.847915, 3.61165
-0.385988, 0.271717
-0.42472, 3.85219
0.425026, 2.96409
-0.830104, 2.97143
0.857815, 3.9949
-0.453115, 1.04892
-0.956471, 1.31799
-0.729302, 6.20413
0.823857, 5.93226
0.798903, 5.90177
0.833092, 3.6151
-0.986076, 5.43558
0.14834, 4.07691
0.930627, 2.13185
0.549027, 3.33694
-0.897943, 0.0583532
0.117101, 6.1561
-0.359605, 0.336904
0.104982, 5.96139
-0.802073, 1.51637
0.961029, 0.378427
0.594517, 1.50161
0.610814, 3.0819
0.560515, 1.03927
-0.803294, 4.80676
0.298408, 2.87382
-0.764885, 1.959
-0.960191, 1.07275
0.937508, 4.90343
0.323892, 4.67276
-0.548446, 4.758
0.906823, 3.29418
0.915832, 1.0901
0.943545, 1.146
-0.82821, 3.76203
0.900332, 2.51
0.802099, 6.17341
-0.711627, 1.77643
0.263252, 4.85903
-0.472409, 5.45477
0.733269, 0.292569
0.342461, 0.539406
-0.84678, 4.41363
-0.120654, 5.13243
0.963431, 1.55736
-0.758905, 5.38424
-0.96367, 5.42778
0.583067, 1.76036
-0.823975, 3.0379
0.366434, 5.44054
-0.975059, 4.12716
0.75824, 0.592245
0.571274, 1.14685
-0.403688, 5.0658
0.734921, 2.22991
0.629178, 2.76289
0.822786, 1.74929
-0.798328, 5.04372
0.137879, 1.4225
-0.741755, 2.00924
-0.664565, 0.301052
0.213333, 2.67298
-0.45125, 5.64339
-0.85639, 4.86741
-0.983907, 1.02321
-0.790522, 1.95304
0.798856, 5.98639
0.798344, 4.78282
0.891168, 5.36741
-0.830661, 4.25144
0.440689, 0.94521
-0.331284, 2.41799
0.939481, 1.30285
-0.267172, 3.19973
0.824184, 4.82228
-0.13315, 0.49688
0.752695, 0.948603
0.957941, 2.42479
-0.715067, 3.9592
-0.939261, 1.02627
-0.98901, 0.339654
0.949585, 0.737119
0.41841, 1.29297
-0.271875, 1.00937
-0.898052, 5.23326
-0.401488, 3.77051
-0.246812, 3.59566
0.356807, 2.6419
-0.523188, 3.28127
0.259259, 5.65365
-0.250895, 5.28376
0.461326, 2.13304
-0.863764, 3.83396
0.0781667, 1.85682
0.743911, 0.915054
-0.346491, 3.72918
0.602685, 0.174321
0.147013, 5.30158
0.451998, 4.63185
-0.472773, 3.9097
0.639116, 5.11995
-0.467332, 6.07481
-0.548101, 2.63952
-0.656053, 4.13369
0.919617, 4.65752
-0.419229, 5.9259
0.770387, 2.68736
0.702443, 0.814557
0.612043, 2.27485
0.648061, 4.80538
-0.312599, 0.453921
-0.986275, 5.10106
0.483635, 6.06175
0.958764, 3.0689
-0.51974, 2.7943
0.199846, 5.81739
-0.670773, 1.83675
0.828969, 3.33061
0.721636, 0.58912
0.474107, 3.86717
-0.752141, 4.68355
0.206903, 4.78253
0.442616, 2.52563
0.540063, 5.66408
0.988588, 3.47996
-0.191957, 4.96843
-0.449826, 4.89408
0.88657, 3.42558
0.744243, 2.06666
0.772318, 2.03516
-0.255964, 3.35521
-0.28617, 5.73108
-0.850649, 3.90775
-0.366108, 3.96343
-0.549769, 0.15674
0.491526, 1.66144
-0.762105, 0.405493
0.688238, 3.74596
0.312715, 1.70543
-0.704058, 1.16132
0.325068, 4.82174
-0.940645, 1.89612
-0.534283, 4.94998
0.766788, 4.43018
-0.52956, 1.41521
-0.0380216, 4.43247
0.406293, 5.85765
-0.921147, 0.703356
0.617137, 5.28535
-0.434664, 3.17672
0.0296671, 1.87976
0.983109, 5.38527
0.791555, 6.09696
-0.300613, 1.05516
0.445391, 1.1357
-0.765452, 1.84468
0.93039, 1.36908
-0.203782, 0.0478318
0.796671, 2.90797
-0.973149, 0.138348
0.544025, 1.48558
-0.726913, 0.14221
0.76587, 0.406426
-0.631078, 5.9215
0.815015, 3.75077
0.330188, 5.20219
-0.624064, 1.46678
-0.516179, 3.18372
-0.96075, 2.85897
-0.793033, 3.7057
0.466277, 2.75409
0.950427, 3.31851
-0.488932, 1.92845
0.30207, 5.89904
0.708276, 0.630172
-0.694881, 3.44358
0.236512, 4.82772
0.623444, 2.52758
0.0831136, 3.0511
-0.81107, 2.27982
-0.353078, 2.76013
0.820825, 3.00858
0.695332, 2.09579
0.835769, 1.70784
-0.476508, 5.12927
-0.494715, 3.23133
-0.382298, 1.01
0.268939, 1.39501
0.947949, 0.738018
-0.2034, 4.2288
0.235574, 0.689523
-0.299744, 6.11684
0.768438, 4.10492
-0.279563, 1.20359
-0.228076, 1.70296
0.258143, 5.94402
0.844574, 2.05502
0.571728, 0.64692
0.247916, 3.18545
-0.904985, 4.82543
-0.608408, 1.50104
0.212384, 3.14033
0.420927, 0.556667
0.99838, 1.188
-0.765214, 2.8932
0.308312, 2.42162
0.174123, 2.10988
0.260864, 2.68333
-0.934665, 0.501414
-0.100587, 3.67761
0.712003, 0.531953
0.228392, 2.51809
0.723394, 6.13068
-0.814526, 5.13104
-0.438531, 2.85258
-0.617143, 1.92159
-0.477741, 4.56649
0.977737, 4.48766
-0.219271, 5.4725
0.495343, 1.02756
-0.299534, 3.05221
0.59038, 2.68551
0.685964, 5.51936
0.766981, 0.53665
0.568682, 3.26194
-0.984143, 4.31528
0.849442, 2.50742
-0.31396, 4.59769
-0.589203, 2.80067
-0.481074, 0.0012312
0.389976, 1.49498
-0.971154, 0.909291
0.684863, 5.3402
-0.60192, 5.51132
0.692788, 6.17277
0.509716, 5.36889
0.789673, 4.29565
0.423474, 5.35356
-0.132773, 2.05962
-0.999249, 4.741
-0.932932, 0.0724024
-0.893477, 3.53881
0.905385, 4.86032
0.468808, 4.02224
0.756713, 2.13594
-0.453739, 3.78458
-0.266372, 1.38143
0.967163, 4.63953
0.770011, 6.01846
-0.853568, 4.87271
0.217025, 5.12284
-0.346064, 3.37601
0.718398, 1.26902
-0.427556, 5.7004
-0.290696, 4.56621
-0.683344, 0.518002
-0.822152, 1.30102
-0.877702, 2.68376
0.86611, 5.74167
-0.0300828, 1.69599
0.0400314, 5.89677
-0.924794, 4.05022
-0.135539, 5.84256
0.980547, 5.71175
-0.13412, 5.98219
0.496326, 2.20571
-0.527827, 3.87383
-0.0688109, 4.93978
-0.105472, 3.95333
-0.450825, 1.94804
-0.793211, 0.707766
0.0587588, 4.55132
0.576717, 4.94725
0.289089, 2.7528
-0.210187, 5.341
-0.182425, 0.78993
0.651793, 2.65181
0.111148, 2.05348
-0.990849, 5.24296
-0.709409, 6.09791
-0.669439, 2.15604
-0.487872, 2.39179
0.656516, 0.4527
0.359147, 0.94293
-0.98339, 6.09493
-0.570414, 5.01007
0.544493, 4.92692
-0.364947, 3.66532
-0.965709, 1.3155
-0.909281, 2.48181
0.586618, 3.89278
-0.573275, 4.7858
-0.107173, 0.238203
0.962767, 3.95384
-0.950017, 5.8203
-0.103736, 2.00431
-0.891204, 4.61713
-0.630498, 0.606177
0.124158, 3.54189
-0.964567, 1.18593
-0.406769, 4.02398
-0.961726, 2.08219
0.485337, 1.30021
-0.574914, 3.70295
0.643997, 4.08024
0.921313, 5.04075
0.795485, 1.66722
0.893473, 0.522856
0.696507, 0.572674
-0.642574, 3.4034
-0.819714, 1.04049
0.309692, 0.00436572
-0.306873, 5.55148
0.472812, 5.54931
0.120234, 3.57472
0.397162, 5.6854
0.621887, 4.95637
-0.26877, 5.66412
-0.0588595, 2.43273
0.69919, 2.07464
-0.667423, 4.45927
-0.986334, 1.41156
-0.662567, 4.78854
-0.210728, 4.0949
-0.544094, 5.01032
0.876867, 5.7449
-0.515646, 0.383527
0.918205, 2.10607
0.272982, 3.67418
-0.0467755, 2.98006
0.795637, 1.77128
0.776621, 5.13877
0.239643, 1.39145
0.592895, 4.74773
-0.863468, 5.43323
0.855562, 0.522079
-0.419086, 3.16386
-0.778469, 6.25666
0.706012, 5.36064
0.231246, 0.0541337
0.750726, 4.84864
-0.852114, 6.16105
-0.621926, 0.18163
-0.880201, 3.77692
-0.48511, 6.01153
-0.984529, 2.06728
-0.984874, 2.41255
0.605112, 1.07085
0.516112, 2.55655
0.16916, 2.31259
-0.858411, 0.824773
0.172211, 5.83905
0.905706, 2.51707
0.621598, 1.95627
-0.726567, 2.20229
-0.449042, 2.01144
0.191946, 2.01675
0.538816, 1.24563
-0.741902, 5.13334
0.707945, 0.366545
0.78839, 4.79603
0.957015, 1.81251
-0.955947, 1.39443
0.750938, 5.95428
-0.287995, 5.22778
-0.694821, 1.92345
0.89056, 2.30338
-0.64576, 0.287387
-0.471333, 2.94926
0.0926332, 3.23566
0.977003, 2.72273
0.957316, 0.803749
0.845755, 3.02012
-0.907496, 0.37885
-0.308444, 4.16937
0.97072, 5.01044
-0.554369, 2.17337
0.344167, 5.26058
0.618324, 2.90382
0.14192, 1.16087
-0.503833, 4.13579
0.94189, 4.03795
0.689215, 6.10648
-0.459148, 5.77417
0.740262, 1.11282
-0.733789, 5.68721
-0.776366, 4.56283
0.915686, 2.68636
-0.999197, 3.6257
-0.54583, 3.73184
0.528939, 4.6804
-0.112352, 5.00341
-0.158962, 6.23291
-0.899493, 0.39926
-0.63052, 0.989008
-0.93807, 0.365826
0.192292, 6.20255
-0.657957, 2.82874
-0.687468, 0.364112
-0.592029, 3.68221
0.204696, 4.83704
0.944931, 2.76234
-0.801625, 4.52494
0.223697, 3.85549
-0.658871, 2.84428
0.491806, 4.84578
-0.384712, 4.51495
0.9251, 0.613621
0.524447, 3.36394
0.238282, 3.46328
0.909111, 4.18758
-0.0818393, 5.02782
-0.488865, 2.89315
-0.583174, 4.18165
-0.865115, 5.29999
0.955575, 4.50519
0.892499, 0.646893
-0.469582, 0.417414
0.731373, 1.79216
-0.661739, 2.57181
-0.162539, 3.32987
0.877321, 1.50479
0.530371, 3.99853
-0.473612, 5.07671
-0.207623, 2.32244
0.973849, 4.00711
0.761905, 3.48871
-0.910145, 2.13648
-0.309422, 6.20079
0.440174, 5.04247
0.144155, 4.15115
-0.0756993, 5.32622
-0.22824, 5.73446
-0.961683, 0.407792
0.282806, 1.28243
0.0424775, 4.78714
0.207158, 3.15878
0.790674, 0.872639
0.54602, 2.68886
-0.249208, 5.76502
-0.12215, 4.90554
-0.21233, 4.62974
0.342663, 3.42772
0.593027, 0.827502
-0.953851, 6.2695
0.743926, 3.55457
0.615804, 4.96231
-0.660375, 5.34786
-0.783432, 3.27582
-0.88893, 1.78066
-0.977333, 0.669293
0.301849, 0.291089
-0.984956, 0.797443
-0.929084, 0.593996
0.340324, 4.04647
-0.436024, 1.61445
0.989937, 0.153315
0.962864, 5.0798
-0.317473, 4.40384
0.149108, 0.498921
-0.792982, 5.14099
0.458751, 6.16037
0.223583, 3.51074
0.315452, 5.37155
-0.524804, 1.18799
0.68971, 0.238349
-0.310456, 0.347748
-0.504986, 1.87174
0.339085, 3.9057
0.478077, 1.26511
-0.447652, 1.69764
-0.0789217, 4.88956
-0.311358, 1.50456
0.00607316, 5.38284
0.152627, 3.2132
-0.998907, 5.50989
0.43324, 2.40942
0.390803, 3.97922
0.56626, 3.81678
0.416666, 2.94859
-0.917478, 0.294376
0.829016, 1.5199
0.663659, 3.75649
0.887844, 5.05994
-0.525761, 0.0624529
0.494912, 6.07758
0.115069, 0.252514
0.089977, 3.81603
0.980325, 5.77865
-0.790651, 6.14028
0.951646, 2.22955
-0.467925, 4.4789
0.263193, 6.05376
-0.503023, 6.01673
-0.556429, 1.51672
0.143242, 0.808222
-0.666986, 4.91197
0.626452, 3.23423
-0.940263, 3.79803
0.562159, 3.15098
-0.278465, 2.60087
0.620547, 3.40327
0.850814, 3.04491
0.53903, 3.11527
0.351848, 3.54626
-0.41616, 1.40971
0.275336, 4.17622
0.180667, 2.17787
-0.0334433, 1.31315
0.55361, 2.48661
0.285941, 3.41512
-0.946987, 3.21935
-0.979686, 1.11528
-0.480958, 3.52784
0.809878, 6.10887
0.969124, 4.2048
-0.431679, 6.27906
0.914391, 5.99397
0.73765, 4.525
-0.799967, 0.150628
-0.110968, 4.1537
-0.685717, 0.963563
-0.0571218, 2.5545
0.536768, 5.09624
0.317549, 3.60363
0.265358, 2.88741
-0.501248, 1.00306
-0.679883, 2.72351
-0.0601158, 1.81132
0.0546343, 6.00201
-0.432044, 3.13035
0.586857, 3.96333
-0.692741, 2.36107
-0.612458, 5.89647
0.841146, 3.34359
-0.81112, 5.76102
-0.229986, 1.6975
-0.090271, 2.10747
0.510478, 0.0501668
-0.784438, 0.714042
-0.608012, 2.73376
0.382907, 5.43233
0.86603, 5.41545
0.671479, 3.67862
-0.916934, 2.23798
-0.724676, 0.148015
-0.995199, 2.42344
-0.889411, 4.5917
0.213299, 0.41465
0.75372, 1.09911
0.667483, 3.53047
-0.592505, 5.15519
-0.783845, 5.81489
-0.988663, 3.67414
-0.417049, 4.60279
-0.933891, 3.87694
-0.605383, 6.23393
-0.547815, 5.06118
0.458989, 1.56534
-0.735856, 0.530557
0.864904, 5.81466
-0.99613, 5.62445
-0.838352, 3.00771
0.734392, 1.76933
-0.843162, 0.4259
0.818655, 2.70511
0.0242041, 5.4531
0.0249954, 4.72243
0.571747, 4.10043
-0.726112, 0.583205
-0.34705, 1.08895
0.837445, 0.990652
0.572188, 5.64734
0.764589, 3.87012
0.534535, 5.92852
0.548701, 2.66776
0.984407, 4.77822
-0.994792, 2.23751
-0.153533, 4.97963
0.978946, 4.37564
-0.869695, 3.60828
-0.494829, 1.29859
-0.633041, 4.33895
0.525958, 5.83698
-0.102741, 1.08309
0.23771, 0.017151
-0.839596, 4.33596
0.475292, 4.15335
0.545902, 2.93965
0.893274, 2.48493
-0.983485, 1.34379
0.545244, 3.98164
0.819662, 1.19242
0.884031, 4.7512
-0.737392, 2.62129
0.936588, 1.10904
0.138726, 4.36783
0.514634, 1.16503
0.303441, 5.8794
-0.699042, 4.35821
-0.29707, 2.90561
-0.975174, 5.01116
-0.781816, 5.83965
-0.598484, 4.34599
0.408293, 5.68433
-0.57845, 3.87297
-0.791444, 3.52572
-0.350045, 6.14773
0.807152, 5.03648
0.272461, 1.04835
0.451747, 3.87606
0.865031, 0.0967744
0.961809, 4.81425
0.21005, 3.00697
0.262509, 4.07866
-0.732902, 1.4069
-0.962189, 0.220921
-0.155929, 5.39275
-0.590451, 1.24744
-0.512749, 2.90369
0.430629, 1.54889
-0.936599, 3.85823
-0.865189, 1.85539
0.286524, 3.93064
-0.0893008, 5.28302
0.797887, 5.98713
-0.571825, 5.211
-0.298044, 0.138109
0.381599, 4.95061
-0.29719, 4.43812
0.692831, 0.261838
0.943081, 5.80502
0.493454, 4.02202
-0.936562, 3.82162
-0.191906, 5.61537
-0.743368, 2.76998
0.687903, 0.861027
0.157538, 1.92047
-0.877983, 1.52447
0.116513, 1.0284
0.399032, 4.52477
0.140545, 5.24426
0.000386562, 2.54736
-0.24733, 0.73624
-0.953382, 1.46628
0.984661, 5.01314
0.798265, 0.861533
0.908743, 4.64326
-0.847776, 3.52755
-0.618679, 0.209924
0.953027, 3.48192
0.835436, 5.85567
-0.233082, 1.51461
0.695109, 4.89037
0.879437, 0.539974
-0.563066, 1.10816
-0.37488, 1.42148
0.0653182, 4.08544
-0.438349, 1.33818
-0.505961, 2.01643
0.863455, 2.57549
0.283154, 0.137694
-0.764908, 4.11825
0.749869, 1.9494
0.112929, 2.16627
0.96989, 1.82999
-0.220571, 2.85409
-0.858826, 3.57988
-0.633936, 6.03705
0.862645, 3.78954
-0.795765, 5.55415
-0.77218, 5.54893
-0.818839, 0.238835
-0.293776, 2.4417
-0.589556, 2.62437
0.308742, 0.700071
-0.671328, 5.47427
0.823874, 1.75257
0.910714, 5.0384
0.830167, 3.66143
-0.478647, 5.74401
0.347399, 5.94107
0.150875, 1.79836
-0.946772, 1.85286
0.724994, 4.41557
-0.551701, 6.17103
0.835474, 0.254979
0.926012, 5.02949
-0.325888, 5.7712
-0.155209, 2.3766
0.385242, 4.9663
0.531561, 3.28211
0.186655, 4.02944
-0.859182, 5.00785
-0.700236, 4.24517
0.712506, 3.38449
-0.167093, 6.15691
0.154017, 4.86341
-0.0553668, 2.28355
-0.513418, 4.50201
0.832196, 6.04524
-0.978884, 5.97511
-0.966314, 5.82707
-0.858251, 1.53617
-0.00174606, 4.95546
-0.446631, 3.86219
0.629084, 3.5167
0.956717, 5.1839
-0.571687, 3.25551
-0.403811, 5.91183
-0.702864, 0.496501
0.0636497, 4.26755
-0.997186, 6.18408
0.392633, 5.18054
0.595192, 2.52122
-0.94368, 6.20594
-0.587831, 1.78727
0.422783, 3.56154
-0.98555, 0.671736
-0.688347, 0.0281164
0.974485, 4.1339
-0.488998, 5.62891
-0.560741, 0.590422
0.253349, 3.06224
0.614699, 3.6124
0.485452, 5.42914
-0.214892, 1.26013
0.807061, 1.31926
0.345785, 1.11809
0.912635, 0.669189
-0.983328, 5.91705
0.900508, 1.44205
-0.688324, 3.14834
-0.924568, 2.30618
-0.772814, 3.23531
-0.950188, 2.16652
0.541682, 1.89547
-0.7183, 5.04867
-0.70046, 1.31963
-0.436061, 5.56507
0.959153, 0.169938
-0.76269, 5.92153
0.939368, 3.32379
-0.89377, 5.7691
-0.746759, 3.59142
-0.753868, 1.79647
-0.383774, 3.6713
0.980059, 3.5499
-0.819693, 5.1123
-0.698523, 0.18991
-0.544824, 4.13404
0.746474, 5.616
-0.0786272, 6.03178
-0.966642, 4.16855
-0.737036, 3.32369
0.908129, 4.63451
-0.624559, 0.00792313
0.727549, 3.71601
0.590295, 4.91477
0.826191, 1.59389
0.492925, 2.80723
-0.484956, 3.46146
-0.870031, 5.0944
0.860139, 4.99563
-0.994114, 0.180651
0.0967553, 5.18711
0.29486, 0.585459
-0.601178, 0.571248
-0.983639, 6.17978
0.0190461, 1.75307
-0.818423, 0.937065
0.596495, 1.21
0.150165, 0.447111
0.82941, 1.46655
-0.8871, 1.48839
0.74773, 5.10409
-0.688133, 0.357763
0.929116, 3.19706
0.0438146, 1.97172
0.0789369, 2.52256
-0.556723, 5.72485
-0.694062, 4.04691
-0.159245, 1.02695
0.841896, 1.69965
0.422756, 4.52204
-0.214408, 2.15786
0.347588, 0.801239
-0.148379, 4.30497
0.689307, 3.35589
-0.441141, 4.57661
-0.933168, 5.17009
-0.229917, 3.40468
-0.948467, 2.50655
0.824768, 3.16626
-0.864865, 2.40958
-0.840206, 2.28308
0.333754, 0.429596
-0.872149, 2.93631
0.69258, 3.44752
-0.62061, 3.54238
-0.829526, 3.69459
0.0104147, 1.07102
0.250422, 4.12057
-0.745739, 1.0145
0.934731, 3.79937
0.678053, 3.85099
0.481773, 6.24123
0.860735, 0.826223
0.702233, 1.13795
0.340447, 4.60196
-0.10754, 2.92208
-0.817139, 2.57983
0.941839, 1.92505
0.239173, 5.42254
0.43626, 6.12548
-0.900407, 0.271222
0.0266587, 4.49036
-0.823348, 1.69618
0.443946, 1.43126
-0.629464, 1.21518
-0.694648, 4.63953
-0.39197, 3.46923
-0.67554, 4.44779
0.235322, 5.66554
0.79492, 6.23566
-0.67376, 1.32987
-0.469582, 2.13402
0.670056, 4.63909
-0.977809, 1.64091
0.925964, 4.93203
-0.90673, 5.32771
0.374327, 4.74356
0.166875, 1.51474
0.986464, 3.03413
0.0307073, 3.35751
-0.35473, 1.61219
-0.137052, 2.01734
-0.462236, 0.436068
0.722156, 5.83801
-0.576441, 1.55666
0.549798, 2.43681
0.725596, 0.613975
0.28466, 0.684164
-0.686551, 2.32297
0.0627144, 4.12188
0.438489, 4.77128
0.108021, 1.69029
-0.746204, 5.50852
-0.521574, 1.83794
0.392753, 3.76173
-0.123518, 4.69816
0.775805, 5.2047
0.203073, 1.95642
-0.942761, 3.13762
-0.817633, 4.23099
-0.553596, 4.12828
0.8225, 6.02353
-0.145092, 1.48195
0.466909, 1.30008
-0.92047, 1.06374
0.607569, 3.17542
0.716668, 5.26346
0.0443208, 5.04522
0.776456, 3.53126
0.183973, 5.43196
-0.961873, 2.89796
0.614708, 0.59516
-0.80032, 5.69615
0.0485656, 0.520792
0.812115, 4.8062
-0.624838, 3.13364
-0.907026, 4.37042
-0.535799, 4.73493
0.476794, 3.51232
-0.52516, 4.41933
0.939688, 5.73736
0.936271, 0.110477
-0.561569, 5.19454
0.437343, 0.812535
0.449131, 2.25527
-0.204758, 0.456738
0.504836, 0.24516
-0.0403094, 2.57563
0.500931, 4.72337
-0.492468, 1.15951
0.948664, 4.68099
-0.530545, 0.184016
-0.742826, 0.324556
0.620037, 4.04726
-0.984847, 1.33826
0.197308, 1.38376
-0.267671, 4.9931
0.719436, 2.13245
0.329745, 4.02533
-0.850442, 5.94863
0.626949, 5.10763
0.575743, 2.07913
0.18104, 3.00941
0.827374, 2.67545
0.777916, 6.15725
0.935354, 4.93012
-0.496103, 4.16795
0.984044, 3.19594
-0.33817, 4.8189
0.674506, 4.51146
-0.547463, 1.12842
-0.693021, 6.18111
0.774039, 2.12152
0.379076, 1.76364
0.731022, 1.74379
-0.528533, 2.57978
0.901756, 3.18156
0.921691, 0.0702635
-0.497511, 4.32152
0.202185, 0.362495
-0.347941, 3.64864
0.727913, 3.01339
0.415985, 5.25564
0.52152, 1.89925
0.764064, 4.64259
-0.339323, 5.36289
0.983098, 0.806863
-0.647133, 4.98876
0.743366, 2.03584
0.534546, 6.08975
0.607272, 1.58203
0.291529, 5.03489
0.669353, 5.21839
-0.260167, 3.79124
0.12956, 4.04521
0.366066, 1.11904
-0.927744, 3.90783
-0.887217, 0.53993
0.56584, 0.996005
0.647726, 1.24454
-0.802839, 3.62832
0.987728, 0.901806
0.183374, 3.75212
-0.232916, 4.4122
-0.980266, 1.22879
-0.118178, 3.05685
-0.826098, 0.80471
0.797937, 5.53544
0.558521, 4.56383
0.445899, 4.87554
-0.398578, 5.9998
-0.0841564, 2.89375
0.176492, 4.51539
0.208556, 4.10718
0.681615, 5.1422
-0.771262, 2.6062
-0.728457, 0.729654
0.37723, 3.1448
0.3761, 5.43615
-0.0947329, 5.7686
0.644018, 1.6793
0.831273, 4.36116
-0.736537, 4.36839
0.0796926, 3.8168
-0.561735, 4.08929
-0.709295, 3.64568
0.426375, 2.95038
0.81332, 2.89024
0.669824, 2.74727
-0.721331, 5.3703
0.625702, 2.93609
-0.808301, 1.17206
0.90607, 2.5712
-0.0746256, 5.93818
-0.869438, 2.01379
0.747382, 4.96197
0.570247, 4.80735
0.486587, 0.252981
0.89679, 0.282083
0.996925, 1.36277
-0.8994, 3.09162
-0.381954, 3.94239
0.320733, 5.93209
-0.182476, 4.79606
0.647722, 4.51352
0.800683, 1.17731
-0.916101, 0.572313
-0.998672, 1.69461
0.989735, 4.29838
0.447774, 3.14793
-0.506406, 3.38479
-0.816881, 6.11375
0.519804, 2.74308
-0.122367, 5.47728
0.151894, 5.71254
0.757833, 1.80845
-0.443496, 0.74599
-0.991428, 1.87954
-0.855854, 3.87368
-0.394927, 1.49197
0.0663846, 2.00787
0.578397, 0.720447
-0.309127, 5.99819
-0.696726, 1.20343
0.40112, 3.38963
0.349051, 1.34268
-0.00400274, 2.68738
0.647468, 5.7029
-0.746585, 2.70305
0.586215, 6.04971
0.641664, 5.78034
0.538204, 3.13682
-0.559115, 4.17787
0.48587, 1.23955
0.903455, 3.46161
-0.995533, 5.0136
0.584512, 1.26355
0.819576, 3.66847
0.0500432, 4.70335
-0.385109, 3.24012
0.739352, 4.83714
-0.149469, 2.51171
0.398809, 6.26007
-0.79985, 5.67138
-0.872551, 4.71007
-0.973576, 3.89228
-0.662122, 1.11317
0.264003, 3.2887
-0.741029, 3.89809
-0.940026, 6.1535
-0.500606, 5.68146
-0.880096, 1.27083
-0.989083, 5.26917
0.639394, 3.54356
-0.129525, 4.66406
-0.0849681, 2.15818
-0.927932, 6.01315
-0.567401, 5.39835
0.407663, 1.75933
-0.252794, 0.655072
0.478389, 0.563964
-0.141248, 1.22153
0.2411, 0.501939
-0.720771, 1.67543
0.837388, 3.18515
-0.235437, 6.1368
-0.922157, 1.03573
-0.796534, 0.250396
-0.760516, 0.343182
-0.779657, 5.12476
-0.230789, 0.00914481
0.547299, 0.116971
-0.956525, 0.96518
0.610017, 4.95511
0.142697, 5.45002
0.714334, 3.41375
0.326081, 2.15394
0.947613, 2.7146
-0.870473, 0.640024
0.160178, 2.13171
0.979407, 2.00019
0.253501, 4.06792
-0.682698, 5.60636
-0.61908, 5.70454
-0.833326, 5.37487
-0.375712, 5.95877
0.0813697, 2.66511
-0.883579, 0.0259836
-0.573425, 5.12835
-0.665558, 0.0615413
-0.989637, 1.24758
0.119171, 2.91625
0.709143, 0.000358286
0.547187, 4.78017
0.633669, 2.13874
-0.540106, 2.90086
0.870368, 1.44451
-0.767219, 0.754792
-0.578299, 5.01121
0.506025, 5.59285
0.812634, 4.29094
-0.189849, 5.18594
-0.587971, 6.06178
0.502038, 0.416155
0.359945, 5.05169
-0.314435, 2.20097
-0.834158, 1.54993
0.912846, 3.27769
-0.58063, 5.52945
0.141146, 3.35915
0.952473, 1.49096
0.53506, 5.09996
-0.504201, 4.92269
-0.973111, 5.0312
0.624172, 4.26305
0.798603, 0.56747
-0.763124, 6.11865
0.853625, 1.91225
0.832618, 1.07549
-0.610865, 3.00162
-0.453102, 5.28812
-0.641939, 2.69594
-0.962157, 0.472766
0.786624, 6.26417
0.565966, 5.88912
0.894495, 5.21253
0.969551, 0.115627
0.343101, 4.56105
0.42327, 3.16033
0.958055, 5.46676
-0.0731529, 1.78924
-0.925389, 3.34714
0.691284, 3.31235
-0.360303, 3.83796
-0.404726, 0.871314
-0.701475, 0.0901288
0.663056, 3.16438
-0.891683, 2.84837
0.359994, 3.28889
-0.985726, 4.5162
-0.151824, 3.92671
-0.267533, 4.43564
-0.89641, 4.71219
-0.71859, 0.666103
0.760019, 5.36573
-0.459359, 4.3824
0.974139, 0.0790986
0.0341485, 3.76362
0.877262, 3.9597
-0.418997, 1.44829
0.652392, 3.59368
-0.841938, 0.251705
0.568121, 2.06714
-0.833542, 2.34792
0.734877, 5.53754
0.316936, 3.79277
0.76572, 4.03384
-0.870774, 4.22059
0.0446795, 2.56097
-0.0131786, 5.90699
0.775437, 4.91659
0.544653, 4.41901
-0.176419, 0.476118
0.152039, 4.76749
0.443252, 0.745938
-0.42198, 3.87982
0.792899, 5.34849
0.826712, 1.09697
0.391495, 1.00102
-0.954815, 5.12972
0.502734, 1.56493
-0.513401, 2.55058
0.78835, 5.98517
0.832993, 2.25923
-0.980165, 3.81655
-0.443791, 0.157747
-0.59645, 1.4995
0.808209, 0.83851
0.107075, 3.45106
0.960405, 5.38945
-0.793612, 1.31119
-0.0379643, 0.843111
0.789025, 0.241389
-0.314006, 1.34521
-0.592358, 1.01928
0.427845, 1.12315
0.848404, 3.54073
-0.0732169, 4.09609
0.0746288, 1.78482
0.311441, 0.170796
0.186995, 3.39788
-0.167923, 0.89796
-0.0442719, 0.748991
-0.485661, 0.491005
0.286326, 0.242452
0.107252, 1.16463
0.882668, 3.53422
0.551754, 1.09295
0.144488, 6.13319
0.12006, 4.26591
0.802393, 5.89317
0.045456, 5.40496
-0.762478, 1.37268
0.228282, 5.0059
-0.21631, 5.96535
-0.570922, 2.37916
-0.443859, 6.24455
0.688681, 6.16801
-0.35377, 0.353919
-0.415769, 3.04817
-0.863593, 1.734
-0.570822, 1.14867
-0.633091, 0.21376
-0.184454, 5.97627
-0.0132593, 5.60389
0.425229, 4.26401
-0.965726, 5.61224
0.961588, 3.25105
-0.949734, 1.33581
-0.940813, 1.96461
-0.390509, 1.10042
0.365983, 3.20333
-0.577805, 5.61406
0.0070722, 1.10054
0.0230883, 3.3088
-0.813903, 4.74551
0.203216, 3.39698
-0.634771, 3.88434
0.680864, 2.57966
0.266575, 0.192725
0.848598, 0.701816
0.0374185, 4.36944
0.908541, 3.80391
-0.232722, 6.10464
-0.361728, 5.83943
-0.715166, 0.524128
0.984315, 0.634648
-0.887279, 2.12166
-0.604805, 0.752573
-0.444289, 5.41406
-0.138789, 1.00751
-0.974105, 2.28084
0.714177, 1.0009
-0.800744, 3.38726
0.725237, 2.47103
0.766439, 4.60638
-0.179645, 2.14285
-0.123314, 6.22656
0.38129, 1.72115
0.722202, 0.292203
0.552194, 1.73689
-0.312446, 1.01043
-0.657091, 1.54963
-0.439338, 6.20471
-0.757663, 3.06668
-0.904524, 0.474234
0.625698, 1.53847
0.0617874, 5.64623
0.800563, 5.88019
0.73439, 1.08528
0.544653, 5.31526
-0.447383, 1.73599
-0.940199, 6.10687
-0.993322, 1.25048
-0.284172, 0.279326
-0.734041, 2.90356
0.510329, 2.4515
-0.935976, 0.372512
0.694037, 1.72501
-0.390972, 2.32026
0.72696, 1.65225
-0.413493, 4.14274
0.142367, 5.44574
-0.377317, 0.713476
-0.108357, 1.25912
0.906238, 0.912966
-0.29729, 4.39415
-0.330824, 1.65533
-0.264076, 3.26484
0.83765, 4.45473
0.628949, 1.44935
0.930992, 0.419882
-0.575319, 1.54576
-0.623169, 4.65405
0.905736, 1.11253
0.1809, 2.26446
-0.0621645, 1.67302
-0.692396, 1.32829
0.275369, 2.86395
0.733038, 0.555559
-0.177366, 5.56486
0.89299, 5.22412
0.688249, 3.86751
0.280826, 2.10527
0.498604, 2.61691
0.430505, 6.07083
-0.195373, 5.98887
-0.804891, 1.66023
-0.176076, 5.85653
-0.961847, 2.18392
0.635, 5.03314
0.00600723, 4.18066
0.874424, 5.29956
-0.390257, 2.14252
0.957715, 2.10081
0.840119, 0.927366
0.0979615, 6.07266
0.23628, 4.35402
-0.583997, 0.152251
0.324319, 3.08888
0.779778, 1.45585
0.949292, 2.11129
-0.841786, 2.78429
0.719164, 3.60995
-0.721872, 4.45178
0.765623, 5.73122
-0.121145, 4.08713
-0.0162792, 2.10154
-0.68273, 0.614248
0.56385, 1.99502
-0.0410859, 3.20129
-0.777069, 0.552634
-0.954064, 5.7785
-0.717374, 2.10702
-0.42561, 0.596114
0.428899, 5.2743
-0.49761, 2.99787
0.710195, 3.86273
-0.315625, 1.68993
-0.294043, 2.73331
-0.999258, 5.15403
0.502356, 2.27201
0.0962036, 4.674
-0.32523, 3.7044
-0.959511, 3.11719
-0.618574, 4.44786
-0.769727, 3.44175
-0.891432, 2.02575
0.964762, 3.1416
0.00393793, 0.31723
-0.932408, 3.54904
0.426932, 1.39945
0.124766, 1.63151
0.75448, 5.95215
-0.9475, 6.28258
-0.379762, 4.75454
-0.995006, 3.32944
-0.457942, 3.04228
-0.976509, 4.17795
0.455569, 2.67519
0.818994, 3.44289
-0.784853, 4.36887
0.644993, 5.52645
0.978697, 5.5222
0.898934, 3.87127
0.430533, 0.628591
-0.320999, 1.5555
0.718558, 4.7449
-0.129756, 5.42393
0.846341, 0.498721
-0.583628, 3.05961
0.866061, 0.981794
-0.881405, 5.0989
0.499063, 3.49896
0.0516013, 5.21985
0.966062, 4.37805
-0.0891421, 6.05368
-0.117871, 0.359029
-0.377243, 1.76981
0.387057, 1.56187
-0.450559, 3.89732
-0.963756, 2.49732
0.00214201, 6.20147
-0.0440723, 4.82671
0.476126, 0.866847
-0.854786, 2.76248
0.512852, 2.48968
0.921537, 0.975636
0.441161, 0.325365
-0.0435124, 1.55641
0.576535, 0.860012
0.834701, 2.2894
0.982156, 1.84759
0.596235, 2.12829
-0.503504, 0.292407
0.909073, 5.56913
0.783558, 2.73732
-0.28464, 3.3519
-0.34271, 1.02424
-0.207913, 4.1879
0.172047, 2.73242
0.271514, 4.34954
0.491125, 2.24638
-0.830701, 4.88079
0.134104, 1.66489
0.832405, 0.0204133
-0.851038, 5.67221
-0.813414, 1.44403
0.0982445, 0.184318
0.675672, 2.72956
-0.0462078, 5.03789
-0.300479, 4.12556
-0.705398, 5.70447
0.931614, 5.85377
-0.447457, 3.85596
-0.767626, 2.8984
-0.780103, 5.06775
-0.80522, 3.79118
-0.646294, 4.03899
-0.0770544, 6.07954
0.447701, 5.44422
-0.0497518, 5.68069
0.467507, 5.83389
-0.548596, 4.46403
0.252285, 3.89892
-0.832056, 6.24357
0.0828595, 5.86882
-0.842872, 2.14737
-0.406311, 0.0812483
-0.310622, 0.810822
0.704593, 4.67994
0.850686, 2.14027
0.882459, 4.27486
-0.702706, 4.00959
0.799438, 5.3074
-0.989931, 0.848076
0.165506, 1.28154
0.573501, 3.23657
-0.839608, 5.83187
0.235405, 1.24476
0.645707, 4.44297
0.252688, 4.43096
-0.326213, 6.2796
0.769409, 2.65685
0.643721, 6.21949
0.219996, 5.35492
-0.835767, 0.830118
0.99732, 3.98341
0.205702, 3.54399
-0.630597, 2.56447
-0.273205, 5.55453
0.958158, 6.10386
-0.871482, 2.15659
0.0375267, 5.15019
-0.964669, 2.39318
0.893103, 0.218499
0.849807, 5.00312
-0.12829, 0.815621
-0.717359, 1.43846
0.550052, 2.10424
-0.893671, 5.16461
0.216507, 1.33097
-0.682352, 5.36583
0.977383, 5.847
0.873202, 0.617316
0.879932, 5.46317
0.237248, 4.58562
-0.270315, 1.73951
-0.0694928, 4.74199
0.833103, 2.82483
0.72096, 1.27189
-0.607687, 4.33927
0.367076, 6.26127
0.268106, 2.04837
0.797773, 2.82072
0.855252, 0.593992
0.0945523, 4.08998
-0.900163, 5.65531
-0.9297, 1.65645
0.00734643, 1.46052
0.68063, 3.87187
0.933002, 0.550377
0.550197, 2.22074
0.9315, 0.625578
-0.559977, 5.3021
-0.933389, 4.82237
-0.647881, 3.17215
0.0704179, 5.68271
-0.293939, 1.91781
-0.737862, 1.47224
-0.169763, 0.480493
-0.749495, 3.59596
-0.926316, 6.15149
0.735398, 0.514991
-0.57337, 1.47411
0.0296241, 5.72119
-0.853302, 2.03573
-0.750005, 5.07127
-0.694424, 0.507014
-0.793098, 0.00361753
0.00997294, 1.77081
-0.243378, 2.5518
0.187664, 3.88093
-0.88089, 0.156922
0.527273, 0.790309
-0.168965, 2.02042
-0.959345, 2.10967
0.987606, 6.07214
-0.914964, 0.179922
0.691992, 4.90831
-0.0634605, 3.79379
0.819462, 2.42247
-0.605821, 6.07891
-0.767419, 5.23682
0.449673, 2.54199
0.443183, 1.15094
0.835533, 0.504413
0.846444, 3.19739
0.154414, 1.1343
-0.58505, 4.42552
0.842064, 3.35318
0.790798, 6.132
-0.866376, 2.5071
-0.564658, 4.6787
-0.37439, 3.03747
-0.892097, 1.81799
0.311299, 4.49188
-0.908791, 1.97764
-0.48545, 3.31263
0.321995, 5.93647
0.379942, 2.07472
-0.371658, 1.04397
-0.178185, 6.08509
0.44475, 2.01947
-0.757928, 2.31217
-0.637997, 0.536949
0.495561, 1.72266
-0.542455, 2.43136
0.498425, 5.57974
-0.200352, 4.2693
0.553073, 4.23077
-0.0861194, 4.58445
-0.84635, 0.944011
-0.969917, 5.12615
0.00982763, 2.69931
-0.910686, 2.25591
-0.490908, 5.406
-0.578981, 5.25745
0.977769, 2.60241
-0.215654, 2.97796
-0.809499, 0.749768
0.787839, 5.5744
-0.989614, 4.40213
-0.00950104, 2.08767
-0.0806719, 3.58104
0.604003, 0.507169
-0.594462, 0.846256
0.455111, 4.44459
0.640386, 4.32443
0.52662, 5.5948
0.0275904, 1.2751
0.662926, 0.826132
0.582734, 6.04139
0.287651, 1.09587
-0.519284, 4.52868
-0.432888, 5.83718
-0.435827, 4.04644
-0.537589, 2.23968
-0.866484, 2.8243
0.934097, 2.70933
0.757914, 5.97876
0.0680152, 5.59678
-0.830956, 0.995386
0.691805, 3.61878
0.799761, 3.36204
0.51064, 5.03101
-0.988559, 0.245625
0.238106, 3.8484
-0.81485, 3.33555
-0.173605, 4.0516
-0.62154, 4.69729
-0.469192, 4.45413
0.662839, 4.06634
0.710282, 1.0457
-0.363527, 5.23598
-0.464305, 0.384375
-0.588419, 0.212273
-0.235628, 1.16742
0.18817, 5.00383
-0.7374, 1.10045
0.96145, 4.00211
0.927429, 5.91554
0.579872, 2.59239
-0.309727, 3.5012
-0.816029, 2.02081
0.617032, 0.203201
-0.415599, 0.052956
-0.343529, 4.02328
-0.426336, 1.07809
-0.959995, 4.13894
0.532257, 3.26151
0.16942, 0.644489
-0.974062, 3.88892
-0.512184, 6.01611
-0.990036, 0.0616219
-0.0354695, 5.67672
0.573995, 4.10624
0.549111, 3.88668
0.0772671, 3.7909
0.687959, 0.080338
-0.075024, 3.49493
-0.620602, 1.6666
-0.123406, 6.12991
-0.369214, 3.49868
-0.0731163, 3.08456
-0.836702, 2.18965
0.882802, 0.693518
0.190077, 4.52974
-0.780835, 4.25236
0.339159, 3.01295
-0.0717925, 3.99611
-0.664928, 2.69364
-0.748419, 0.51005
-0.869913, 2.33734
0.546856, 3.17792
-0.590464, 0.22098
-0.983424, 0.908476
0.349323, 3.599
0.334791, 2.14844
0.899375, 0.949595
0.761621, 3.26773
-0.146239, 5.4374
-0.500421, 0.324693
0.582408, 2.77974
0.23649, 0.639616
0.0191464, 4.26914
0.453531, 2.70532
0.332358, 0.972499
-0.667523, 5.49513
0.0857796, 1.20272
-0.742669, 2.31408
0.864075, 2.69963
-0.605254, 3.87355
-0.910733, 1.01891
0.0333903, 0.238844
0.0851835, 1.75343
0.496322, 5.37609
0.876057, 3.52768
-0.655489, 3.71206
0.614099, 4.60786
-0.6517, 3.8553
-0.0334398, 2.73829
-0.939897, 2.04725
0.134259, 1.38024
0.67502, 1.54166
-0.407099, 5.76453
-0.816041, 1.65877
0.943177, 4.07643
-0.625932, 2.60285
0.99322, 2.51889
0.813825, 5.98755
0.275716, 2.01534
0.177206, 0.758924
-0.896014, 0.760016
0.415639, 0.306549
-0.0985399, 4.95015
-0.852307, 5.71557
0.344159, 3.99493
-0.949787, 6.10275
0.248005, 6.21017
0.545092, 3.89924
-0.2568, 5.05357
0.698738, 0.152337
-0.925417, 1.87433
0.867722, 2.32258
0.90648, 1.30432
0.207976, 2.05739
0.419649, 1.06591
0.200698, 4.35459
0.649018, 1.36697
-0.973988, 5.51954
0.216284, 0.991449
-0.86796, 1.80299
0.785113, 5.99577
0.165924, 5.81231
0.800383, 3.7991
-0.64757, 5.63791
0.227022, 1.25246
0.902675, 5.97396
-0.82334, 5.75998
-0.557071, 3.62532
-0.099986, 4.43597
-0.592557, 3.75236
-0.472177, 3.49179
-0.905048, 2.7524
-0.920186, 0.958346
0.526433, 2.13856
-0.864715, 5.55603
-0.984577, 4.18275
-0.437702, 5.21471
-0.58428, 6.08064
0.839841, 1.8435
-0.563232, 2.8307
0.972202, 0.393676
0.851696, 1.35587
-0.850544, 1.57847
0.465291, 3.12758
-0.130209, 0.69764
-0.491004, 3.56051
0.466127, 5.48505
0.280833, 2.88837
0.201182, 2.50128
0.0886617, 3.65923
0.441428, 1.53443
0.0663034, 4.56965
0.96832, 3.78596
-0.01817, 1.16247
0.792562, 2.40484
-0.554761, 2.94148
-0.357355, 4.71795
0.508929, 3.31014
0.0533562, 5.49705
0.575899, 5.42661
0.639028, 5.8257
-0.0263213, 2.66186
0.385502, 5.42436
0.7064, 1.66323
-0.350517, 2.62414
0.651555, 0.627427
-0.205073, 3.82609
0.226952, 5.12342
0.982957, 3.94617
-0.318334, 5.32219
-0.566745, 0.721281
0.575392, 4.42555
-0.152848, 0.71377
0.934657, 2.04127
0.0528397, 4.39452
-0.82893, 5.16969
-0.235454, 2.3427
-0.0395668, 1.46904
-0.571404, 2.36612
-0.852084, 3.51691
-0.145332, 4.64436
0.604669, 4.75577
0.858274, 3.01105
-0.490807, 5.3653
0.277555, 1.27609
-0.587498, 1.32191
-0.881933, 5.54228
-0.898029, 0.70271
0.155017, 1.91438
-0.693488, 0.000185942
0.042015, 2.7123
-0.806017, 5.13871
0.126167, 1.91488
0.0092035, 1.41912
0.338634, 5.03303
0.193358, 0.558792
0.379708, 2.90531
-0.491246, 3.02396
-0.458532, 4.96198
-0.836183, 5.27484
-0.634435, 0.601019
-0.936965, 3.87232
-0.417966, 2.1837
0.70012, 2.80271
-0.448243, 3.21022
0.725097, 5.05917
0.23802, 4.01191
-0.726503, 3.67814
-0.135062, 4.62962
-0.220208, 5.99938
0.292513, 1.00946
0.921028, 5.22341
0.845556, 1.10524
0.56634, 2.81829
0.579849, 5.00436
0.119379, 5.30975
0.529444, 5.11111
-0.668234, 2.49448
0.785065, 4.16536
0.74291, 4.83875
-0.0998842, 4.10792
-0.762106, 5.70259
-0.566588, 3.68425
0.283706, 4.20743
0.729909, 3.20209
0.785246, 6.18161
-0.34428, 0.555425
0.0637702, 2.81057
-0.637914, 4.20055
-0.231691, 4.66963
0.596509, 5.61427
-0.29184, 1.87582
0.342976, 3.70347
-0.744592, 1.74916
-0.545134, 0.974077
-0.839104, 2.87441
-0.833808, 2.07085
0.59526, 2.52823
-0.260001, 1.19652
-0.724538, 5.46174
-0.830214, 5.22103
0.987002, 5.11997
-0.901297, 3.0476
0.921989, 6.12174
-0.930754, 5.98324
0.856371, 5.0226
0.474064, 3.63798
0.857667, 1.9611
-0.933124, 0.227071
0.492753, 3.3536
0.394846, 0.550668
0.301368, 3.53206
-0.385745, 2.36332
0.921752, 2.6812
0.953714, 3.9466
0.989081, 2.4857
0.0586284, 4.30361
-0.836461, 0.362536
0.813861, 5.75186
0.962921, 1.73262
-0.193485, 1.41921
0.594819, 4.74947
0.308188, 6.04846
-0.75666, 5.47636
0.711266, 0.212407
-0.662448, 2.85238
0.820325, 4.54448
-0.547745, 1.98318
0.455304, 4.52286
-0.566853, 0.0899121
0.507348, 4.55806
-0.161398, 4.01126
-0.712258, 3.2894
0.906566, 5.57906
0.865754, 2.09862
0.409963, 4.1605
0.186115, 4.62036
-0.479918, 5.33441
0.558443, 3.67841
-0.881983, 1.60191
-0.766175, 1.868
0.47173, 1.06382
-0.18615, 4.78512
-0.978602, 6.19624
0.703401, 0.196421
-0.198922, 1.56666
-0.0167807, 3.11757
-0.880289, 5.85242
-0.964547, 1.29931
-0.409365, 1.88523
-0.972622, 0.948127
0.303416, 1.27861
-0.103856, 5.83792
-0.0136463, 3.33476
0.28389, 3.48522
-0.957533, 2.02733
-0.461565, 3.80304
0.0627204, 3.01548
-0.817144, 2.68399
0.117056, 5.67317
-0.65861, 3.61961
-0.941926, 0.250406
-0.238469, 2.1116
0.885563, 0.127464
0.282142, 1.20683
-0.946803, 1.25131
-0.741512, 4.0317
0.992807, 1.35679
0.986097, 5.93452
-0.929056, 4.64703
0.184756, 4.04463
-0.936795, 0.621744
0.182479, 4.55652
0.875796, 3.41412
0.43436, 4.2276
0.552718, 3.78097
0.960163, 2.97052
-0.878433, 4.6057
0.776221, 5.92284
-0.249627, 3.37971
-0.628238, 3.84416
0.412461, 1.83669
-0.827198, 5.25977
0.50112, 1.62492
-0.510629, 1.82502
0.884809, 3.89066
-0.976758, 5.11221
0.41028, 5.89521
0.77775, 6.08771
0.461215, 3.24108
0.0424437, 5.01208
0.931275, 5.43843
-0.115663, 2.12436
0.968607, 0.277261
0.218976, 0.596878
0.825116, 0.713841
0.0608701, 3.73754
0.984224, 3.30282
-0.634553, 3.18182
0.383028, 5.63547
0.667601, 3.75744
-0.616863, 4.35518
0.294602, 4.86277
0.0248736, 4.56305
0.753468, 6.01009
-0.137349, 3.71486
0.95477, 2.67371
0.07949, 3.19113
0.861291, 3.50263
-0.929901, 3.45006
-0.62561, 5.62655
0.913571, 4.76779
-0.279856, 4.29446
-0.821663, 1.07852
0.1159, 1.16257
-0.744703, 0.768507
-0.714129, 3.58712
0.00998163, 3.75291
0.878175, 3.06182
-0.762773, 4.83856
-0.996582, 4.61009
-0.940749, 3.69269
0.40955, 5.44629
0.943593, 1.11138
0.551669, 3.15011
-0.244703, 2.78691
-0.724653, 0.70268
-0.874684, 0.964011
0.605056, 2.07845
-0.957316, 1.256
0.459268, 2.61231
0.363005, 3.57554
0.819864, 5.9031
-0.667501, 0.67702
0.586914, 2.47689
-0.549641, 1.04102
0.981789, 3.34663
-0.927442, 2.37764
-0.149583, 1.61161
-0.0700508, 4.71548
0.400206, 1.77559
0.997596, 4.07494
0.642187, 6.00473
0.899523, 5.62435
0.205225, 4.60334
0.39429, 0.232351
-0.947425, 1.06512
-0.39609, 1.9696
-0.653949, 0.761176
0.595324, 4.20573
0.340112, 1.89824
-0.900745, 6.04113
-0.627574, 2.26642
0.759632, 4.55809
0.946333, 2.63391
0.709081, 2.50922
-0.875333, 1.29922
-0.757041, 2.36998
-0.250637, 3.77745
0.592556, 5.91508
0.720021, 2.80374
-0.922408, 3.49532
0.606696, 5.93896
0.49332, 5.58616
-0.341999, 5.07336
-0.344476, 1.121
0.922202, 4.97465
0.287713, 3.4493
-0.95016, 0.0378275
-0.265133, 0.62161
0.856532, 1.90995
0.806771, 5.98777
-0.0923765, 2.09331
0.0374417, 3.79272
0.861172, 5.99965
0.596585, 3.15009
-0.567882, 4.45975
0.747477, 3.31499
-0.484351, 1.52382
0.91034, 6.02879
0.580223, 2.67675
0.573386, 2.48275
-0.633162, 2.80762
-0.524406, 6.09054
0.706166, 4.20046
0.56259, 6.11638
-0.0605459, 3.72797
0.666192, 5.22638
-0.0213023, 3.29038
0.536611, 1.73526
0.643536, 1.89283
-0.135826, 0.542931
0.218676, 1.35126
0.95637, 4.46111
-0.798025, 0.719416
0.773432, 2.67493
-0.564239, 0.242333
-0.428836, 5.64666
-0.802945, 5.74228
0.311859, 5.65579
0.1744, 0.844561
0.0460434, 3.85946
0.0362912, 3.81822
-0.0505117, 2.45489
-0.987239, 2.87946
-0.883949, 3.26085
-0.233372, 1.94511
0.740329, 5.86941
-0.747084, 4.1028
-0.725326, 3.81944
-0.960301, 5.19066
0.866728, 3.70145
-0.546808, 4.91076
-0.966242, 1.41798
0.627005, 0.820961
-0.672875, 1.28905
0.855587, 0.181042
0.356215, 2.1154
0.932794, 2.30251
-0.768431, 0.660076
0.908656, 2.25203
0.181375, 3.66846
-0.107866, 0.523667
-0.625159, 4.04783
-0.167357, 0.267424
0.208437, 1.01518
-0.0277991, 1.81201
-0.270714, 2.46381
-0.0755401, 2.52133
0.216231, 0.8907
0.332869, 4.45368
-0.511411, 2.80258
-0.862657, 3.05839
0.523583, 1.99245
0.440101, 1.24408
0.693445, 2.95362
0.693603, 4.86445
0.664014, 3.15016
0.501924, 1.31463
-0.787131, 5.58753
-0.903089, 1.32123
-0.265413, 1.85858
-0.36559, 6.08109
-0.718679, 6.16741
0.42153, 1.81195
0.0762661, 1.67552
-0.59954, 2.54383
-0.11153, 3.99141
0.581108, 0.156045
0.599928, 1.26184
-0.980806, 4.56914
0.501288, 0.601905
0.56028, 5.7654
-0.896436, 1.43399
-0.882994, 5.44931
-0.488187, 1.15989
-0.703422, 5.34638
0.268761, 0.0592772
0.872083, 3.3786
0.249261, 4.22991
-0.897537, 0.64775
0.942216, 2.69383
-0.0867186, 1.07302
-0.686392, 4.97101
0.909634, 0.979105
-0.933037, 2.81404
0.239296, 3.85943
0.50766, 2.17556
0.0279574, 4.19815
-0.178221, 5.50717
0.269102, 5.91915
-0.343036, 0.206481
0.988844, 5.22904
-0.925098, 6.11428
0.939357, 3.59888
-0.853866, 4.84914
0.597126, 4.89614
-0.759134, 6.26205
-0.0382292, 1.62519
-0.78495, 0.499177
0.0245891, 5.99445
-0.942101, 1.14371
0.0553785, 1.3873
-0.618821, 3.53283
-0.663484, 5.0599
0.884161, 3.38363
0.0889311, 2.38629
0.794492, 4.3012
0.718062, 6.14612
0.269012, 3.45927
0.888839, 4.0036
0.914537, 0.0241645
-0.611541, 0.127793
0.435436, 0.760352
0.443011, 4.63112
-0.640009, 2.03143
0.641725, 1.07779
0.517975, 1.77914
-0.647748, 3.97479
-0.843702, 3.33812
0.933354, 0.254785
-0.583034, 3.07357
-0.823347, 1.79555
-0.13825, 2.24796
-0.534398, 0.845798
0.55578, 5.44298
0.954569, 3.14611
-0.231795, 3.22136
0.785191, 5.62052
0.844853, 4.87714
0.871086, 1.17381
-0.295642, 5.3475
0.908869, 1.51519
0.909187, 1.63978
-0.522152, 1.26742
-0.11403, 5.95403
0.211834, 0.604086
-0.692128, 4.91084
0.914699, 4.0365
-0.19053, 1.66654
0.995624, 0.393929
-0.362144, 3.28801
0.639873, 1.64235
0.855484, 3.81144
-0.670895, 2.94273
0.339061, 5.40079
-0.83532, 0.533971
-0.865169, 2.02752
0.993086, 4.66579
-0.301473, 5.70259
-0.0839899, 4.70905
-0.13289, 3.1179
-0.360267, 0.671366
0.133145, 4.07696
-0.322832, 4.4615
0.857284, 6.17009
0.978136, 4.3383
0.814796, 3.73535
0.820181, 2.31015
0.829266, 4.77105
0.824475, 6.18204
-0.742188, 1.57136
-0.926954, 4.91597
-0.373561, 4.40986
0.980623, 5.97374
0.96028, 4.50682
0.806288, 0.661601
0.317123, 2.64661
0.523965, 5.27558
0.218973, 1.06491
-0.65189, 4.20343
-0.199958, 3.59172
-0.511686, 4.71652
-0.799329, 2.47043
-0.925747, 5.42511
-0.0989369, 1.33057
-0.556551, 0.346942
-0.944069, 2.56237
-0.194128, 0.963421
0.409375, 5.39016
-0.658428, 4.22741
-0.274526, 4.64254
0.072281, 4.4713
0.586937, 0.113423
0.65942, 3.15187
-0.571015, 3.82276
-0.803552, 5.74615
-0.820845, 3.98199
-0.929656, 0.555417
-0.209102, 3.99692
-0.712813, 1.59554
0.74706, 2.17625
-0.618478, 3.30806
-0.209893, 3.35676
0.988983, 0.826764
-0.963266, 5.21679
-0.469225, 0.202148
-0.923706, 4.36443
-0.902601, 5.96303
-0.751667, 5.67292
-0.994171, 4.78355
-0.665571, 5.82284
0.680867, 1.33396
0.994271, 5.00767
-0.827849, 2.17138
-0.0867437, 6.16016
0.352617, 0.50446
0.340485, 3.33271
0.376618, 5.85341
0.435129, 0.254551
0.661593, 0.143183
0.330257, 2.96463
0.305041, 6.24496
-0.205105, 5.88915
0.871761, 2.84062
0.653023, 4.43667
0.948552, 3.41988
0.876882, 0.901981
0.895787, 4.63345
0.890145, 3.95287
0.906294, 5.66062
0.361542, 4.83913
0.908882, 4.70893
-0.855819, 2.72597
0.960216, 4.28794
-0.316084, 0.148308
0.37633, 1.48348
0.0340179, 0.104517
-0.896494, 5.44583
-0.618333, 2.37902
-0.531124, 4.73988
0.161445, 1.15451
0.233353, 5.74832
-0.451968, 3.7288
-0.351109, 2.91268
0.0980092, 4.81547
-0.298853, 2.7113
0.193142, 5.9546
-0.632202, 1.8115
0.626244, 3.51778
0.959193, 5.79051
-0.99311, 0.195586
-0.890327, 5.00986
0.692652, 0.301892
0.594679, 4.5689
0.148164, 0.232817
-0.656666, 4.86838
0.859831, 2.38041
0.978996, 1.81786
-0.284839, 3.38924
-0.209438, 0.305732
0.573733, 5.72432
-0.873307, 5.72559
-0.73579, 4.21206
-0.917795, 3.24026
-0.968513, 2.16074
0.0369514, 0.0905278
-0.78831, 3.15192
-0.826411, 0.457417
0.129613, 0.0088268
-0.0410286, 4.77011
0.897304, 1.93265
-0.0943752, 1.63603
-0.653582, 0.566521
-0.0275379, 4.56008
0.951795, 2.72239
-0.0690984, 3.84299
-0.80988, 3.28141
0.261981, 5.81478
0.671476, 1.07843
0.507778, 2.46399
0.824803, 0.231443
0.157046, 0.582287
0.797177, 4.39591
0.0133395, 2.07071
-0.158218, 1.18572
-0.619633, 0.350305
-0.319308, 1.49186
-0.809736, 0.400217
0.309764, 4.18596
0.00380299, 3.92505
0.941623, 0.721643
-0.605705, 5.85188
-0.645646, 2.98722
0.867624, 5.40129
-0.984712, 5.18733
0.446887, 0.79515
0.3555, 4.60091
0.88277, 3.99341
-0.661529, 6.28168
-0.133468, 1.48194
-0.52206, 5.91741
0.585083, 4.85953
0.917332, 5.74019
-0.84599, 0.906476
0.463795, 3.86988
-0.775143, 4.50079
-0.890571, 3.2499
0.39783, 3.55865
0.225031, 4.34551
-0.945093, 0.840915
0.382916, 2.84537
-0.00858091, 2.79743
0.920082, 3.37326
0.850191, 3.70221
0.339448, 4.08667
-0.313569, 2.33097
-0.193116, 1.12576
-0.393067, 3.99054
0.341572, 6.16879
0.00968758, 3.90508
0.151606, 0.511342
-0.48247, 0.316392
0.59669, 1.84639
0.68858, 5.96652
0.961638, 3.66352
-0.36997, 3.94009
-0.932109, 5.15896
0.980984, 1.78437
0.632513, 5.04924
-0.944361, 5.99939
0.191756, 2.69736
0.798978, 1.18123
0.628586, 0.523593
0.570081, 5.13412
0.00793624, 5.82756
0.380302, 6.21564
0.343111, 2.03015
-0.932453, 1.01267
0.993975, 5.85405
-0.921498, 5.61221
0.841764, 2.0077
-0.583792, 2.80534
-0.650697, 4.24436
0.813083, 2.17232
0.932923, 4.08408
-0.767855, 3.47443
0.193331, 6.04938
-0.849396, 3.38022
0.850507, 4.1
0.54698, 3.24736
-0.342359, 1.66683
-0.71088, 4.18299
-0.249819, 2.57779
0.251249, 4.95249
-0.617201, 3.83011
0.0410435, 0.00791272
-0.135145, 5.51968
-0.0876879, 1.98994
-0.707751, 3.01019
0.819152, 0.287958
-0.0568446, 4.2273
-0.66103, 3.7906
-0.778802, 1.62472
0.471761, 4.69538
0.696633, 1.92624
0.955068, 4.41204
-0.192654, 5.49979
-0.788909, 2.67836
0.254548, 4.18252
0.717084, 0.288329
-0.798483, 4.27168
0.96874, 0.0559275
0.459027, 3.50357
0.621759, 2.29209
0.216522, 1.88801
0.813301, 5.58227
0.340618, 4.78973
-0.468754, 1.45717
-0.449129, 1.29403
0.724377, 2.90344
-0.628669, 5.80811
0.7711, 3.18043
-0.618109, 6.2738
0.81164, 2.01355
-0.854642, 1.98366
-0.520723, 2.99936
0.27251, 2.94199
0.266795, 0.803421
-0.622551, 1.21002
0.107916, 1.95666
-0.543842, 5.99033
-0.146041, 2.35766
-0.21719, 6.1886
-0.513859, 2.80068
0.870254, 6.19509
0.421735, 5.597
-0.904236, 2.31428
0.043352, 3.08161
0.727869, 3.23991
-0.827503, 4.71937
0.638152, 3.26031
-0.344441, 3.28579
0.505396, 6.13274
0.221831, 6.139
-0.952736, 5.40662
-0.998222, 6.23149
0.435649, 6.00799
0.778666, 0.897897
-0.0276663, 2.46402
-0.343197, 1.3124
0.730748, 3.29257
-0.358728, 3.87269
0.775226, 4.16091
0.758573, 3.09594
-0.38078, 4.95161
0.830898, 3.85486
0.894255, 4.69094
0.793994, 3.87065
-0.520954, 2.33412
0.992873, 1.93894
-0.858651, 2.93348
0.577656, 4.51892
0.0600472, 2.63325
0.398804, 1.29177
-0.766805, 0.208793
-0.946044, 3.02724
-0.986694, 5.40523
0.42867, 2.00352
-0.394513, 4.67015
-0.701673, 2.24549
-0.352148, 4.81609
-0.355641, 2.31608
-0.212087, 6.15068
0.0393324, 3.45453
-0.969286, 2.19025
-0.807553, 5.72741
-0.941257, 6.26136
0.51981, 5.30942
-0.328661, 0.353656
0.547365, 5.52286
0.223941, 6.19409
-0.340673, 3.26536
0.424683, 0.925978
0.812834, 4.79183
0.601096, 0.448973
-0.699912, 3.40326
-0.943672, 6.07856
0.917701, 2.40332
0.0994565, 5.75302
0.00846949, 5.23051
0.504572, 3.42651
0.0334894, 6.23898
-0.271503, 4.07049
-0.48877, 5.40979
-0.452537, 0.567691
0.188679, 1.19793
0.281418, 2.69545
-0.670227, 5.2237
-0.347967, 3.5271
0.946235, 0.228866
0.70856, 4.22785
-0.647817, 4.93436
-0.906746, 1.45025
0.819069, 3.38777
-0.743215, 2.68476
0.479524, 4.61607
-0.111856, 0.413542
-0.478583, 2.26561
-0.0982691, 6.22471
-0.780476, 2.39248
0.903189, 2.68217
0.590755, 5.071
-0.682892, 1.59279
0.193865, 4.98842
-0.497654, 0.830057
0.505024, 3.94763
0.482118, 1.5004
0.429289, 5.13375
-0.342419, 5.32525
-0.104164, 4.2473
0.612411, 5.00788
0.921392, 4.1523
0.67778, 5.34197
-0.479862, 0.24007
0.468887, 5.02854
-0.0763138, 5.37696
0.782228, 0.894796
-0.0581994, 2.38702
-0.10293, 5.12213
-0.328956, 5.61108
0.339181, 0.185279
-0.602682, 6.16199
0.616775, 1.59862
-0.830101, 5.48594
0.300354, 5.37532
0.404916, 3.32807
-0.935646, 4.1281
0.715849, 3.18507
0.528735, 2.36811
0.354969, 1.03402
-0.128086, 1.2213
0.950098, 1.06892
0.965862, 4.06713
-0.907257, 1.14885
0.66846, 5.41755
0.441874, 1.40637
-0.535655, 2.10617
-0.539808, 3.15287
0.170159, 4.11924
-0.987225, 5.27856
0.344114, 4.98384
0.640732, 3.21975
-0.307586, 1.96865
-0.809751, 1.21606
-0.0790941, 3.40906
-0.105715, 1.70295
0.71831, 0.680979
-0.720386, 6.04175
0.872469, 1.51899
-0.126408, 2.51444
-0.304239, 2.94598
-0.65553, 1.20826
0.862504, 5.21826
0.398124, 1.76489
0.67243, 2.25602
0.741332, 3.15666
0.558322, 0.911445
-0.967, 5.79799
0.921017, 0.954504
-0.926832, 2.10329
0.836749, 6.25999
-0.576552, 5.67512
0.823738, 5.01469
-0.102264, 4.46545
0.861369, 5.06674
0.412644, 3.13906
-0.371456, 5.48767
0.544461, 6.02692
0.755109, 6.04391
-0.621464, 5.56276
0.897052, 2.7561
-0.0520252, 2.18395
0.428085, 1.74735
0.126108, 3.8584
0.845157, 0.608643
-0.930205, 2.03458
0.0153321, 2.26619
0.270405, 0.561453
-0.805578, 5.78239
-0.380601, 3.2199
-0.872171, 0.257693
-0.80657, 3.90777
-0.699497, 2.30151
-0.781098, 2.24936
-0.897792, 2.13249
-0.869471, 3.39146
-0.826537, 2.92568
-0.980865, 2.83137
-0.696414, 1.86758
-0.895695, 3.41715
-0.792362, 6.24189
-0.0833961, 3.31567
-0.708849, 4.07461
0.119498, 6.1102
-0.873247, 1.88115
-0.890448, 3.41813
-0.706396, 2.15882
0.911438, 0.776847
-0.889508, 6.17311
-0.659328, 6.11985
-0.0153981, 0.794461
-0.504002, 5.18209
-0.522903, 4.40837
-0.806742, 3.73813
0.984662, 3.56481
-0.74782, 3.39805
-0.624839, 5.57238
-0.0234978, 5.49411
0.897626, 1.37318
-0.104877, 3.64431
0.103064, 1.0834
-0.268525, 0.952301
-0.563075, 1.81178
-0.380269, 5.02638
-0.0346865, 0.877173
0.716163, 6.21079
0.92343, 2.37806
0.992023, 4.56246
0.417558, 1.14914
-0.451528, 3.01769
-0.859991, 0.201699
0.200828, 3.43216
0.508717, 3.18231
0.604811, 3.74188
0.931708, 5.82456
-0.677232, 2.03449
-0.823905, 0.944902
-0.224866, 1.71458
0.523694, 2.93118
-0.93296, 5.65038
-0.378565, 0.18333
-0.323649, 0.101871
0.87077, 3.38639
-0.313285, 4.12258
-0.864809, 5.93464
0.775041, 5.01083
0.387394, 3.48905
0.641932, 2.98504
0.230977, 1.32629
-0.750397, 2.09908
0.30992, 1.88982
0.294187, 1.30207
-0.745352, 2.22822
-0.497185, 3.69799
0.701593, 3.62379
-0.799886, 0.262475
0.883462, 5.68485
-0.90244, 3.45265
-0.117629, 2.16756
-0.396899, 1.18308
0.150053, 1.47109
0.252678, 2.82902
0.734978, 1.49917
-0.567232, 4.11125
-0.850638, 3.69821
0.455021, 4.9471
0.416297, 0.485569
-0.845852, 2.596
0.851553, 4.11355
-0.57497, 1.50654
0.800171, 1.19421
0.211525, 1.54698
-0.561136, 5.32294
-0.638307, 1.22231
-0.0849893, 1.17568
-0.95865, 2.79895
-0.319447, 5.60627
-0.611995, 0.458122
0.331261, 5.59098
0.451644, 2.17748
-0.828119, 2.05675
-0.489784, 4.92254
-0.147195, 1.33473
-0.161775, 3.29756
-0.689498, 1.66567
-0.997099, 5.22597
0.891055, 2.97882
0.385294, 5.77288
-0.573029, 2.05708
0.44842, 3.98531
-0.745754, 4.20786
-0.183532, 2.0336
0.379408, 3.92245
-0.99216, 6.12221
-0.814214, 5.6596
-0.771158, 1.37521
-0.199041, 3.1423
0.807525, 1.10728
0.748446, 0.920814
0.824066, 0.321318
0.326789, 2.95228
-0.32627, 1.07173
0.0846632, 2.39485
-0.106535, 0.209826
-0.526422, 4.63562
-0.705571, 2.6209
-0.898836, 4.46604
-0.12171, 4.54832
0.0110895, 3.81673
0.653513, 4.40764
0.537029, 6.10879
0.788345, 1.65133
0.86529, 4.28798
0.676425, 5.72417
0.725032, 5.07299
0.368724, 3.44622
-0.291889, 0.707114
-0.563617, 3.07388
0.977659, 3.45416
-0.702498, 5.6096
0.712127, 0.218013
-0.0579197, 0.404696
-0.801418, 0.864827
-0.908003, 6.06959
0.359576, 0.116194
0.139274, 1.01412
-0.689627, 3.01175
0.8723, 2.27589
-0.106206, 5.15769
0.273249, 2.27612
0.47339, 1.78841
0.350782, 1.73435
-0.783137, 5.75484
0.465005, 6.19554
-0.58163, 0.797923
0.661364, 3.35075
0.677189, 2.33485
0.727452, 3.29361
0.293386, 0.777546
-0.15219, 0.483186
0.837553, 4.18505
0.220071, 4.22829
0.632668, 4.92942
0.445575, 2.90842
-0.634423, 3.43478
0.922395, 5.6943
-0.942512, 0.383326
-0.264448, 2.31523
0.246233, 6.12289
-0.720303, 1.01892
-0.942306, 5.28403
-0.564025, 2.02645
0.0374467, 0.731783
-0.278516, 3.81397
0.708488, 0.788105
-0.930524, 0.869265
-0.417726, 2.37627
-0.962311, 1.92002
-0.49028, 3.94115
0.476084, 1.62034
-0.589597, 0.715933
-0.96052, 0.113524
-0.60709, 5.32003
-0.849991, 0.955661
0.0287194, 2.30083
-0.296231, 1.06802
-0.425947, 0.428216
0.897635, 4.55751
-0.806394, 4.41142
-0.438751, 2.93454
-0.45051, 2.92495
-0.286356, 0.625463
-0.658165, 0.965939
0.376311, 1.9314
0.243863, 4.38127
-0.813173, 0.716619
-0.923806, 4.49478
-0.809595, 1.2296
0.790107, 1.987
0.50443, 1.77023
-0.0574989, 4.96913
-0.292852, 4.67759
-0.447066, 4.26689
0.908699, 5.90926
-0.998839, 2.34932
0.964866, 5.7374
0.172505, 4.32965
0.953963, 6.15336
0.0997076, 1.96289
-0.87618, 0.658553
-0.606239, 5.96099
0.719271, 3.37395
-0.947223, 5.20386
-0.0302206, 1.97278
0.205457, 2.26948
0.714349, 3.25254
0.951071, 0.921526
0.818506, 0.163145
0.682856, 5.3507
-0.969089, 1.52784
0.951326, 6.13203
-0.631624, 6.00281
-0.861229, 4.42801
0.0905736, 5.02236
0.605407, 4.80173
0.336619, 3.60915
0.929232, 6.09045
0.817471, 0.891651
-0.105731, 3.96387
-0.557067, 1.73521
-0.603911, 1.81819
0.845273, 0.720333
0.9389, 4.30862
0.887774, 3.88051
-0.455826, 5.45049
0.0805521, 3.9827
-0.619145, 6.1054
-0.418539, 0.161301
0.613035, 1.68357
-0.11894, 1.6146
0.665112, 2.49714
-0.935735, 5.14613
0.635818, 3.86413
-0.294155, 1.33237
0.660362, 2.88643
-0.297797, 0.549337
-0.63194, 3.09484
0.581701, 4.91043
-0.582229, 1.05311
-0.270243, 0.894512
0.795235, 0.464583
0.233956, 4.70995
-0.713298, 3.90808
0.97829, 2.76083
-0.857171, 3.68392
-0.463503, 3.4586
0.865074, 3.73467
0.884168, 0.4317
0.421666, 4.06362
-0.00747551, 4.39507
0.615908, 1.94283
0.386392, 3.38155
0.808995, 1.58691
0.824547, 2.40925
0.386378, 3.191
-0.33422, 5.03445
-0.457226, 2.69033
-0.835927, 5.13125
-0.943083, 4.54599
0.26071, 0.475818
-0.590417, 2.00936
-0.563137, 4.77049
-0.0863998, 5.36654
0.452976, 0.545815
-0.271048, 2.76623
-0.84149, 1.17585
0.362523, 6.03355
0.790841, 5.85737
-0.995666, 0.0298664
0.554209, 2.34064
0.587286, 1.46912
-0.968327, 2.96129
0.337079, 3.49869
0.494693, 1.20884
-0.671121, 0.463286
0.884784, 5.27484
0.70441, 4.49461
0.469683, 4.38597
-0.993804, 6.26811
0.851234, 4.47698
0.885922, 5.65547
-0.0625171, 4.94992
0.251475, 5.33434
0.347541, 2.78312
-0.958059, 0.819817
-0.995303, 1.33842
-0.850261, 3.02363
-0.30308, 5.98767
0.466195, 3.51355
0.470144, 2.37108
-0.204974, 2.72159
-0.700521, 1.22196
-0.315477, 0.248842
0.76958, 5.33652
0.363755, 2.55053
-0.111918, 0.329522
-0.780365, 5.55003
0.404757, 2.49187
-0.0207005, 2.8933
0.887495, 0.602146
0.103815, 1.00126
-0.00491498, 6.04782
-0.397628, 4.36327
0.33865, 1.21485
0.529801, 1.8664
0.874079, 3.31519
-0.74645, 2.00327
0.174705, 2.37482
-0.872932, 3.01906
-0.465309, 2.30435
0.944056, 3.45205
0.937561, 4.52683
0.346338, 2.80727
-0.121237, 5.7884
0.118617, 0.102567
0.348702, 5.65673
0.834023, 4.09633
0.866844, 0.439491
0.345686, 5.87864
-0.0790397, 0.858553
0.108291, 0.0778336
-0.980419, 0.661889
0.596877, 3.97325
-0.695188, 4.37106
-0.63263, 5.69374
-0.317498, 0.736539
0.929713, 2.58137
-0.367387, 1.72373
-0.753028, 3.94179
0.587693, 1.72449
0.776991, 5.51891
0.528887, 2.96536
-0.8493, 4.12361
-0.533849, 0.408182
-0.783802, 0.99362
0.330384, 1.77395
-0.784242, 4.56241
-0.79204, 4.30992
-0.0964171, 4.53336
-0.554467, 1.9509
0.260334, 2.30729
-0.999363, 0.551186
0.905772, 4.45244
0.480131, 4.30802
-0.168301, 4.71559
0.563322, 3.02383
0.320112, 1.34298
0.00702938, 3.63882
0.61435, 1.80359
0.328493, 1.50426
0.206956, 5.47117
-0.242868, 1.56783
0.934047, 5.32513
0.441732, 6.06594
0.968948, 1.58482
-0.760465, 0.362349
0.686071, 4.54768
0.982493, 0.223569
-0.844326, 2.80378
0.0694009, 1.1519
0.585558, 3.47703
0.675284, 3.92375
-0.706853, 0.505351
0.514546, 4.44772
-0.313081, 6.27951
0.515316, 5.77271
-0.0859363, 3.26325
0.337293, 0.961474
-0.45885, 3.36853
-0.168922, 5.39317
-0.594919, 3.71881
0.514505, 1.85658
-0.414467, 4.0514
-0.271057, 1.37493
0.13756, 0.444812
0.571887, 1.63522
-0.574704, 6.16246
-0.957724, 2.78945
0.981825, 6.04621
0.105803, 2.79931
-0.569493, 0.841091
0.756406, 5.98402
0.52859, 1.99966
0.471366, 4.64791
0.814549, 5.16689
-0.227399, 5.43505
-0.982263, 5.13582
0.537934, 5.56492
0.594981, 3.14588
-0.462616, 1.93336
0.753487, 5.69841
-0.282874, 3.89023
0.474629, 3.75519
0.904633, 3.93233
0.974087, 4.5974
0.673836, 4.96876
-0.301516, 0.887885
0.809939, 0.546711
-0.675699, 2.53068
0.238064, 2.6206
-0.134091, 0.549092
-0.985687, 5.5649
-0.0922025, 4.35778
-0.655568, 0.651416
0.95393, 3.02507
0.631405, 5.88623
-0.64244, 1.20899
-0.494118, 4.22745
0.418882, 1.64642
-0.0456742, 1.42792
0.922759, 0.813409
0.901004, 2.51828
0.641934, 0.859136
-0.95758, 2.38426
0.131488, 2.73431
-0.936304, 0.602633
0.188669, 0.581424
-0.218255, 4.94848
-0.910356, 2.39194
-0.0863979, 2.08935
-0.359797, 1.65808
0.66822, 3.74388
-0.445558, 3.93121
0.962662, 2.50276
-0.408779, 4.17757
0.655649, 3.41749
-0.27862, 0.0904735
0.904994, 3.11603
-0.485198, 0.578968
-0.337687, 0.605693
-0.281057, 5.21329
0.520184, 0.0540354
-0.761251, 0.350315
-0.548085, 4.74717
-0.637737, 2.14259
-0.961081, 3.05882
-0.768142, 1.37719
-0.952847, 2.98195
0.848104, 1.66029
0.970327, 2.97981
0.925228, 0.511936
0.140336, 1.3977
-0.120512, 1.15719
0.426884, 5.0872
0.793621, 3.34477
-0.879602, 2.95651
-0.278692, 2.46259
-0.559205, 2.14179
0.898151, 1.86132
-0.806681, 5.33706
0.0160844, 4.31249
0.151479, 6.24632
0.266165, 2.51943
-0.709895, 0.950904
-0.94758, 4.05272
0.213283, 1.28521
0.0450934, 1.51729
-0.407767, 1.55921
0.611155, 3.98846
0.753907, 2.14951
0.501419, 0.35526
0.264932, 3.42226
-0.802512, 0.891991
-0.312286, 1.6469
0.874652, 2.87518
-0.512495, 4.70538
0.986812, 1.49604
-0.461525, 3.3091
-0.431649, 2.02606
-0.0564106, 5.73249
0.701286, 4.5846
0.661108, 2.37004
0.774767, 2.00683
-0.219268, 0.908331
-0.623659, 1.07831
0.397438, 2.59903
0.756324, 2.7661
0.0210663, 3.127
-0.971897, 5.44978
0.0414033, 5.14277
-0.562537, 3.54902
-0.784908, 3.23712
0.159583, 0.599637
-0.690983, 2.79037
-0.47026, 4.71748
0.78297, 0.994388
0.673694, 1.62883
0.991235, 3.03119
0.289901, 2.49894
0.815229, 0.843234
0.0826785, 6.03299
-0.515226, 0.609799
0.978456, 3.78994
0.395437, 5.14385
-0.577954, 5.50724
0.222485, 5.59669
-0.254334, 0.630515
-0.829253, 1.59298
0.873323, 2.95583
0.963996, 1.58984
-0.881328, 6.20429
-0.60712, 2.53311
-0.285194, 0.986121
0.972509, 4.77314
-0.0357174, 0.552493
-0.449334, 3.23151
0.263973, 0.892886
0.531188, 3.4904
-0.671822, 2.2415
0.751476, 5.16898
-0.309067, 5.57334
0.330468, 4.89723
-0.938033, 0.815858
-0.458848, 2.16047
-0.0178664, 0.65794
0.938587, 0.967816
-0.296957, 4.77446
-0.831797, 0.162252
0.819315, 5.3774
-0.945502, 0.363007
-0.375893, 5.53244
0.837181, 0.0420118
0.402934, 0.719786
0.787332, 4.09288
-0.3711, 3.9487
-0.859729, 2.88889
0.663072, 5.70463
0.759965, 6.07277
-0.609598, 5.16126
0.530116, 5.2704
-0.956315, 6.08866
-0.32305, 1.63985
-0.710906, 6.27819
-0.66621, 6.23393
0.520279, 3.88554
0.537503, 0.211462
0.543457, 2.0274
0.0817521, 2.9421
0.852323, 5.07784
0.532137, 0.496934
0.336343, 0.404562
0.905088, 5.23296
0.547086, 3.91102
0.790611, 2.46423
0.233575, 1.71142
-0.625553, 1.51697
-0.570848, 2.94244
-0.0416585, 0.59741
-0.663135, 4.89545
0.859956, 5.15145
-0.708572, 4.49237
0.572133, 3.87504
0.146584, 0.720649
-0.990354, 2.94972
0.62028, 0.458894
-0.485894, 1.21295
-0.946446, 1.491
-0.435636, 5.36336
0.760841, 5.61761
0.96551, 5.06527
0.296447, 4.1026
-0.617212, 2.9165
-0.598151, 5.93313
0.535977, 2.75868
0.629125, 5.53356
-0.401905, 0.770173
-0.647934, 0.2688
0.790718, 2.24038
-0.622416, 1.90389
0.266551, 1.44087
0.0492591, 4.39469
-0.728054, 4.57063
-0.667601, 1.62332
-0.940638, 4.00922
0.517504, 3.80164
-0.310864, 5.83555
0.812672, 5.06476
0.208374, 5.56402
0.18753, 2.58853
0.871085, 4.09601
-0.654524, 5.70092
0.175122, 2.34487
0.941561, 0.309653
-0.619427, 5.89674
-0.426888, 1.09202
-0.910703, 4.50752
0.269412, 5.94662
0.386698, 1.69712
0.349417, 1.98306
0.947266, 4.87948
-0.66746, 2.20783
0.153562, 3.08549
-0.893151, 3.93311
-0.913276, 2.1381
-0.891672, 3.27414
-0.261786, 6.14037
0.719485, 0.623892
-0.334457, 2.6013
0.05313, 0.394398
0.914346, 0.959305
-0.775643, 1.25612
-0.339632, 1.1428
0.996928, 0.783298
-0.711595, 2.76472
-0.90765, 0.266857
-0.896531, 2.28085
0.604337, 5.6998
0.862078, 5.81834
-0.916882, 1.73946
0.263747, 4.58315
-0.25694, 2.97471
-0.461416, 2.00915
-0.274594, 1.89225
0.282802, 0.0712255
-0.960385, 0.853293
-0.559313, 1.45584
0.268171, 3.45044
0.776751, 2.10704
-0.0246185, 1.02378
-0.83736, 0.0764532
0.727992, 0.0889109
-0.983626, 2.27656
-0.954718, 0.953564
0.874864, 5.18752
0.0550853, 0.384976
0.850315, 2.19205
0.169419, 0.606265
0.407416, 4.0168
0.703424, 4.87048
-0.651612, 5.1739
0.686289, 1.88126
0.560179, 2.49269
0.525429, 4.77482
-0.98182, 4.86752
-0.537867, 4.20731
-0.733305, 2.7019
0.634521, 5.11074
0.633712, 1.70429
-0.836585, 4.65596
0.550912, 0.96433
-0.788128, 3.73514
-0.259494, 4.9861
-0.918072, 4.55235
-0.374253, 2.16682
0.542022, 2.87834
-0.888556, 2.09064
-0.228813, 5.45385
-0.845397, 1.15962
-0.783512, 4.06073
0.886314, 5.29415
0.620719, 1.5791
0.381928, 1.19407
0.460665, 3.87169
-0.253242, 1.843
-0.859559, 3.21483
0.472673, 1.09622
0.280508, 3.53534
0.417106, 2.53943
-0.224891, 3.51761
-0.906462, 0.0991237
-0.821941, 0.723178
0.520929, 4.34115
0.202858, 1.11862
0.60146, 5.27716
-0.766779, 4.16338
-0.445414, 1.1624
-0.0412692, 0.575584
0.495596, 5.33939
-0.724395, 2.44694
-0.913588, 3.23692
0.814796, 2.371
-0.0228037, 5.39571
-0.17164, 5.61806
-0.995489, 3.37389
-0.733413, 0.332924
-0.493102, 1.40154
-0.805974, 3.76544
-0.3371, 4.93376
0.357335, 1.45336
0.81575, 2.23948
0.502951, 3.38403
0.529476, 5.4784
0.89575, 4.82805
0.874508, 0.399215
-0.708329, 5.66357
-0.582541, 1.37082
0.903356, 0.119155
-0.609373, 2.30574
0.687211, 3.22899
-0.748614, 0.5412
0.820512, 1.26224
-0.899708, 2.98916
-0.170456, 1.64968
0.596068, 0.34715
-0.693905, 1.92978
-0.556364, 1.80013
-0.565576, 3.37334
-0.372813, 5.08675
0.0619672, 5.66348
0.0444569, 5.48673
0.118543, 5.1159
0.663218, 4.05629
-0.197675, 5.6849
-0.426042, 1.63557
-0.573016, 0.594077
0.112857, 3.17392
0.250811, 3.37877
0.192337, 2.52487
0.251225, 4.48297
-0.134631, 0.917014
0.124122, 3.66143
-0.252743, 3.10935
0.439014, 3.39613
-0.284549, 4.18885
-0.873317, 2.12255
0.805545, 3.33472
0.31565, 4.64318
-0.843467, 1.61195
0.388479, 3.91411
-0.949185, 2.53523
0.131645, 3.23186
0.726018, 3.06611
-0.727626, 2.58673
-0.858843, 5.74095
0.639769, 2.03301
0.816238, 3.3195
-0.970403, 5.74465
0.939677, 0.478267
-0.84376, 5.2282
0.799024, 1.00524
-0.681208, 5.42401
-0.717582, 1.38358
-0.953375, 4.28129
0.458826, 5.57045
-0.640168, 3.11889
0.806308, 0.88002
0.221467, 1.04324
-0.845921, 4.21012
-0.752597, 5.92406
-0.329436, 4.13709
0.654742, 0.194561
0.435496, 1.37881
-0.350731, 5.40808
0.136892, 5.36334
-0.704886, 1.47364
-0.288422, 1.71187
0.367818, 0.546265
-0.251754, 5.07512
0.209373, 4.76304
-0.800968, 4.2083
-0.163554, 4.27007
0.947958, 5.69808
-0.931114, 2.89471
-0.704003, 5.25517
-0.137675, 2.91641
-0.782094, 0.467205
0.798464, 3.65219
0.231334, 3.82634
0.917935, 4.32509
-0.642425, 6.02445
-0.555898, 2.27971
-0.359953, 0.814509
-0.674791, 1.00365
-0.148217, 4.37861
0.497666, 4.14324
0.978188, 3.66724
0.7376, 6.03854
0.811524, 2.07943
-0.435971, 5.83433
0.778097, 2.61389
0.928463, 4.88782
-0.579321, 3.16062
0.16283, 2.43437
-0.978441, 0.171197
0.0819898, 4.58449
-0.779642, 1.77807
-0.762106, 0.770196
-0.52322, 6.11067
0.32518, 1.58226
0.0619965, 5.65734
-0.738563, 3.9588
-0.93797, 0.728393
-0.678201, 4.77292
0.77687, 3.96296
-0.501287, 4.48073
-0.7275, 2.82183
0.364168, 5.18398
-0.00591604, 3.42739
-0.708923, 1.97697
-0.478164, 6.13817
-0.976607, 0.687653
-0.643875, 5.84851
0.453332, 5.60185
-0.0890515, 0.973419
0.0240933, 3.94649
-0.349031, 5.17302
0.55292, 1.07188
-0.488351, 0.707463
-0.718273, 3.30069
-0.0428154, 1.08212
0.723655, 1.09438
-0.818082, 5.08247
-0.946468, 4.86016
0.552068, 5.34745
-0.424797, 2.32008
-0.519813, 4.19608
-0.93746, 2.90046
0.531462, 3.94092
0.802151, 0.737899
0.881195, 1.37444
-0.168825, 3.19851
0.11097, 0.192779
0.975721, 5.53927
0.981604, 0.322207
0.950766, 0.486268
-0.302911, 1.25411
-0.104845, 0.100413
0.203827, 5.07152
0.719531, 5.81697
-0.809795, 4.72541
-0.248456, 3.26253
0.284947, 2.97913
0.848132, 2.16139
0.172927, 5.69842
0.180204, 2.84721
0.530549, 5.9477
-0.318664, 5.35317
-0.0970065, 1.17205
0.501985, 0.802821
0.688225, 3.39232
-0.928287, 5.86899
-0.0356845, 0.156911
-0.350843, 1.39528
0.365956, 2.88268
0.169048, 1.34915
-0.974715, 2.82879
-0.704748, 2.62424
-0.149519, 5.97346
-0.00638667, 0.557871
-0.814629, 4.37548
-0.885319, 3.0602
0.840975, 3.81778
-0.32806, 2.96588
0.819695, 0.339502
-0.918075, 5.20288
0.612033, 3.06269
0.0659563, 5.56968
0.977096, 2.07493
-0.24151, 2.48201
-0.595674, 3.51112
0.0897534, 0.85911
-0.502462, 1.82451
-0.32655, 2.06404
0.981737, 2.96421
0.590792, 1.65476
-0.138698, 2.03507
-0.357993, 2.21267
-0.776167, 6.17057
-0.736443, 3.84904
-0.0478074, 0.0859945
-0.0198358, 6.19816
-0.710796, 3.94564
-0.0752767, 3.36881
0.515766, 2.19071
-0.299815, 3.13313
-0.541735, 4.79308
-0.494398, 6.2508
-0.5156, 1.9113
0.775787, 0.945104
-0.515423, 1.60021
0.349652, 2.77417
0.857461, 4.96115
-0.942971, 5.41238
0.913812, 1.76793
0.198683, 0.664225
-0.747726, 5.70486
0.644202, 2.4908
0.528766, 5.79872
-0.768571, 0.880892
-0.186703, 4.5677
0.752367, 4.32952
-0.884348, 2.37088
-0.328716, 1.45473
0.199606, 1.42302
0.954342, 3.24795
-0.686834, 3.30477
-0.553087, 0.156648
-0.67542, 3.14759
0.848532, 4.33173
-0.763907, 1.71679
0.0818343, 3.11629
0.440625, 4.24573
0.262397, 4.56816
0.890945, 1.30785
0.967383, 5.66239
0.973998, 4.49646
-0.741938, 1.24519
0.678414, 0.690721
-0.183023, 1.68897
0.871278, 4.81922
0.901237, 5.34658
0.0874929, 3.19172
-0.401873, 0.889909
0.841611, 3.01019
0.231963, 5.27451
-0.336783, 4.40864
-0.533541, 2.40344
-0.168954, 5.84557
0.272585, 2.05317
0.0144508, 1.16766
0.216152, 5.20051
-0.660297, 0.773966
-0.0298534, 2.80856
0.558652, 4.08232
0.960738, 2.47327
-0.476694, 4.14727
0.845887, 0.735544
-0.110324, 5.37513
-0.527219, 3.35639
-0.603649, 5.11161
0.805564, 4.88435
-0.856931, 1.59881
0.290234, 0.435858
0.507596, 4.55531
0.994135, 4.15323
-0.0204689, 3.86766
-0.94382, 4.16375
-0.885487, 4.69722
0.973325, 0.700733
0.362667, 2.90799
-0.722882, 0.742729
0.449445, 4.58027
-0.96311, 5.32208
-0.889397, 0.279902
-0.576571, 2.6457
0.909902, 3.53149
-0.883359, 4.17772
-0.507406, 3.07118
0.721555, 4.45228
-0.94244, 2.97789
-0.807453, 4.68386
-0.337218, 5.3304
-0.907795, 4.94785
0.961716, 0.725328
-0.771423, 2.63078
0.828785, 4.64085
0.630597, 3.30862
-0.771679, 3.25234
0.977608, 2.5883
0.923794, 4.05174
0.317367, 6.24294
0.165633, 4.07012
0.423812, 0.00607229
0.164871, 3.16626
0.383218, 3.03496
-0.38911, 4.85983
0.975897, 4.22657
-0.915049, 1.44076
-0.744375, 2.68391
0.263842, 0.951999
0.754433, 3.99234
-0.448529, 6.22142
0.5903, 1.92461
-0.955608, 3.06871
0.364005, 4.06997
0.939352, 2.33589
0.696597, 0.00629439
0.889804, 3.1838
-0.472047, 6.08979
-0.556162, 3.56551
0.965005, 2.39013
0.44918, 2.827
-0.651247, 2.2609
-0.312248, 1.0273
-0.666383, 2.27292
0.806737, 1.21244
-0.235559, 2.25698
0.604185, 6.24409
0.0461272, 4.02271
0.491242, 2.49562
0.214351, 0.757272
0.296432, 0.174993
-0.243722, 5.41794
-0.651785, 5.55237
-0.396688, 4.72984
0.286521, 5.28646
0.911373, 4.00898
0.424724, 2.59695
-0.157567, 2.33941
0.63498, 1.36135
-0.996738, 2.05445
-0.0911451, 4.2228
0.557133, 1.45212
0.279253, 0.738552
0.989404, 1.72888
0.31018, 2.20724
0.537631, 6.1621
0.0437672, 3.75729
-0.941975, 1.81638
-0.950538, 2.1721
-0.143628, 1.03571
0.0350411, 1.25735
0.233684, 5.19378
-0.582419, 0.55955
0.931186, 4.58119
0.867524, 6.06918
0.986926, 1.72615
0.0877494, 4.01478
0.740033, 4.70148
0.953047, 1.50053
-0.200721, 4.52125
-0.991695, 3.9673
0.252527, 1.67164
0.996185, 2.45324
-0.766151, 3.2022
-0.593986, 2.52935
-0.919108, 5.8029
0.732256, 0.20122
-0.917008, 2.35701
0.400716, 5.69009
0.980629, 3.53337
-0.900131, 0.810427
-0.372544, 1.66273
-0.814283, 2.36225
0.97373, 1.11679
0.519022, 2.56879
0.570791, 2.70058
-0.169518, 0.0616009
-0.371097, 4.33773
-0.852143, 6.25999
-0.453921, 4.97193
0.54857, 0.861099
0.675152, 0.576867
-0.814803, 5.01355
0.243036, 0.758453
-0.571865, 0.420422
-0.178092, 0.675493
0.170241, 0.349714
-0.917824, 3.90239
-0.0817862, 5.49711
0.631401, 5.7747
0.511691, 5.53352
0.874796, 1.76262
-0.094669, 5.98209
0.156768, 3.98962
-0.370045, 6.27007
-0.0738033, 5.30328
0.506011, 4.85848
0.840088, 1.0343
0.53505, 6.0766
0.678567, 0.454793
-0.71611, 0.346505
0.152398, 5.74131
0.457008, 0.764583
0.818249, 2.76588
0.861335, 4.92896
0.877368, 5.871
-0.245995, 0.245429
-0.922922, 1.01986
-0.474894, 2.50754
0.158093, 3.17099
-0.0455757, 3.47679
-0.354213, 0.804024
-0.851406, 5.96231
0.790239, 5.0996
-0.423392, 2.71659
-0.705336, 5.48723
0.937263, 4.92553
-0.347035, 0.578399
-0.184997, 3.02171
-0.418916, 0.480518
-0.420944, 0.88038
0.999728, 0.570292
0.926563, 5.57007
-0.205221, 3.95743
-0.643916, 2.78586
0.487136, 1.63858
0.825723, 4.54431
-0.851262, 1.21409
0.765097, 2.82391
-0.350986, 3.79123
-0.984496, 0.669043
0.523401, 5.27458
0.719004, 5.80736
-0.734522, 2.51193
0.64761, 2.84772
-0.100002, 0.0347089
-0.728161, 3.51629
0.818022, 2.4027
0.706207, 3.62654
0.176586, 5.49276
0.769009, 1.60595
-0.348055, 5.68472
-0.570096, 6.07497
-0.0455707, 1.62227
0.706402, 6.03783
0.590309, 0.608509
0.309218, 4.52556
0.411281, 0.35188
0.488773, 1.98821
-0.840618, 6.1833
0.282048, 5.90289
-0.940201, 3.47865
0.147476, 4.28179
0.839245, 5.11415
0.686496, 4.12991
0.503206, 0.11083
-0.462673, 1.34186
0.543543, 3.04581
-0.213797, 2.18005
-0.786169, 2.31333
-0.609937, 2.7644
0.999138, 0.257296
0.804071, 3.9049
-0.109551, 1.83236
0.966715, 1.15549
-0.326272, 3.82415
0.91891, 2.58724
0.859449, 2.43219
0.136179, 4.50074
0.384391, 3.5292
0.18492, 4.37476
-0.519881, 0.667324
-0.187237, 0.246668
-0.535679, 0.476278
-0.457236, 0.529439
0.809008, 0.97951
-0.669607, 1.47518
-0.337141, 3.64227
-0.347809, 5.11904
0.957436, 5.33072
0.766656, 1.58641
0.395461, 1.83496
-0.689128, 1.38411
-0.116694, 3.2562
0.683589, 3.21394
0.29911, 2.78677
0.0847446, 2.66269
0.951852, 0.22345
-0.339026, 0.111958
0.681711, 1.39556
-0.711224, 1.19203
0.51445, 1.15787
0.736437, 4.98142
0.293201, 4.8138
-0.906241, 0.0441439
0.594718, 5.69854
-0.886287, 3.21743
0.0876902, 1.50855
-0.00211812, 1.99867
0.0803264, 0.108701
0.43715, 5.74004
0.248999, 4.9793
0.241373, 1.46101
0.356853, 4.48624
-0.151122, 2.5164
0.391553, 2.58934
-0.0488474, 3.14946
0.796658, 2.35833
-0.864561, 2.41886
-0.633731, 2.16496
-0.388293, 4.07624
0.622078, 3.15976
-0.511622, 5.62675
0.463621, 0.287927
0.540252, 2.44496
0.0970682, 0.519645
-0.482147, 0.698751
0.939898, 3.33756
0.835905, 3.59723
0.589359, 6.25913
-0.952861, 4.57204
0.877757, 6.20329
0.555479, 1.55302
0.924171, 0.19953
0.494133, 0.854097
0.84436, 3.58765
-0.882174, 5.93014
-0.352019, 3.71187
0.606548, 5.7109
-0.529319, 3.92862
0.125937, 3.20949
0.30158, 4.70725
0.231145, 4.54252
-0.767379, 1.67178
-0.211773, 5.06322
-0.830689, 2.5415
0.559917, 0.53495
-0.491397, 0.51428
-0.79097, 2.64957
-0.745763, 1.2965
-0.114526, 4.4626
0.76601, 3.38288
-0.733693, 5.36381
-0.259921, 3.29917
0.900235, 2.53067
0.831256, 3.79969
0.115361, 6.13503
-0.143256, 1.56818
0.764731, 4.98382
0.0709777, 2.60907
-0.76818, 5.5249
0.687262, 5.06768
-0.0282573, 2.81524
-0.324446, 0.347388
-0.602079, 1.91621
0.969778, 3.06012
0.974454, 2.28721
0.472965, 1.19792
0.372585, 2.76181
-0.541297, 0.985443
-0.643197, 2.27215
0.164608, 3.64316
0.0442818, 5.93146
-0.871452, 4.2876
0.0599009, 0.35516
0.275613, 3.57723
-0.539685, 1.47052
0.785506, 2.69651
0.0574334, 6.00089
-0.0654553, 3.42496
-0.902136, 2.22265
0.427303, 4.90062
0.72881, 2.593
-0.00451259, 1.10211
0.894257, 3.99409
0.281519, 5.97782
0.916071, 2.66021
0.445017, 4.46674
0.621591, 4.53955
0.0954892, 2.16232
0.508069, 2.30444
-0.363228, 0.391421
-0.978381, 5.55309
0.749263, 4.78014
-0.455635, 2.18019
-0.661825, 2.72864
-0.553492, 0.0254465
-0.945044, 4.60639
-0.537005, 4.05823
0.159515, 2.4236
0.509169, 4.16281
-0.525469, 3.85524
-0.17138, 0.321039
-0.49115, 0.771123
-0.522886, 5.10352
0.471021, 1.84034
-0.531804, 1.04965
0.384759, 4.64003
-0.81214, 0.873209
0.928664, 3.46504
0.446781, 0.048698
0.380728, 3.26931
0.586973, 1.01021
-0.616457, 3.15975
0.269396, 3.13251
-0.752074, 3.60258
0.820729, 1.27221
-0.936651, 5.56419
-0.903812, 1.7643
-0.598143, 1.34827
-0.1651, 1.15266
-0.0963879, 5.00827
-0.742444, 5.75385
-0.603905, 5.72187
0.0675119, 3.06569
-0.0733228, 4.54278
-0.83395, 2.39487
0.684974, 5.34764
0.311939, 2.34058
0.465135, 4.43198
-0.551541, 3.30812
-0.312985, 0.586006
0.954598, 0.335849
0.642908, 1.84373
0.975616, 2.68543
-0.561468, 6.19651
-0.750978, 1.55656
-0.873475, 1.53409
-0.970249, 3.82188
0.878, 4.75869
-0.944392, 4.34179
0.531638, 3.7434
-0.845264, 3.8824
-0.135404, 4.65503
0.0824294, 0.645099
-0.712017, 4.01986
0.575867, 6.24474
0.249725, 1.28108
0.959246, 1.51722
-0.58394, 3.41569
-0.351985, 1.30906
0.0409354, 1.0531
-0.317844, 0.146725
-0.00251003, 2.41284
0.0842994, 5.0769
-0.144529, 1.78016
-0.308769, 4.00083
0.701368, 4.98157
-0.719395, 1.424
-0.99328, 2.6591
0.751621, 5.11555
-0.743101, 5.6146
-0.528042, 4.30876
0.821394, 3.68899
-0.397818, 0.0464479
0.25091, 5.81324
0.00582376, 3.7115
0.884741, 0.507088
0.442314, 5.28078
-0.945721, 3.18259
-0.0238958, 4.47434
-0.310263, 4.00635
-0.975378, 2.29603
-0.216325, 2.54135
-0.595678, 3.41248
-0.67539, 5.87433
0.165726, 1.66327
0.695976, 5.84903
-0.136283, 5.00843
-0.308149, 2.22395
-0.688121, 5.61292
-0.649962, 6.11296
0.824291, 0.811829
-0.91459, 4.88246
-0.874109, 0.198811
-0.582024, 6.27103
0.937181, 5.55295
0.364914, 2.66028
0.90207, 0.148999
-0.453585, 2.92452
-0.82905, 1.95393
-0.356341, 1.4933
-0.124656, 0.00634731
0.587543, 3.99978
0.579763, 2.11258
0.686899, 1.83208
-0.866858, 5.57034
0.0244645, 2.45152
0.647096, 2.96376
0.392916, 4.31248
0.535487, 2.83032
0.326074, 3.14123
-0.50684, 4.82311
0.70204, 5.9925
0.546291, 5.84253
0.577386, 5.68635
0.628732, 0.726405
-0.993233, 1.12243
-0.89823, 3.59003
-0.86422, 0.546839
0.219086, 4.54011
0.26929, 0.991354
-0.868665, 0.123096
-0.486272, 1.30357
0.32918, 5.62439
0.670452, 3.66994
0.773606, 0.978783
-0.475143, 5.35917
-0.852322, 2.07859
-0.730437, 5.52229
-0.926027, 1.15803
-0.637896, 6.01821
0.978974, 5.77426
-0.664032, 1.79538
-0.700317, 1.83188
0.558707, 4.00175
0.0124389, 1.29357
0.46074, 0.537776
-0.387654, 0.255435
-0.875458, 2.96206
-0.806087, 2.78375
-0.925204, 0.911185
-0.026256, 3.5506
0.74215, 6.09404
0.276039, 0.108441
-0.975575, 2.765
0.852457, 1.02794
-0.148619, 6.24384
0.19297, 0.960965
-0.064442, 1.21133
-0.638266, 1.2724
0.58438, 1.63697
0.667591, 4.6876
-0.951222, 3.88766
0.603918, 4.58944
-0.363262, 1.62838
-0.632777, 1.23361
-0.247288, 5.99075
0.868788, 3.77591
0.615832, 4.01006
0.71654, 5.24044
0.644897, 3.96159
-0.846186, 5.35847
-0.41197, 0.858508
0.563813, 4.13568
0.60419, 2.96275
-0.370742, 5.79615
-0.35172, 4.99884
0.814649, 1.1789
-0.935178, 3.8483
0.36951, 0.109771
-0.801707, 5.65327
-0.404928, 6.2306
-0.463035, 4.05473
-0.84871, 2.99737
0.642703, 2.90657
0.707148, 4.01131
0.4696, 4.86692
0.0565219, 0.784574
-0.247251, 6.03421
0.863755, 3.64288
-0.267218, 2.57516
-0.76666, 1.15979
0.105248, 1.33618
-0.930816, 3.24017
-0.605887, 0.959047
0.726324, 2.40149
0.875564, 0.247741
-0.779962, 3.26301
0.620028, 2.55988
-0.962384, 0.644541
-0.590973, 6.0262
0.189222, 2.94221
0.97808, 0.621612
0.105876, 4.19513
-0.207814, 5.55749
0.591622, 4.21802
-0.353864, 5.57229
0.953785, 1.36212
0.634731, 0.0354599
-0.545707, 0.597366
-0.294518, 0.977872
-0.385504, 2.54607
0.172692, 3.78891
-0.703525, 3.46199
-0.58897, 0.0282903
0.489444, 4.61441
-0.639912, 2.2378
-0.0941317, 3.58345
-0.0654361, 5.21323
0.534224, 5.57413
0.0227616, 3.14607
-0.886315, 4.66724
-0.30737, 3.95721
-0.793699, 0.965251
-0.542185, 0.507536
-0.941672, 0.0976343
0.748416, 5.82949
0.880762, 0.482315
-0.0450701, 0.369696
0.285343, 3.01767
0.364184, 4.85274
0.0185675, 1.02206
-0.721753, 2.29942
0.9109, 3.69514
-0.357593, 2.47247
0.656766, 3.82398
0.988909, 2.81908
-0.688275, 0.486684
0.411761, 0.0854756
0.919252, 2.85609
-0.546287, 5.23123
-0.392804, 1.87153
0.727928, 5.15946
0.384106, 5.16258
-0.18067, 0.715068
-0.800705, 5.6912
0.816644, 5.17534
0.377754, 3.15746
0.493233, 3.14982
0.190428, 3.8805
0.650157, 1.51377
-0.572676, 5.0411
-0.208551, 5.14635
-0.909883, 1.22697
0.0646195, 5.68925
-0.781001, 0.98356
0.967392, 3.49662
0.378822, 3.98275
0.889615, 0.059334
0.0909207, 5.7215
-0.0221493, 2.08209
0.715467, 0.832343
-0.907382, 3.61103
0.431415, 2.00242
0.501025, 2.49428
0.45825, 0.109575
0.840365, 5.67732
0.691577, 4.60261
-0.855289, 5.17568
-0.423467, 0.374623
-0.715833, 0.548437
0.91401, 2.49824
0.652082, 2.44643
0.96168, 6.1784
-0.889719, 1.28899
0.089887, 2.85549
-0.901474, 5.9829
0.521116, 4.62355
-0.853504, 0.386487
-0.373396, 0.869846
0.77002, 3.55608
-0.952137, 5.76397
0.708937, 4.7253
0.239174, 5.17491
0.945929, 6.17079
0.5536, 0.193246
-0.302793, 0.816047
0.623429, 3.65876
0.927145, 3.32072
-0.870896, 0.767555
0.552738, 4.00843
0.950176, 3.13834
-0.299073, 3.43629
-0.846644, 1.84675
-0.445421, 3.14535
0.125627, 4.1381
0.000525105, 0.129416
0.753271, 1.81738
0.948514, 2.51037
0.0684511, 0.706885
0.798409, 1.13623
-0.976242, 0.286624
0.793763, 2.16496
-0.558963, 1.37123
-0.203077, 4.84658
-0.086848, 2.40938
-0.935142, 4.99145
-0.36597, 1.77794
-0.537849, 4.86474
0.963275, 4.1202
0.862374, 5.7347
0.665381, 5.41236
0.905477, 4.34576
0.534596, 3.63723
0.449064, 3.37192
-0.782613, 0.0265164
-0.739423, 3.91811
0.870405, 4.5148
0.565775, 2.50141
0.916288, 0.129728
-0.767906, 6.02231
-0.147682, 0.829131
-0.190418, 1.13223
-0.0881435, 5.36831
0.731048, 6.25054
0.49272, 3.5428
0.208637, 2.68489
0.215093, 2.14492
0.606122, 1.44456
0.464416, 1.45914
-0.666326, 2.92368
0.752924, 3.23822
0.894609, 3.60321
-0.703935, 5.69028
-0.0773982, 5.65295
0.702455, 6.01887
0.653997, 5.43342
0.347169, 5.84411
0.396584, 0.114076
-0.175938, 0.985303
0.933369, 5.20102
0.934986, 1.15021
0.499717, 4.86357
-0.775195, 1.67946
-0.679605, 6.22033
0.0706105, 0.679509
0.814125, 0.702572
-0.758938, 4.64411
-0.0401935, 1.03011
0.636267, 2.71268
-0.894175, 4.45231
0.453539, 0.230342
-0.903258, 2.33452
0.0162631, 1.47333
-0.680908, 1.38853
-0.668236, 3.78134
0.991065, 2.42365
0.688091, 0.796332
0.249361, 4.62982
0.233123, 2.30809
-0.728645, 5.29627
-0.287118, 0.808248
0.290923, 3.19296
0.15342, 3.96348
0.0677393, 0.603381
-0.921322, 5.29736
-0.995059, 0.0386444
-0.18145, 3.18808
-0.845621, 6.17131
0.696202, 3.39986
0.247008, 4.19997
0.632899, 0.972414
-0.771813, 0.901457
-0.258925, 0.634467
0.833307, 2.13189
-0.351217, 4.21314
-0.868503, 5.54987
-0.600673, 0.0399184
0.981197, 4.7627
-0.920176, 4.95023
-0.0539614, 6.2107
-0.292318, 1.76349
-0.238218, 0.414449
0.923421, 6.02584
0.947517, 2.87264
-0.363391, 1.46873
0.084976, 4.54212
-0.800269, 4.91712
0.416411, 4.69034
-0.0793382, 1.74441
0.742746, 4.48717
0.509171, 2.33941
-0.127135, 5.3598
0.526309, 4.98007
0.50708, 0.515896
0.738104, 0.85698
-0.435364, 1.24577
-0.460748, 2.30971
0.476895, 2.2859
0.8961, 6.22764
0.577078, 2.45241
-0.00358873, 0.124064
-0.64675, 3.01743
-0.58971, 1.53273
0.0208574, 5.31878
-0.933061, 2.24752
-0.135444, 1.71377
0.919704, 2.40003
0.871406, 2.99665
-0.532067, 0.217592
0.162139, 1.39092
-0.559332, 1.92256
0.0295169, 0.266481
-0.551051, 1.36065
-0.869712, 6.2634
-0.520623, 1.48547
-0.473892, 5.76417
-0.969052, 5.76526
0.22382, 4.03791
-0.712778, 2.42613
0.487755, 0.951908
-0.103893, 1.94962
-0.36299, 2.09336
-0.298307, 5.22349
0.546853, 5.02194
0.235751, 0.517479
-0.273505, 4.51406
0.811031, 1.04272
-0.753804, 0.0461349
0.164268, 1.36158
-0.610677, 2.39332
-0.565064, 0.742844
-0.366339, 5.69343
-0.823469, 3.79975
0.300033, 2.1988
-0.0989211, 2.29561
-0.539193, 3.49792
0.535082, 1.62128
0.628836, 1.37217
0.28306, 4.7233
-0.584589, 3.34381
-0.579025, 2.90329
-0.124494, 1.36016
-0.680496, 2.36886
-0.929706, 5.0141
-0.800618, 3.01914
-0.323923, 0.661209
0.0893539, 2.61497
-0.169852, 5.21436
-0.720659, 2.97276
-0.150892, 2.74828
-0.162536, 0.665548
0.57697, 1.3829
0.0886986, 5.80737
0.948815, 5.42436
-0.508581, 6.04097
0.376202, 2.25798
0.587418, 0.168539
0.376096, 1.18657
0.946303, 4.45127
0.223899, 3.70638
-0.804468, 3.70379
0.695791, 0.927027
0.864958, 1.52108
-0.113638, 2.77341
-0.54454, 2.02934
0.365453, 0.967749
-0.820248, 5.97345
-0.807409, 4.59158
-0.290742, 4.21093
-0.032113, 4.21177
0.0830681, 0.0180305
0.811447, 3.91415
-0.353638, 2.15487
-0.7582, 2.98658
0.039127, 4.24376
-0.33241, 2.19667
-0.974231, 2.27983
0.571106, 2.11146
-0.652906, 1.54779
-0.1419, 0.114338
-0.268246, 5.19739
0.198117, 5.80906
0.741164, 5.96341
-0.376276, 3.20167
-0.605288, 2.06986
0.879115, 5.00787
-0.00947573, 0.61733
-0.253363, 1.10742
0.0899283, 0.597461
0.545928, 0.0171784
-0.308865, 3.64011
0.0624954, 3.17282
0.231486, 3.50897
0.273469, 2.34751
0.0180044, 1.59591
-0.617996, 3.19409
0.988239, 4.57265
-0.650541, 0.912735
0.901333, 3.2262
0.15665, 5.97364
0.724716, 1.20061
0.656543, 0.320588
-0.49499, 4.89918
-0.876539, 5.33835
0.980324, 4.23124
0.507303, 3.86121
0.494008, 6.03125
0.83684, 0.964747
0.814429, 3.3842
-0.982637, 1.41091
0.130014, 0.155247
-0.704975, 5.54803
-0.856998, 1.05582
0.807534, 5.13456
-0.404131, 0.470778
-0.673708, 1.17151
-0.853616, 1.03435
0.0229781, 1.84191
-0.885704, 0.150489
0.112777, 5.68398
0.68776, 4.48722
-0.889292, 3.76898
0.335726, 0.467323
-0.517319, 1.46072
-0.869377, 4.30475
0.344106, 4.52526
-0.0163058, 6.14417
0.27435, 0.619093
0.624902, 0.312545
-0.0939873, 0.730256
-0.955613, 4.43577
-0.362659, 4.63451
-0.34077, 3.27721
-0.0460698, 4.24171
-0.380027, 5.90943
-0.792565, 5.62296
0.932236, 5.71783
-0.496233, 5.41346
0.822463, 2.84697
0.484494, 2.97524
-0.0235441, 0.434673
0.916274, 4.98851
0.508749, 2.76582
-0.45687, 1.28843
0.760203, 5.79759
0.443188, 0.10793
0.754292, 1.23558
-0.365486, 4.21299
0.191587, 3.40475
-0.790998, 4.91321
0.357551, 0.579537
0.303104, 0.401427
0.816983, 0.740675
-0.712548, 5.97608
-0.681412, 4.72006
-0.659176, 5.25316
-0.858374, 5.42574
-0.432428, 0.724946
-0.454305, 4.19437
0.234611, 1.14224
-0.269012, 0.831071
0.759143, 3.98129
-0.481123, 0.681141
-0.187628, 3.34346
0.762565, 0.981938
0.987744, 1.86252
-0.230974, 5.4177
-0.175595, 3.83822
0.24981, 3.04828
-0.206358, 3.85511
0.760405, 2.40039
0.0344657, 0.346672
0.54118, 4.58732
-0.988786, 6.19179
0.888824, 5.8843
0.619118, 3.30467
-0.695616, 4.41265
-0.60804, 1.96584
-0.822259, 2.2322
-0.602972, 5.43421
0.60236, 2.56258
-0.868492, 3.71457
0.908561, 5.99887
0.939617, 4.25649
0.393284, 2.97319
-0.260923, 5.04446
0.558136, 2.23994
-0.880956, 3.14534
0.619359, 4.81097
0.597989, 5.19302
0.67416, 1.92289
-0.621305, 3.81213
-0.17909, 2.48107
0.767133, 2.49357
0.190905, 4.23448
-0.669086, 1.62129
-0.364767, 5.21168
-0.926344, 0.182196
-0.748975, 3.12746
-0.874488, 1.73891
-0.301733, 0.849739
0.953184, 2.2463
0.431425, 3.77333
-0.941039, 4.01676
-0.111898, 5.3951
-0.630425, 3.74373
-0.549437, 2.1673
-0.00471435, 0.616968
0.624662, 3.32952
-0.968963, 3.2238
-0.671986, 4.88111
0.449184, 3.41605
-0.669118, 5.02725
0.421171, 4.41764
-0.226079, 2.28257
0.837244, 0.982877
-0.346744, 0.0799372
0.458918, 5.99147
0.72087, 5.32583
-0.476902, 1.2117
0.418248, 2.59875
0.384421, 3.75484
0.80718, 4.334
0.610291, 3.03693
0.0375948, 4.35919
-0.358498, 4.98401
0.114778, 0.588451
-0.880103, 5.38537
-0.00570535, 1.91675
0.664275, 2.75921
-0.234846, 2.8888
-0.143216, 5.74788
0.143445, 1.5176
-0.955986, 5.59836
0.124076, 5.39153
-0.503538, 4.13276
0.260449, 4.77156
-0.878947, 2.37756
-0.251273, 5.24882
0.093773, 2.78453
0.0700643, 5.74437
0.43997, 4.32515
-0.716064, 2.80195
0.757447, 0.867599
0.86849, 3.58077
0.687111, 2.53843
-0.698116, 5.21665
-0.714042, 1.21668
-0.88669, 0.878355
-0.747459, 5.5116
0.543686, 0.424632
0.870445, 5.86677
0.834384, 2.01709
-0.92583, 4.58726
-0.393024, 3.59796
0.217924, 0.169754
-0.270068, 2.18692
-0.560449, 0.251915
0.611592, 0.421368
-0.727819, 5.48162
0.657002, 5.17005
-0.535123, 4.90775
0.835904, 4.85581
0.656997, 6.22737
0.953245, 3.71169
-0.480804, 6.19038
-0.926251, 1.64987
0.779387, 1.60694
0.754969, 1.85406
-0.761245, 0.197035
-0.547329, 0.659292
0.120233, 2.13595
0.786884, 5.39791
-0.966389, 1.99882
0.859416, 4.74118
-0.644795, 2.98731
-0.553991, 5.02117
-0.822412, 2.53271
0.809456, 6.14221
0.596234, 1.63309
0.305884, 4.4303
0.81896, 1.57771
0.0892325, 1.78427
0.545476, 4.89313
-0.650341, 3.06803
0.465652, 1.08711
0.0493593, 1.74033
-0.708321, 5.44675
-0.504963, 1.0436
0.966182, 2.9916
-0.913651, 1.01246
-0.493621, 0.829772
0.051099, 5.0756
0.2182, 4.50618
-0.935341, 1.34821
-0.985722, 0.049469
-0.83103, 1.98412
0.460006, 3.19105
0.98813, 3.63443
0.590708, 6.26519
-0.256089, 3.06284
-0.485366, 4.3705
0.708325, 5.27348
-0.0977871, 2.68076
0.279525, 0.120926
0.362443, 3.33526
0.270918, 2.62304
-0.338253, 1.12241
0.28004, 4.9921
0.40982, 0.993029
0.469539, 0.530993
-0.165501, 0.554851
0.695169, 2.73587
0.266366, 5.81586
0.929063, 4.25896
-0.832089, 0.881481
-0.706204, 3.34503
-0.291781, 3.39426
0.231649, 2.68618
-0.572084, 2.82952
0.369678, 1.67387
0.311693, 1.95788
0.725382, 2.80148
-0.300912, 4.6992
-0.989549, 2.17452
0.0325026, 2.97692
0.964346, 5.9252
-0.859528, 1.83819
-0.369538, 4.90264
-0.24547, 6.17234
-0.360516, 3.46021
0.757652, 5.33843
0.972375, 1.00853
-0.894743, 4.74936
0.092116, 4.26672
-0.277372, 4.51483
0.835335, 3.17039
-0.825595, 1.77319
0.642421, 5.63266
0.662104, 3.04728
-0.848312, 0.351742
-0.252088, 4.33349
-0.879066, 5.593
-0.0111897, 5.02041
-0.929487, 5.26323
-0.394394, 3.49317
-0.507238, 5.19821
0.12404, 2.3293
-0.85853, 5.00278
0.405514, 2.42678
0.879143, 2.52354
-0.425281, 2.19237
-0.76689, 4.91922
-0.983761, 2.5786
0.715976, 5.98153
0.215212, 1.42311
-0.646644, 0.432204
-0.270963, 0.953098
-0.501658, 4.3298
-0.713342, 2.75361
-0.633642, 1.84627
0.774874, 6.10228
0.608264, 2.44759
0.76532, 1.98045
-0.769776, 4.38868
-0.914751, 0.93127
-0.78569, 4.00661
-0.0544584, 2.05844
0.609724, 2.59779
0.638778, 0.03355
-0.741778, 1.8777
-0.541545, 0.919669
0.67005, 1.26176
0.594694, 1.60224
-0.135928, 0.822784
0.130231, 2.08693
0.452677, 1.67204
0.8958, 1.60368
0.945298, 2.96838
0.936943, 1.59266
-0.683809, 6.07551
-0.787001, 3.9041
-0.374967, 3.80072
-0.0415417, 5.32438
-0.922617, 2.34425
0.690396, 5.02276
-0.786624, 3.78125
0.393658, 2.76671
0.00266046, 0.0981874
0.853467, 0.646635
-0.266673, 2.05623
0.650939, 5.87439
-0.975894, 0.136335
-0.0228346, 2.91909
-0.720958, 3.21188
0.874324, 3.71493
-0.203305, 3.20069
0.547429, 0.548782
0.824706, 5.28445
-0.594083, 5.00041
0.474988, 2.61766
0.977175, 4.02849
0.736767, 4.14929
-0.943078, 1.49912
0.741598, 2.61976
-0.101239, 2.20696
-0.397446, 2.25991
0.714781, 1.94532
-0.952385, 2.49802
-0.248564, 3.23821
0.985327, 0.128323
-0.122514, 5.06951
-0.00875458, 2.11114
-0.0239996, 5.5492
-0.579402, 5.87829
0.850678, 2.7338
0.681599, 4.43936
-0.0335035, 3.95559
-0.897794, 1.55826
0.313903, 4.2274
-0.327653, 1.58673
-0.95688, 2.05634
-0.388705, 2.98053
0.664387, 4.84649
-0.474792, 1.05325
0.501217, 5.974
-0.141965, 2.06308
0.914703, 5.93229
-0.498134, 5.36445
-0.786686, 0.222266
-0.0479699, 2.82598
-0.0829133, 1.45114
0.840827, 5.51694
0.572741, 1.75376
0.737766, 6.27839
0.537119, 4.49411
-0.641077, 4.15312
-0.716323, 0.802694
-0.549162, 5.33922
-0.951887, 1.03492
-0.0497077, 0.861543
0.295162, 3.18387
0.339001, 1.01591
0.825354, 0.389344
-0.793528, 3.97985
-0.311001, 4.36893
0.807791, 2.89328
-0.920332, 1.75503
-0.517885, 4.91513
0.731028, 1.11646
0.746098, 4.29323
-0.622738, 1.44794
0.138451, 0.0465998
0.178779, 6.13996
0.976233, 2.91778
-0.489695, 3.96055
0.979939, 2.27904
-0.00285575, 4.56448
-0.122945, 1.39518
0.429659, 4.55059
-0.85422, 0.8239
-0.801736, 1.31929
0.847753, 1.47245
-0.22229, 3.30415
0.953117, 1.25352
-0.922831, 6.19785
-0.405469, 1.56433
-0.610433, 3.27946
0.448705, 0.911595
-0.740773, 3.68067
0.864791, 2.48097
-0.651004, 3.62989
0.81762, 1.80649
0.111687, 5.93043
-0.73762, 0.959266
-0.175438, 6.25031
0.687049, 3.01919
-0.77728, 4.17207
0.582002, 0.225422
-0.295778, 2.14898
0.307119, 3.03779
0.455937, 4.40948
-0.387514, 4.05123
-0.770281, 3.74486
-0.505897, 0.91367
0.344373, 5.69571
0.856176, 5.92007
0.854017, 5.72093
0.556358, 2.26398
0.587972, 2.87102
-0.718096, 0.657379
0.0209188, 3.41275
0.712663, 5.5584
-0.532396, 5.84008
-0.300089, 1.48789
0.692512, 1.94654
0.421793, 5.82385
-0.986595, 3.06552
-0.266083, 1.54455
0.463558, 5.10295
0.780314, 0.793735
-0.0326202, 0.787424
-0.770441, 4.06832
-0.266527, 2.22143
-0.877904, 5.79525
0.124154, 3.01726
-0.824171, 0.774516
-0.0874476, 4.90796
0.889125, 4.28558
0.912578, 1.90153
0.840368, 5.70721
0.996913, 3.3045
-0.429574, 0.340568
0.479855, 0.0383256
-0.61498, 0.0925245
-0.00558692, 5.08131
-0.434156, 0.118863
0.358176, 1.3685
-0.167116, 0.410953
-0.915162, 4.77735
-0.716582, 0.44306
-0.289369, 4.06663
-0.713457, 1.382
-0.421092, 1.34624
0.259707, 4.72021
-0.572689, 1.59364
-0.938144, 6.04197
0.724269, 2.9764
-0.624134, 4.07022
0.440197, 2.47577
-0.759422, 0.121431
-0.640278, 3.106
-0.514963, 5.83184
-0.869954, 2.66995
0.735795, 5.03888
0.522462, 3.42126
-0.292463, 4.78892
0.630977, 4.68327
0.868217, 1.68399
0.0036804, 6.22004
-0.776882, 3.96811
0.174052, 2.11243
-0.632469, 6.26491
-0.320478, 2.24786
0.790694, 4.51207
-0.757964, 5.39117
-0.242046, 3.777
0.933355, 4.55683
-0.736422, 3.64849
-0.178877, 2.40321
-0.773623, 6.18002
-0.790298, 0.227701
-0.018517, 4.93483
0.289306, 5.20552
-0.409439, 5.16882
0.228943, 1.30215
-0.0406645, 1.64335
-0.921834, 0.557961
-0.973395, 0.153099
0.685266, 0.180987
-0.968512, 1.65788
0.707313, 3.26259
0.354012, 2.89036
-0.876634, 5.276
0.868823, 3.90296
-0.803482, 0.629646
0.228754, 3.87996
-0.540715, 0.233357
-0.816392, 4.11457
-0.0321894, 1.28844
0.596481, 0.734455
-0.750637, 5.30315
0.263714, 3.21932
0.959975, 5.59007
-0.947702, 1.63088
0.790308, 3.1989
0.0154737, 4.06136
-0.49767, 1.29011
0.92889, 4.05828
0.953298, 4.26984
-0.162304, 0.510642
-0.398102, 5.82568
0.436812, 1.52018
-0.078617, 4.08421
-0.435218, 2.46987
0.864707, 1.70865
0.499411, 1.03416
0.844775, 3.13182
-0.0829667, 4.80238
-0.275592, 4.39206
-0.610683, 5.61834
-0.201253, 5.15748
0.767363, 6.09316
-0.875986, 2.39904
0.865306, 1.74252
-0.906449, 0.200594
0.414398, 3.19198
-0.0865119, 5.76323
-0.595324, 6.14059
0.108226, 6.08093
0.927551, 0.554905
0.826322, 1.4104
0.584512, 4.87631
-0.884132, 4.24438
0.301519, 1.88362
-0.851855, 2.34518
-0.137907, 2.08119
-0.675955, 1.88762
0.84351, 2.72896
0.208914, 5.59587
0.854053, 3.61873
0.165252, 1.24685
-0.231556, 5.00236
0.131211, 4.92371
0.336725, 3.01944
-0.914441, 5.48932
-0.582506, 3.70962
-0.443103, 1.21299
-0.228419, 2.68305
0.29643, 1.04169
-0.85547, 2.99091
-0.272739, 3.15733
0.448654, 5.89604
0.90357, 3.19594
0.0966914, 4.62593
-0.850301, 5.12666
0.794676, 3.1208
-0.81819, 2.4379
-0.0764786, 3.00795
0.221697, 2.38848
-0.0480095, 4.87619
0.37977, 0.548471
-0.906231, 5.28633
0.96396, 4.19565
0.404972, 0.445067
-0.821103, 3.42517
0.309887, 2.13658
-0.290866, 2.1446
-0.595523, 2.10311
0.327937, 5.88539
-0.661943, 4.93749
-0.858452, 4.75467
-0.348657, 4.42561
-0.853627, 5.06061
-0.24603, 0.616451
0.483134, 1.35817
0.441509, 0.443557
-0.531453, 1.66088
0.430916, 5.04451
-0.81163, 0.795868
0.0994356, 6.14863
0.609252, 5.34201
0.533441, 3.38544
-0.768735, 1.13519
-0.439136, 6.20893
-0.960204, 0.0708278
0.520768, 3.60857
0.159149, 1.98306
-0.207936, 1.21715
-0.469189, 3.74571
0.368392, 0.227816
0.169402, 5.8651
0.412458, 0.506265
0.637415, 2.62838
0.434015, 2.50003
0.877376, 5.49785
0.340529, 5.00494
0.0757147, 1.55564
-0.858938, 5.97754
-0.148037, 2.67255
-0.601748, 1.51636
0.0874806, 3.89207
-0.799558, 5.45958
-0.961139, 2.59026
0.754851, 4.66916
0.934765, 1.41809
0.657631, 1.80808
0.0943591, 1.05938
-0.983227, 3.1731
0.232176, 0.380656
-0.877904, 4.44663
-0.531707, 5.97187
-0.842816, 4.66522
-0.710428, 0.454267
-0.435315, 5.01343
-0.927574, 5.10412
-0.711834, 1.47674
-0.338048, 3.48982
-0.0430769, 1.60807
0.369434, 4.46495
0.535341, 6.0374
-0.848952, 4.03217
-0.966535, 1.18984
-0.572373, 4.85188
0.421025, 5.82525
0.147811, 5.1286
-0.802049, 4.41382
-0.467429, 2.89218
0.598084, 2.04325
-0.780532, 5.48398
0.563533, 3.49026
0.783872, 4.32461
0.345558, 2.8563
0.347823, 4.19215
0.480701, 2.90284
-0.901509, 2.5515
0.682575, 2.69021
-0.69506, 1.69184
-0.963185, 2.98795
-0.69424, 3.3527
-0.104566, 3.87763
-0.762071, 3.16829
-0.0053954, 0.716354
-0.960089, 0.84984
0.444394, 4.39775
-0.0415515, 5.81801
-0.533477, 2.48545
-0.597898, 4.20344
-0.985066, 3.58119
-0.508228, 4.19931
-0.624111, 3.89884
0.688655, 0.960485
-0.648999, 3.54083
0.48694, 1.45491
-0.993498, 1.2938
0.346719, 1.45781
0.949457, 4.27876
-0.0042813, 0.947016
0.675608, 1.92404
0.175323, 0.00584844
-0.565663, 6.03869
0.489169, 3.9613
-0.548928, 0.191853
0.426257, 1.76825
0.131362, 6.22753
0.0804734, 4.22469
-0.484901, 3.49694
-0.540384, 2.89536
0.986037, 2.74335
-0.975158, 0.485645
0.625976, 1.86458
0.832055, 5.92414
-0.975629, 4.00843
-0.661114, 2.01811
-0.137197, 3.45891
-0.984867, 0.749394
0.932485, 0.836336
-0.681528, 0.778284
0.743174, 1.0217
-0.953965, 1.38093
0.352927, 3.187
0.0620371, 5.68071
-0.180616, 5.11449
-0.262897, 1.3307
0.390745, 0.621703
0.580524, 1.22414
0.91628, 6.0106
0.960279, 3.56822
-0.86833, 5.89037
0.438525, 4.16324
0.67767, 0.929195
0.926654, 1.28039
-0.248896, 4.15658
0.300115, 0.399856
0.765899, 3.75635
0.964635, 4.15947
0.646951, 4.70618
0.735355, 3.53986
0.767411, 5.69161
-0.600054, 5.10295
0.022379, 5.42412
-0.46328, 5.43279
-0.861444, 1.29091
0.081152, 5.40069
0.894925, 5.12171
-0.396387, 4.0878
0.0423963, 2.57554
0.428333, 1.5388
0.0831278, 3.56253
-0.783316, 2.20497
0.886079, 6.03855
-0.482539, 6.10085
0.213715, 1.2035
0.754826, 6.02733
-0.453922, 3.8119
0.78495, 2.48515
-0.172987, 1.94892
-0.681195, 3.3312
0.143133, 0.0963041
-0.790827, 4.29521
-0.954778, 5.53591
-0.233257, 1.21675
-0.906869, 4.75298
-0.0856915, 5.94192
-0.451568, 5.15793
-0.498523, 6.11961
-0.967066, 0.25471
-0.42671, 1.80437
-0.163751, 4.63309
-0.844983, 1.194
-0.277473, 1.82522
0.618457, 6.06915
0.210549, 0.0814317
-0.934835, 2.36319
0.263507, 1.48183
0.35992, 0.0465168
0.94244, 1.39263
0.711724, 3.40148
0.216955, 6.02831
-0.764667, 4.18715
-0.256767, 1.36084
-0.0973309, 4.2941
0.729361, 5.58233
-0.994377, 0.446457
-0.0187246, 2.27004
-0.637652, 2.12705
0.709591, 5.65757
0.698922, 5.15221
-0.320595, 2.06763
-0.404819, 1.7556
0.804584, 0.359745
0.996666, 5.78139
0.848153, 0.293672
-0.744672, 2.74249
0.930854, 3.6117
0.644823, 4.78203
-0.801768, 0.564849
-0.910417, 0.473167
0.585705, 3.78784
0.245467, 4.20286
-0.976478, 4.17305
-0.23519, 5.95667
0.735508, 0.786855
-0.672524, 5.21202
-0.501058, 4.63996
0.540618, 1.43137
-0.982737, 4.67478
0.0112308, 1.37224
0.551935, 5.9778
-0.969005, 3.09943
0.80958, 4.14547
-0.123667, 1.95888
-0.290341, 2.44443
-0.868526, 4.17686
0.597197, 1.29182
-0.439294, 4.78586
-0.501464, 4.13608
-0.884136, 0.317066
-0.711911, 5.06639
0.587611, 3.60189
-0.704575, 1.05609
-0.810839, 2.96192
0.903475, 4.65919
0.922551, 2.85537
0.242621, 1.02014
-0.787136, 5.70514
0.550653, 2.09265
-0.594094, 2.45802
-0.835891, 5.89123
-0.885485, 6.05823
-0.534592, 0.955742
0.159755, 3.43478
0.137313, 0.682512
0.345049, 3.8938
-0.285614, 1.3164
-0.894757, 5.57134
0.516019, 0.0444525
-0.58763, 2.78481
-0.197879, 1.53957
0.30135, 1.01012
-0.775702, 5.41479
-0.570399, 5.51573
0.992068, 2.63167
-0.518303, 3.47118
0.957962, 1.69014
-0.523098, 2.73106
0.445835, 4.23538
-0.885513, 3.4779
0.776165, 5.5216
-0.425689, 4.63786
0.322265, 0.0782623
0.723644, 4.42777
-0.0956849, 3.59698
-0.722674, 4.7854
-0.589944, 0.890346
-0.563355, 0.832548
0.0198375, 3.46034
0.13712, 2.58508
-0.440222, 1.60115
0.241676, 2.63826
0.583914, 3.18687
0.0959251, 0.70748
0.735697, 5.29204
-0.930338, 0.224525
0.213691, 6.25961
0.684744, 0.963621
0.105809, 2.6292
0.561278, 1.87951
0.645052, 3.26615
0.954071, 2.28311
0.662141, 1.62343
-0.0769158, 1.08173
-0.459104, 1.48758
0.0406626, 0.905933
0.532116, 0.724626
0.712469, 4.92572
-0.966672, 3.77245
-0.203168, 3.79252
0.073487, 4.59013
-0.621548, 2.13842
-0.203263, 0.303779
-0.269954, 0.716196
-0.181673, 2.69445
-0.97181, 1.02952
-0.327191, 4.11278
0.697977, 3.83892
0.786413, 4.00975
-0.444419, 1.43193
0.557418, 3.17393
0.734788, 5.69833
-0.721725, 1.03634
-0.366015, 0.0899245
0.943476, 4.77732
0.710913, 5.30104
-0.980603, 2.66078
0.737489, 1.0889
-0.105993, 4.74186
0.991705, 3.61981
-0.951644, 5.5916
0.847277, 4.61732
0.312228, 0.676161
-0.952809, 0.35439
0.298206, 4.5025
-0.386112, 4.03457
0.308493, 4.46342
-0.612561, 3.20907
0.698026, 3.08645
-0.324803, 0.0024673
0.161853, 5.93085
0.821313, 3.88368
-0.54974, 1.67676
0.532984, 1.10168
-0.423139, 2.04857
-0.61386, 0.982728
0.987428, 1.36549
-0.852761, 0.570884
-0.520452, 3.48197
-0.845354, 1.79337
-0.237285, 0.460247
-0.836422, 2.81179
0.181958, 5.13921
0.224887, 2.33202
0.861036, 0.97319
0.703906, 0.998842
0.0894051, 5.21646
0.91666, 5.92305
0.864291, 3.593
-0.163739, 5.80261
-0.618303, 5.42976
-0.110028, 5.66065
-0.662448, 1.7409
-0.343334, 0.382544
-0.955892, 5.9559
0.997819, 3.38205
-0.0974195, 1.00205
-0.32278, 2.40469
0.00248933, 1.73668
-0.148855, 0.188235
0.732794, 3.77252
0.606904, 6.22088
-0.539056, 4.87242
-0.481876, 0.987535
-0.853009, 4.12586
-0.763466, 1.91095
0.0624833, 5.77283
-0.78756, 3.58306
-0.423812, 1.84589
-0.700116, 0.375033
0.334183, 3.83743
-0.459926, 1.14297
0.334183, 4.10541
0.818679, 1.59556
0.666619, 0.900612
-0.639099, 1.5067
-0.462632, 0.865025
-0.38941, 2.69107
0.643544, 0.752486
-0.13263, 5.75976
-0.511291, 0.786571
0.533222, 6.02129
-0.248793, 5.22958
-0.787899, 4.99041
0.468121, 0.586477
0.503482, 0.756409
-0.573132, 2.21893
0.152673, 2.08772
-0.878427, 6.19048
-0.1011, 3.86905
-0.503073, 4.51702
-0.298744, 2.24871
-0.765903, 0.9026
0.843428, 2.33529
0.877129, 5.08414
0.735309, 1.91062
-0.443417, 3.76461
0.698709, 0.815872
0.447607, 0.656504
0.345007, 2.04042
0.245473, 4.91411
-0.798243, 0.492818
0.779951, 5.5728
0.575478, 1.71147
0.963334, 6.16902
0.642403, 4.30881
-0.0213543, 0.29738
-0.572672, 4.2136
0.336616, 4.00677
0.488849, 2.25893
-0.761073, 0.559355
-0.688385, 4.56757
0.809812, 6.226
0.50785, 3.36847
0.431128, 4.48198
-0.296104, 2.62661
0.0079943, 3.43501
-0.598266, 4.77474
-0.00900454, 3.77409
-0.846047, 3.60939
0.000475732, 4.39886
0.520021, 1.95849
0.683658, 2.01863
0.0602707, 1.82455
0.674525, 3.52553
0.270405, 3.57855
0.099182, 2.69952
-0.40351, 5.74201
0.413853, 1.34105
0.819239, 1.83117
0.731368, 4.04676
-0.179985, 3.80998
0.408918, 2.90457
-0.808758, 0.163646
0.578583, 1.46475
-0.0139736, 5.0075
0.337472, 1.43942
0.93986, 1.51992
-0.910143, 5.8883
-0.914178, 6.22196
0.187997, 5.15464
0.786263, 5.70204
-0.915753, 4.41131
-0.84355, 5.58432
-0.994869, 3.37724
0.949046, 0.51198
0.375272, 4.89259
-0.923289, 5.31553
0.930416, 1.05662
-0.574913, 4.50506
-0.534018, 4.97901
-0.0491431, 0.0527824
0.272126, 4.1455
-0.674203, 5.66113
0.43913, 4.26777
-0.383064, 5.34558
0.894116, 0.876005
-0.26976, 5.88976
-0.0393964, 5.45911
-0.471817, 2.39416
0.550925, 2.03424
0.527854, 1.52165
-0.426892, 5.41793
0.662003, 4.92217
0.0339661, 5.82237
0.633927, 0.415986
0.261669, 2.65502
0.900764, 5.40135
0.836398, 2.29922
0.770004, 3.84423
0.348916, 4.78793
0.810589, 4.8009
-0.311657, 0.872238
-0.765861, 2.96446
0.861708, 0.660929
-0.649629, 6.12393
-0.766439, 2.40493
0.283821, 2.08578
-0.852662, 6.07288
-0.655485, 1.07154
-0.727101, 2.35261
0.673385, 4.18518
-0.988468, 5.4108
-0.302406, 3.59765
-0.477652, 0.949946
0.606654, 3.725
0.593575, 3.17168
0.590405, 1.46513
0.910393, 0.817525
-0.315677, 1.84602
-0.115074, 1.93664
-0.844176, 4.64724
-0.575363, 6.27167
-0.396721, 6.08267
-0.0651997, 5.281
0.953581, 5.88608
0.681766, 3.91008
-0.255904, 3.73991
0.794444, 0.16046
-0.722517, 1.81521
0.293284, 5.34833
0.582445, 3.19578
0.943016, 1.36463
0.621501, 1.34308
-0.711, 3.94821
0.766841, 3.60283
0.455482, 4.34202
0.784929, 2.37237
-0.743736, 5.41615
0.73748, 4.15777
0.152315, 6.01703
0.624527, 1.27555
-0.0153047, 4.05793
-0.903837, 2.92365
0.970389, 6.00105
0.69444, 4.96886
0.946261, 3.10673
-0.476432, 2.25754
0.378147, 5.75331
0.937893, 3.28457
-0.214524, 1.52563
0.280722, 1.39364
-0.439641, 2.91719
0.151881, 2.01816
-0.613225, 3.79907
-0.121873, 1.41761
0.938527, 1.41444
-0.406811, 0.667504
0.746948, 1.01772
0.869845, 2.28576
-0.697591, 3.61477
-0.793007, 4.19373
-0.913605, 5.55081
0.827967, 5.81142
-0.798398, 2.61892
0.32777, 3.19073
-0.608725, 5.00288
0.92198, 2.49593
0.8034, 5.63686
0.742727, 2.06226
0.842231, 0.861004
0.207775, 5.70343
-0.274455, 1.91762
0.35386, 2.21282
-0.633716, 3.88535
0.26923, 2.19975
-0.842771, 2.42357
0.841966, 4.14575
-0.404594, 2.03983
-0.851225, 5.51791
0.87515, 3.02844
0.828585, 5.03014
-0.898923, 0.210546
0.994759, 4.00641
-0.972563, 1.30379
-0.937308, 2.95108
-0.148654, 0.469909
0.621693, 0.89643
0.697513, 6.14574
-0.753014, 4.19693
-0.775164, 1.60299
0.114755, 2.76797
-0.470761, 4.68818
0.440522, 4.39377
0.714662, 2.88094
0.905229, 0.987975
-0.899902, 0.407106
0.959044, 4.06926
-0.660264, 2.60007
0.883483, 5.41377
0.25679, 4.01521
0.589552, 4.67017
-0.99572, 4.58197
0.413388, 2.45188
-0.141556, 5.46143
-0.330454, 1.99622
-0.0600218, 3.43686
-0.468033, 4.4422
0.203836, 1.39028
-0.604111, 5.13641
0.462815, 2.69757
-0.0372074, 2.43902
0.915335, 1.55158
0.699929, 0.710017
0.784271, 2.45674
0.813662, 2.90251
-0.992247, 0.579122
0.244298, 4.69432
-0.309873, 5.5993
-0.927344, 4.18718
0.608514, 1.76887
0.275782, 3.86939
0.850327, 5.02522
-0.213166, 5.18261
-0.752913, 1.403
-0.902447, 0.0357208
0.799536, 0.839951
-0.854273, 3.01257
0.728885, 3.20677
-0.664066, 4.32344
-0.8742, 2.19815
0.207443, 0.973473
0.989482, 0.379775
-0.973705, 6.17174
-0.595355, 0.285956
-0.458098, 2.3511
-0.776122, 0.755671
0.618476, 4.41633
-0.837171, 4.70509
-0.851082, 1.27369
0.411833, 4.88175
-0.247399, 0.468887
-0.174364, 2.91441
-0.789616, 5.67074
-0.202788, 2.02436
0.902743, 2.80927
0.867827, 1.17799
0.542004, 5.03896
0.977725, 2.25106
-0.84779, 3.96077
0.871712, 6.02965
-0.857529, 4.08923
0.88724, 2.20655
-0.920185, 5.47808
-0.929932, 0.399889
-0.988658, 2.43675
0.0641395, 4.02993
0.565887, 4.30604
-0.923153, 4.55728
0.364243, 4.7885
-0.75822, 6.21745
-0.411281, 1.75698
-0.561091, 5.18033
-0.7424, 2.70383
-0.702705, 4.47426
-0.635486, 4.17095
-0.342658, 3.74044
-0.867682, 4.06328
-0.632752, 1.8985
0.436168, 5.77868
-0.33218, 2.55484
-0.585153, 0.20161
-0.879633, 0.270265
-0.130021, 5.70153
0.484288, 5.31742
0.707791, 0.555876
-0.767957, 0.398949
0.634844, 2.81228
-0.841277, 4.25612
-0.146036, 2.57677
0.950325, 3.9377
-0.998927, 5.84139
-0.347811, 0.918216
-0.377104, 4.70331
-0.640772, 4.10898
0.741305, 4.2617
-0.0181729, 4.86128
0.709859, 3.69338
-0.660297, 1.38323
-0.905409, 5.12251
0.839734, 4.23362
-0.685407, 3.27836
-0.285738, 5.43064
-0.97261, 1.89744
0.818455, 1.22048
-0.645882, 4.87224
0.261765, 4.59165
-0.893879, 1.96582
0.792426, 4.70888
-0.856093, 1.92181
-0.755911, 5.1999
0.959814, 6.28171
-0.719412, 6.0692
-0.791123, 5.1713
0.818743, 4.46363
-0.127565, 1.26388
0.711251, 3.35021
0.383257, 5.46249
-0.294959, 1.72973
-0.453554, 2.43129
-0.762281, 2.13583
-0.183627, 3.31301
-0.616207, 3.42591
-0.952132, 4.85787
0.45226, 1.75507
0.470748, 4.444
0.698083, 3.42518
0.888934, 6.05307
-0.898326, 3.25155
0.982298, 0.946905
0.388663, 3.33368
-0.0950668, 5.90516
-0.78498, 6.06819
0.513259, 3.67511
0.703401, 1.01963
-0.423618, 5.83592
0.919166, 2.32202
0.738374, 3.32028
0.365564, 5.34264
0.242355, 5.5861
0.443797, 1.79891
-0.54796, 3.70657
0.91162, 5.64367
0.0584227, 1.23714
-0.637782, 0.528922
-0.770294, 1.66934
0.94721, 3.02113
0.718172, 0.16325
-0.291942, 4.34229
0.29548, 4.7108
0.406208, 2.6776
0.928348, 4.67165
0.601632, 3.8811
0.482347, 1.04498
0.818614, 1.21978
0.437675, 4.48404
0.10396, 1.81013
-0.857531, 5.22342
-0.967499, 5.02086
-0.334527, 0.392148
-0.61842, 4.37855
0.624669, 0.0298916
-0.839204, 3.01057
-0.0581676, 5.59847
-0.543281, 3.75257
-0.603946, 5.19781
0.457658, 5.30737
0.906207, 5.22356
-0.515932, 2.71489
0.200281, 2.70796
0.538043, 2.10305
-0.452023, 1.62444
0.402511, 4.161
-0.677903, 2.14557
-0.316147, 0.744896
0.915333, 4.37681
0.574196, 1.12719
-0.648578, 2.95591
-0.705199, 5.60681
0.269069, 5.09083
0.798053, 3.83378
-0.78549, 4.06366
-0.290563, 4.70296
0.936581, 3.23837
-0.122714, 2.75749
0.410688, 1.55497
0.750038, 4.7541
-0.613196, 0.639609
0.430708, 1.91475
-0.282997, 4.11151
0.329557, 3.57175
-0.900351, 2.2301
0.381205, 0.219819
0.918825, 0.214924
0.814296, 2.13135
-0.290994, 2.41984
-0.225804, 0.536213
0.539307, 5.74648
-0.368373, 5.43692
0.945798, 2.08546
-0.478613, 3.0537
-0.21331, 6.04871
0.867594, 3.76467
-0.430674, 3.02578
-0.570863, 4.0044
-0.120784, 3.75806
0.660674, 5.54087
0.796783, 0.780308
0.547294, 4.17476
0.0831946, 4.94983
0.534425, 0.373812
0.525109, 0.484804
-0.00478658, 3.27201
0.890715, 1.20898
-0.989393, 5.36114
0.200299, 2.79306
0.690065, 2.28603
-0.656452, 3.78816
0.588867, 4.79302
-0.70721, 0.761075
0.572811, 1.9751
-0.831767, 1.50573
-0.561016, 1.09009
0.218442, 2.76457
0.192153, 0.477243
0.662139, 1.094
-0.72345, 3.09932
0.332977, 1.85652
-0.620284, 5.70586
0.26856, 5.28343
-0.0390265, 2.76008
-0.305044, 4.86891
0.917451, 2.10314
0.274173, 3.16133
0.189468, 0.686222
-0.849782, 6.02053
0.32717, 5.38095
0.240903, 2.93549
0.496274, 3.74243
0.863801, 2.29554
0.623417, 3.60601
-0.0838711, 5.05724
-0.84614, 5.762
-0.562966, 3.40839
-0.650482, 0.0827115
-0.344218, 0.489593
-0.78988, 2.35041
0.842816, 5.9081
0.899948, 3.07653
-0.76155, 2.43545
-0.937872, 2.84321
0.281127, 3.33753
-0.927764, 3.09463
0.607841, 4.83505
0.642652, 5.45556
-0.516062, 6.10099
-0.966608, 5.90404
-0.147092, 5.61841
-0.20935, 1.59253
-0.0545979, 1.89313
-0.7995, 1.5617
0.126822, 2.00222
0.708862, 4.36388
-0.32653, 5.69721
-0.570343, 1.2134
0.973606, 0.548996
0.64279, 0.110083
0.638041, 0.167831
0.0740617, 1.48066
-0.415788, 2.37675
0.326767, 4.56112
-0.422164, 5.89347
-0.78834, 4.80153
-0.311946, 5.2345
-0.511102, 1.31947
0.0717369, 5.99243
-0.790201, 2.53398
-0.790698, 3.83577
0.799135, 4.81099
-0.913405, 3.59154
0.661107, 4.63406
-0.568005, 5.90106
0.887715, 0.0116378
0.858686, 5.02518
-0.753151, 0.439664
0.13768, 5.88865
-0.2413, 1.46026
-0.630156, 0.135096
0.308513, 2.62557
0.842634, 2.2468
-0.987054, 4.5376
-0.636374, 4.55363
0.212556, 3.9408
-0.379565, 1.01088
0.275172, 1.67848
0.615825, 1.58964
-0.924153, 1.97473
-0.753664, 3.3931
-0.602858, 1.86681
-0.388849, 1.87435
-0.0528944, 3.89238
-0.549919, 2.97775
-0.3102, 1.21598
0.65232, 3.75292
0.928968, 0.0105777
0.988862, 1.42514
0.334688, 1.79502
0.516219, 2.87223
0.953771, 0.959312
-0.713914, 4.55213
-0.408802, 1.14855
-0.152884, 2.26898
0.182553, 4.21436
-0.502862, 2.14719
-0.333324, 2.42805
0.955325, 5.58342
0.873066, 5.28048
-0.834694, 4.92697
-0.349953, 5.79168
0.837025, 3.35592
-0.734924, 5.01353
-0.329783, 2.5365
0.320567, 0.616354
-0.976471, 4.25495
-0.511455, 1.49167
0.910438, 5.93677
-0.953458, 4.96332
0.498844, 0.663103
-0.959095, 5.39662
-0.714385, 1.27789
0.859739, 4.22642
-0.970162, 4.42522
0.867514, 2.95613
0.957628, 0.718584
0.430885, 0.156034
-0.36863, 6.07043
0.980002, 5.34188
-0.995308, 0.117488
-0.241089, 1.85052
0.661114, 4.03611
0.931872, 0.528589
-0.727282, 3.57329
-0.985238, 2.37646
0.747372, 3.34248
-0.958207, 0.468017
-0.47435, 3.47499
0.929012, 2.37079
0.533285, 5.25998
-0.424965, 0.0824244
0.403701, 4.02462
-0.0109773, 3.27624
-0.686507, 2.6006
0.275382, 5.60889
0.843784, 2.17751
-0.896755, 3.56184
0.00506785, 2.81542
-0.137574, 2.132
-0.770783, 3.6791
0.175841, 4.68454
0.0787195, 2.22012
0.874448, 3.0091
-0.440694, 2.05307
0.192674, 4.6234
0.290676, 3.35625
-0.00965224, 1.04588
0.275148, 2.9588
0.868889, 3.44177
0.648586, 3.39892
-0.151305, 2.09388
-0.843815, 4.71321
-0.0449271, 3.94694
0.0331089, 5.71969
0.140393, 2.98621
0.306233, 2.43424
-0.96756, 2.4747
0.0579882, 3.76732
0.114015, 2.29513
-0.836266, 1.47343
-0.25731, 3.84469
0.911261, 2.82078
0.996668, 5.17025
0.346574, 5.13042
0.373079, 4.44454
0.622955, 0.876287
0.197278, 4.12844
-0.826689, 4.66028
0.021617, 0.741211
-0.690112, 4.44191
-0.903975, 2.33628
-0.378041, 2.40483
0.977248, 3.063
-0.162516, 5.65551
-0.656828, 3.86816
0.823004, 1.49525
-0.564624, 4.32571
0.12267, 0.990411
-0.441499, 3.67023
0.423197, 4.65837
0.92454, 5.78235
-0.0861856, 1.91
0.962477, 5.93319
-0.514668, 5.00918
0.557185, 3.91005
0.99582, 0.37579
-0.0946837, 1.07516
0.955638, 2.81063
-0.786021, 0.750451
0.990037, 0.104107
0.350628, 2.51158
0.360742, 3.34713
-0.945078, 5.49707
0.710773, 2.5648
0.685282, 3.11256
-0.896754, 5.91704
-0.982342, 5.515
-0.267397, 2.89998
0.98709, 4.80014
0.872923, 0.367365
-0.149625, 3.46119
-0.891933, 0.00461428
-0.107734, 6.05747
0.87486, 3.33545
-0.766978, 2.25224
-0.0810242, 1.53119
0.954259, 1.40267
0.276489, 2.15488
-0.622733, 0.806252
0.994651, 1.49736
-0.586145, 5.59807
-0.380806, 5.23339
-0.940273, 0.0186834
0.91119, 3.33096
-0.518965, 1.354
-0.895784, 3.42211
-0.345988, 4.01096
-0.389009, 2.83844
0.249409, 0.0601435
-0.555867, 5.79495
-0.27246, 0.262251
0.361111, 4.59084
-0.0100423, 4.45776
-0.433161, 3.45685
-0.633211, 3.0173
-0.111757, 4.30725
0.351716, 3.1419
0.131229, 6.23888
-0.100382, 1.5491
-0.390789, 4.67434
-0.00842536, 5.68534
-0.113853, 2.08909
-0.468956, 0.323288
-0.245919, 5.39987
0.784904, 5.8733
-0.616844, 5.44234
0.728397, 2.74434
0.139515, 1.22831
-0.754464, 0.0684585
0.073173, 0.586182
0.707331, 0.419388
0.0648382, 4.94951
-0.303681, 2.84127
-0.155698, 4.79342
0.977057, 1.95873
-0.66961, 2.32428
-0.365812, 4.25204
-0.705912, 2.78979
0.8409, 5.15235
-0.54023, 4.33509
0.999029, 3.62928
0.488545, 2.61081
-0.6962, 1.62623
0.973407, 1.38746
0.558865, 5.0501
0.63527, 2.72647
0.478134, 3.00979
0.767278, 3.5629
0.262812, 0.565849
0.990656, 3.62547
-0.524442, 2.04005
-0.609103, 1.51915
0.998055, 4.90038
-0.15536, 5.09401
-0.677677, 1.89149
0.476919, 0.363866
-0.747912, 4.57779
-0.925109, 2.30865
-0.93494, 1.13317
-0.631842, 5.56912
-0.167557, 5.88198
0.582852, 0.323612
0.790923, 5.02209
-0.252496, 5.88569
0.99145, 3.07813
-0.101071, 5.21502
0.662832, 4.93564
-0.901087, 2.52713
0.458322, 1.19597
0.51009, 3.61115
0.0592507, 3.31767
0.97902, 0.109724
0.552782, 1.54095
0.165119, 5.54439
-0.769714, 1.35958
0.379476, 3.43557
0.224844, 3.51975
-0.943108, 0.992445
0.484837, 2.63112
0.406552, 5.82489
0.647263, 4.71301
0.61603, 2.87349
0.735804, 5.26169
0.0539536, 5.14651
0.114417, 4.41202
0.850942, 4.36251
0.675639, 5.42952
-0.923562, 2.12698
0.241887, 0.816664
0.216246, 2.18711
0.858121, 4.98573
-0.361088, 1.24087
-0.550135, 1.29478
-0.773767, 0.978934
-0.830585, 0.316519
0.740568, 3.45753
0.431051, 1.93727
-0.905932, 3.66947
0.710251, 4.71494
0.715584, 4.42412
0.305636, 6.24516
0.91503, 2.40113
-0.402594, 1.33592
0.976602, 0.919262
0.219917, 2.38441
0.728065, 1.31822
-0.0882592, 5.10272
0.64044, 5.99021
0.754087, 1.9043
0.647078, 2.79827
-0.365927, 1.48462
0.946077, 6.03702
0.769086, 5.97903
-0.243269, 4.34003
0.287874, 1.58668
0.912469, 2.25284
-0.285945, 4.20365
0.281748, 1.3675
0.933666, 6.11067
0.966202, 3.70332
0.65566, 1.54148
-0.973372, 6.18027
-0.582995, 3.31442
0.227573, 1.35113
0.796352, 4.82534
-0.761688, 2.20811
0.00776278, 1.76588
-0.545518, 4.93666
0.0823914, 0.864753
-0.386822, 2.53435
0.24831, 2.4037
0.629343, 1.29658
-0.861216, 1.60244
0.0261315, 0.6761
-0.92268, 4.98595
0.309088, 0.89937
0.748026, 1.84053
0.899955, 1.99769
-0.971321, 3.3613
0.980024, 1.07906
-0.51667, 2.27684
-0.121095, 3.0327
-0.971934, 3.48447
0.0395693, 0.099776
0.689648, 2.403
0.0169043, 2.87526
-0.687477, 6.21206
-0.733391, 4.8928
-0.962192, 5.69335
-0.261309, 2.72786
0.71419, 4.47861
-0.629635, 5.27595
0.479099, 1.46017
0.22903, 3.39098
0.976741, 5.43493
0.611496, 6.20386
0.926762, 3.25721
-0.217273, 5.44723
-0.72057, 1.88077
0.0553962, 1.06066
0.929506, 1.90534
-0.851326, 4.97328
0.616941, 6.13728
-0.375841, 0.540818
0.53965, 0.974801
-0.0914009, 2.4095
0.202113, 0.811653
-0.0231799, 0.280247
-0.153105, 4.8142
-0.596673, 4.36912
0.926763, 4.96063
-0.328823, 2.23226
-0.00622613, 0.407399
-0.365381, 5.76828
-0.572877, 6.05678
0.976589, 4.12382
0.84899, 5.3192
-0.739006, 1.63257
0.799397, 4.79586
-0.877462, 5.85079
-0.209769, 0.0391095
-0.867888, 4.90756
0.894156, 4.2493
-0.34081, 2.619
0.846891, 2.02548
-0.321556, 5.42768
0.565939, 0.280313
-0.466521, 6.22431
-0.344987, 3.59101
0.583602, 5.30556
-0.255399, 2.73968
0.30485, 5.53379
-0.234481, 6.203
-0.875132, 2.51565
-0.896972, 5.12949
0.225678, 5.69852
-0.916198, 3.39615
-0.64157, 1.34928
0.682776, 3.34484
-0.384711, 4.23977
-0.778633, 5.69101
0.102755, 4.98122
-0.3945, 2.95715
0.371644, 1.06208
-0.191862, 3.13705
-0.865748, 4.6522
-0.589787, 5.60098
-0.926279, 5.20837
-0.259533, 0.231586
0.683844, 3.48714
-0.501778, 5.12935
-0.131562, 1.28013
-0.784117, 4.25135
0.821978, 1.39423
-0.163087, 0.39883
-0.39491, 5.51953
0.383797, 6.20924
-0.472936, 3.06612
-0.124191, 1.86278
-0.130508, 6.08363
0.1501, 0.412472
0.420951, 5.72887
-0.765513, 3.82613
0.636213, 3.20371
-0.691966, 2.03903
-0.925743, 0.120931
0.680752, 4.42609
0.652298, 3.59877
-0.0645848, 3.96303
-0.502719, 2.89619
0.404624, 5.38733
-0.758136, 0.186064
0.781911, 5.42712
0.678004, 4.99688
-0.988458, 0.697748
-0.699984, 5.32335
0.97189, 2.11166
0.977621, 0.557109
-0.448875, 4.12623
-0.877469, 5.4676
0.689054, 0.44511
0.385967, 2.43369
0.827908, 1.17263
0.0505336, 0.437153
-0.767721, 2.54321
0.550651, 0.879187
-0.832818, 2.32688
-0.610107, 4.47163
-0.0835134, 3.27015
0.327129, 4.43778
0.61917, 3.7679
0.68178, 1.96665
0.885593, 3.84904
0.352913, 5.40405
-0.669881, 5.97529
0.41189, 2.58036
0.962314, 4.12457
0.843258, 3.11391
0.838044, 1.86884
0.882534, 0.909408
0.589181, 4.33361
-0.682048, 0.289545
-0.635784, 5.39513
-0.702869, 1.86788
-0.99005, 4.56489
0.720503, 3.88339
0.904603, 3.79484
-0.629461, 3.56491
-0.0617669, 1.06088
-0.825439, 0.732852
-0.387938, 0.623214
-0.637187, 2.45268
-0.186387, 2.84615
0.716654, 5.38102
0.390016, 1.17896
-0.701139, 5.80954
-0.546203, 3.70055
0.330774, 0.793083
-0.964051, 2.91769
-0.572326, 4.52479
0.335021, 2.70767
-0.945417, 0.712849
0.364022, 5.45829
-0.885084, 1.39243
-0.218773, 2.19692
0.736918, 6.25287
0.891822, 1.30624
0.431946, 5.19202
0.120624, 2.48836
-0.893985, 1.64227
0.936822, 3.41802
0.63733, 4.14907
-0.532003, 3.89579
0.252264, 1.06333
0.946969, 0.666562
-0.124466, 3.31986
-0.665738, 1.68273
0.645754, 5.98191
0.0102052, 3.73299
0.558774, 4.61259
0.119051, 1.48941
-0.48653, 1.11669
-0.84075, 2.67502
-0.250893, 1.37639
-0.559386, 5.07652
-0.00745455, 0.777026
-0.455509, 0.00323278
-0.161908, 4.99431
0.964218, 2.40699
0.806197, 3.28178
-0.231387, 4.15371
-0.851676, 4.29642
0.805783, 3.02804
-0.404257, 0.997831
0.945295, 4.90411
-0.807374, 2.66659
0.901365, 3.52423
0.829844, 1.26526
0.151367, 1.43534
0.69967, 0.281722
-0.467179, 6.05784
-0.564873, 5.24736
0.558374, 0.298217
-0.499484, 4.10933
0.454733, 4.41026
0.373799, 2.31193
-0.0307678, 1.9991
0.975594, 1.1441
-0.319387, 3.6221
0.681389, 5.58965
-0.236196, 2.97474
0.581369, 5.46934
0.729002, 2.73684
-0.860362, 4.51402
0.453656, 0.63364
-0.638764, 3.87551
-0.546739, 5.66537
-0.435694, 3.95716
0.446403, 4.63265
0.68727, 0.190007
-0.699978, 0.904941
0.00181318, 5.81964
0.340748, 0.457339
0.265712, 2.52185
0.0627952, 5.15723
-0.45981, 2.55407
0.678002, 4.12183
0.621793, 5.43336
-0.0064694, 3.00424
-0.68581, 4.48853
0.604489, 2.314
-0.368321, 5.09347
-0.849108, 3.90938
-0.592186, 5.80099
0.360876, 5.25198
0.691916, 3.14814
0.57996, 1.3371
0.520393, 5.18613
-0.804363, 4.11742
0.951018, 5.46024
0.56153, 4.83301
-0.77069, 1.69489
0.115181, 0.836275
0.0453463, 5.8423
0.997994, 0.559542
0.877932, 2.44938
-0.456241, 5.62171
-0.101094, 5.05361
0.89359, 5.34218
-0.516663, 4.15026
0.594839, 2.44158
0.0903406, 1.8612
-0.572619, 3.24987
0.728843, 0.205019
0.533893, 5.0379
0.978622, 5.16281
-0.362648, 2.00046
-0.0697134, 5.24005
-0.67049, 1.90749
0.717383, 2.65967
0.420028, 6.27783
0.570032, 4.91465
-0.430202, 6.05254
0.336798, 4.52891
0.382859, 4.4381
0.684311, 3.1467
-0.833232, 3.17751
-0.563054, 1.94161
0.738988, 3.16637
-0.995534, 1.42888
0.950706, 4.1278
-0.810852, 5.58139
-0.879995, 2.08838
0.371609, 6.0698
-0.751711, 3.79602
0.446934, 5.44843
-0.556634, 3.82552
-0.829518, 2.81826
-0.842789, 1.54821
0.859387, 4.92545
0.256306, 1.16975
0.792066, 4.8628
0.693555, 2.69456
0.723956, 4.68955
0.00161985, 4.46965
-0.957387, 4.78684
-0.0463254, 1.03922
0.918637, 2.92645
0.290587, 3.55868
-0.25371, 3.70228
0.957458, 2.76937
0.927138, 6.12054
0.631374, 5.70863
-0.432297, 0.12639
0.609491, 0.0459872
-0.373967, 4.08522
0.280153, 3.24492
-0.995757, 1.80007
0.804139, 1.59563
0.984156, 6.16619
-0.981748, 5.08026
0.817597, 2.60601
-0.516595, 1.00398
0.187717, 5.89877
0.436104, 4.25751
0.127619, 1.06268
0.66483, 1.01173
0.965717, 6.25602
0.959007, 3.13802
0.102567, 1.90779
-0.920451, 5.07595
0.223479, 1.73034
-0.201754, 5.20696
-0.749919, 5.2193
0.359166, 4.71251
-0.122406, 0.505659
0.725815, 2.42987
-0.190356, 5.51977
-0.950177, 0.806848
-0.748266, 0.259611
0.00652448, 4.42297
-0.659591, 2.83219
0.547936, 4.98226
-0.313072, 5.22337
0.660146, 4.7904
0.15836, 1.42325
-0.474843, 0.612342
-0.47972, 4.02093
-0.215317, 3.30978
-0.564303, 0.99991
0.120416, 2.80985
0.00157376, 2.58633
-0.996708, 5.19139
0.564452, 3.48196
-0.983962, 5.13926
0.994268, 2.5445
-0.867808, 5.40114
0.34199, 4.9158
0.763544, 5.27876
0.59824, 0.497004
-0.499669, 2.02272
-0.586073, 1.95186
0.367655, 0.47034
0.594983, 4.846
0.850732, 0.432675
0.84274, 1.85781
-0.627624, 0.446657
-0.489496, 1.29242
0.998365, 5.29556
-0.0396621, 5.61295
-0.0637647, 3.34961
0.606722, 1.4994
0.000730067, 4.19508
0.219937, 1.61321
-0.430506, 0.171449
-0.839942, 5.85619
-0.193411, 3.23923
0.276171, 0.383314
-0.35631, 3.14873
-0.465568, 1.14263
-0.861484, 4.30687
-0.522877, 4.11204
-0.562736, 1.09107
0.0113407, 1.4714
0.32449, 4.50659
0.454645, 2.28825
-0.53968, 1.03488
-0.928865, 2.9486
0.288299, 1.72667
0.826196, 2.7281
-0.866349, 4.54756
0.386432, 1.03902
-0.249262, 1.32353
0.429702, 0.231166
0.276733, 3.23375
0.322474, 2.06554
0.767011, 1.2772
0.780117, 2.4948
0.592991, 4.30993
-0.250521, 3.29694
-0.0606877, 5.28689
0.301515, 0.304215
0.522558, 3.1572
-0.0237336, 4.62625
0.484186, 2.82593
-0.522358, 2.16982
0.493262, 1.17883
-0.512127, 5.36324
-0.744145, 4.23396
-0.155005, 1.03199
0.914484, 5.75204
0.17296, 0.824866
-0.870345, 2.40258
0.279143, 2.11794
0.904223, 1.58025
0.95823, 6.24075
0.036493, 4.48651
0.390849, 4.35987
-0.872878, 4.08318
-0.335165, 2.12846
-0.31056, 6.27531
-0.209507, 2.42878
-0.722908, 2.26506
-0.337866, 1.16511
0.608815, 6.11762
-0.0755582, 2.86589
-0.0807016, 2.22799
-0.315048, 3.96687
0.586625, 3.31104
0.983069, 2.20631
0.893395, 5.34443
0.613801, 0.441078
-0.821323, 4.46671
-0.208293, 6.28305
-0.180707, 3.37613
0.209013, 1.62369
-0.473757, 0.556701
0.77902, 2.50133
0.969505, 0.424557
0.0348705, 4.68814
-0.793635, 3.06271
-0.899633, 1.121
-0.953129, 5.52524
0.229327, 6.10687
-0.00725578, 1.70756
0.723257, 1.55187
0.293573, 4.87379
-0.928308, 2.14894
0.927076, 2.82035
0.82079, 0.8747
0.788754, 0.516708
0.387679, 3.56361
-0.58068, 1.93158
-0.848981, 5.76733
-0.871076, 4.215
0.935873, 3.78386
0.768797, 0.828234
-0.18289, 3.99103
-0.564292, 4.61119
-0.470696, 1.20773
0.820716, 1.96645
0.836299, 4.95427
-0.924346, 5.32262
0.1718, 2.33195
-0.830908, 1.18194
-0.954549, 0.342151
0.704669, 4.91846
-0.886416, 5.34984
0.361493, 0.2542
-0.891618, 1.22309
0.562818, 4.18338
-0.86402, 1.51791
-0.492189, 3.35352
-0.811972, 0.426068
0.617987, 1.52047
0.865707, 4.71775
0.611017, 3.88709
-0.669317, 3.17826
0.848951, 0.778979
0.709106, 2.45069
-0.750032, 4.45253
-0.400763, 4.68761
-0.122043, 2.00645
-0.0378466, 4.11155
-0.923238, 1.37561
-0.555475, 5.3055
0.744921, 5.60542
0.859341, 3.03108
0.634533, 5.54803
-0.445614, 0.749766
-0.741717, 4.94743
-0.283712, 1.07982
0.54326, 2.42868
-0.232411, 0.0927227
0.322098, 3.87915
0.316048, 5.86999
0.680352, 3.04875
0.794424, 4.11107
-0.544117, 1.84532
-0.827672, 0.844496
-0.0845118, 4.94792
-0.578531, 2.56477
0.80893, 5.01645
-0.517437, 5.42352
0.731515, 3.15193
-0.156338, 5.77214
-0.878961, 2.38448
0.425726, 4.39962
-0.370534, 2.02923
-0.199811, 5.30077
0.813479, 2.57431
0.00375596, 0.976214
0.758224, 1.31589
0.496146, 0.441475
-0.770752, 5.99015
-0.467891, 3.48286
-0.714305, 5.14816
0.162969, 1.61386
0.980106, 1.15697
0.507829, 0.362378
-0.924971, 0.19292
0.719004, 0.170879
0.486285, 1.08068
-0.73242, 2.34877
-0.835061, 6.1262
-0.116446, 0.0451917
0.740381, 3.16299
0.445049, 4.25494
0.132505, 2.25159
0.632205, 3.83699
-0.895108, 2.94632
-0.985873, 0.309961
0.938313, 0.10321
0.588772, 0.610373
0.322848, 2.74651
-0.841713, 1.70076
0.696281, 0.651313
0.458772, 5.1991
0.131511, 4.04119
0.816255, 0.356981
0.243116, 0.445092
0.0364868, 3.86814
-0.207962, 3.30438
-0.475272, 2.59619
-0.0603619, 2.50271
0.897285, 4.40307
0.22992, 4.10095
0.924021, 1.63061
0.873856, 5.59094
0.907683, 3.99231
-0.41165, 3.49679
-0.570571, 4.88171
0.0578663, 2.89508
0.130436, 2.86729
0.561428, 1.96955
-0.365023, 0.263449
-0.404351, 0.898505
0.512848, 5.40592
-0.995718, 4.17776
0.702774, 3.02348
0.840765, 3.09926
0.111351, 1.44039
-0.116361, 5.98148
-0.897369, 5.22592
-0.393435, 1.21839
0.062847, 2.60098
0.827747, 3.05541
-0.439571, 0.183787
-0.366695, 4.89182
0.571668, 4.39493
-0.390604, 1.47172
0.664732, 2.57168
-0.371067, 2.4843
0.858669, 0.0569044
0.912293, 4.06308
-0.265036, 5.85602
0.964028, 5.84539
0.84071, 0.521514
0.0410588, 3.37917
-0.679003, 4.38891
0.0137975, 5.01759
-0.331306, 3.86912
-0.771168, 3.58714
0.894077, 2.64559
-0.643105, 1.62875
-0.865127, 1.08031
0.173211, 1.65654
-0.657151, 2.53922
0.460837, 2.86688
-0.495082, 6.02384
-0.586957, 6.20129
0.536795, 1.24637
-0.79945, 3.11517
0.916064, 4.18079
0.386391, 0.095339
0.370272, 2.30513
0.22805, 1.28129
0.553828, 3.30998
-0.362311, 5.36081
-0.931075, 3.2365
0.791062, 2.20451
0.884246, 5.05631
0.812115, 3.9995
0.901546, 2.24048
0.403579, 1.15292
0.70478, 1.72531
-0.772599, 2.71718
-0.0768119, 3.57748
-0.0713348, 2.66707
-0.109469, 6.02875
-0.040738, 3.30323
-0.0922688, 4.3096
0.767462, 5.09393
0.910199, 2.64403
-0.241955, 1.18422
-0.285338, 0.605126
0.909539, 4.13673
-0.274402, 0.966567
-0.384941, 1.11522
0.998279, 5.87608
-0.989772, 4.0163
-0.370792, 5.99253
0.230237, 0.598297
0.371599, 3.05015
0.913218, 1.80626
-0.12948, 1.99574
-0.710718, 5.59392
0.733329, 1.72521
-0.827425, 2.84076
-0.159038, 1.40116
-0.187532, 5.10783
-0.961406, 1.65855
-0.745676, 4.04577
0.874256, 0.356075
-0.143256, 5.42753
-0.655557, 1.37256
0.872562, 2.17316
0.555873, 4.54832
-0.522051, 3.5471
-0.0389855, 3.22331
0.771727, 4.58494
0.840697, 5.35799
0.684739, 4.79053
0.248083, 5.20372
0.835828, 3.68621
0.0287755, 3.28197
0.0391562, 2.42839
-0.729166, 1.66358
-0.745344, 1.3438
-0.742953, 0.0171068
0.627988, 4.82887
-0.167553, 6.12237
0.278165, 2.33526
-0.980008, 5.38956
-0.707146, 4.65477
0.816832, 0.00135894
0.0898335, 5.27671
0.272747, 4.24618
-0.847306, 5.05148
-0.60551, 6.27339
0.963626, 6.12229
-0.272966, 1.8598
-0.835596, 2.30467
-0.0149654, 0.440999
-0.83092, 3.17187
-0.260583, 4.25494
-0.609638, 0.377361
-0.495114, 4.54907
-0.0640274, 5.09498
0.350964, 1.911
0.972561, 0.115687
-0.181255, 3.17067
0.156538, 5.16267
0.296367, 0.603063
0.211665, 0.793743
0.911375, 2.37908
-0.641963, 2.60807
-0.480512, 5.56406
-0.740645, 1.84687
-0.298444, 3.38321
-0.937992, 5.02775
-0.891631, 0.626637
-0.594633, 3.59349
-0.949173, 2.03507
-0.729813, 3.57594
-0.915983, 2.848
0.0580788, 2.82215
0.170691, 3.03602
-0.874741, 2.9706
0.521119, 4.69506
-0.846743, 3.63004
0.979895, 4.45345
0.929802, 2.90049
0.889489, 2.8048
0.891682, 1.1461
0.41485, 0.415007
-0.248048, 0.820656
-0.147404, 3.31171
-0.821058, 1.39726
0.74132, 4.42492
-0.20475, 6.19698
0.16161, 1.60993
0.637503, 2.35207
-0.777167, 6.11744
-0.270168, 3.26164
-0.625213, 0.441239
-0.979694, 1.50855
0.292121, 2.96694
0.938855, 5.97603
0.148967, 5.96579
-0.858363, 0.8478
-0.587502, 3.14063
0.778361, 2.18153
-0.0629802, 1.8581
-0.235323, 5.58129
-0.568377, 5.1883
0.853753, 2.01728
-0.220543, 3.33869
0.987501, 4.52112
0.752273, 3.06307
0.388578, 5.30992
0.437103, 2.25989
-0.957553, 4.00568
-0.203023, 2.20316
0.288744, 2.48408
0.0764465, 2.38236
0.799164, 3.05604
-0.436618, 1.16736
0.00508188, 3.83422
-0.964285, 0.94223
-0.053103, 5.35679
-0.186234, 4.17192
-0.72094, 1.37455
-0.37593, 5.98364
-0.181379, 4.39473
0.933691, 2.06717
0.907324, 1.62894
-0.785072, 4.4458
0.41254, 6.21112
0.561062, 3.16871
0.461664, 0.273074
-0.191077, 5.20712
0.502303, 3.7615
-0.218102, 2.07628
-0.760142, 3.44767
-0.596656, 4.88111
0.849881, 5.92479
-0.00666125, 1.11183
-0.053738, 3.21337
0.972557, 0.522794
0.827047, 4.43605
0.417045, 3.49967
-0.632002, 2.13368
0.463009, 1.95923
0.0617841, 2.61526
0.369413, 3.34497
0.691178, 0.963306
0.865975, 3.87186
-0.575831, 2.19249
-0.495546, 3.67364
-0.905511, 0.947227
0.647707, 0.718369
-0.846681, 4.4612
-0.551657, 5.72149
0.495719, 5.13359
0.958905, 1.46533
0.491563, 4.07291
-0.190775, 4.37066
-0.22819, 0.0163825
-0.549427, 1.59864
0.404041, 2.07539
0.320101, 1.63432
-0.979611, 1.54406
-0.934361, 6.23991
0.970366, 6.05094
0.510078, 4.55809
-0.999623, 4.16034
-0.469571, 5.09749
-0.143712, 4.63268
0.0480259, 6.17245
-0.805215, 5.79688
0.25055, 5.3329
-0.776377, 4.60962
0.94365, 4.65699
-0.470749, 3.40224
-0.176577, 2.01749
0.995038, 1.81165
0.042314, 4.01759
0.699345, 5.6853
0.687304, 2.22249
0.368129, 5.15324
0.736097, 2.06689
0.361057, 2.23109
-0.367196, 5.15934
0.329302, 3.40762
-0.57599, 1.68616
0.455771, 1.54145
-0.955797, 2.25542
0.591499, 0.810114
0.770334, 2.51072
0.356246, 4.84528
-0.655048, 4.26252
0.0949395, 3.17911
-0.866542, 0.14901
-0.358148, 4.47321
0.270791, 4.70146
-0.704039, 4.75374
-0.112262, 5.01321
0.79389, 4.95038
-0.416746, 5.73894
-0.471952, 5.84996
0.324843, 4.41619
-0.854679, 4.01192
-0.834858, 0.189908
0.781287, 5.95061
-0.480998, 3.65413
0.7107, 6.25237
0.35656, 0.422645
-0.767829, 2.32226
-0.627866, 0.882439
-0.393216, 0.1241
-0.578402, 0.35236
-0.252539, 5.58896
-0.963953, 4.3181
-0.756695, 6.19195
-0.537245, 0.604843
0.793144, 2.8305
-0.670011, 5.86285
0.88058, 4.92409
0.0261608, 2.22198
0.85087, 2.72248
0.8391, 6.23465
-0.561038, 3.96171
0.729855, 4.96274
0.761449, 1.46543
0.313176, 1.60936
-0.153698, 2.37206
0.968744, 2.11953
-0.759694, 4.52135
-0.119864, 5.05719
0.960583, 0.792273
0.441369, 2.34109
0.542273, 5.63793
-0.544552, 0.796642
-0.835784, 4.43037
0.733043, 6.23264
-0.682027, 4.72741
0.0643284, 1.47398
0.839193, 0.217541
0.917392, 0.958944
-0.149843, 5.98772
-0.409162, 1.79016
0.606415, 4.40879
0.83983, 2.02966
0.873741, 4.10662
0.494984, 3.3547
0.457254, 3.70556
-0.47105, 2.01869
0.500957, 2.89126
0.252985, 2.17661
-0.218985, 5.7453
-0.514444, 3.32694
0.557428, 0.711852
0.508442, 4.07703
-0.984781, 0.761268
0.349335, 2.78454
-0.824005, 1.42792
0.476992, 3.59298
-0.791664, 4.45373
0.459286, 1.51424
-0.220192, 0.935588
0.468523, 6.16829
-0.828916, 2.49516
0.195514, 3.71451
-0.208005, 0.00251553
0.418631, 0.277619
-0.656612, 2.21591
-0.939146, 3.09597
-0.209904, 2.35238
-0.71278, 3.89593
-0.308868, 1.64119
-0.664462, 5.72074
-0.437616, 1.04415
0.167062, 1.58836
0.970766, 0.784298
-0.00132392, 2.32967
-0.131346, 4.29483
0.823606, 5.13628
-0.757952, 5.74721
0.54833, 1.6447
-0.569446, 3.24253
-0.915033, 5.33421
0.979584, 3.91073
0.87163, 3.1918
-0.354977, 2.11459
0.809384, 0.103283
-0.988621, 5.88318
0.319233, 0.464232
0.708726, 3.02052
-0.0440433, 2.11459
0.922436, 1.50249
-0.441221, 0.907059
-0.0915029, 2.01896
0.787815, 0.320166
-0.160132, 5.04334
0.551817, 3.82849
0.980598, 2.392
0.0399375, 4.24396
-0.422113, 4.16062
0.479975, 2.72815
0.991851, 2.67419
0.310686, 3.22294
0.48935, 3.22946
-0.277284, 4.44426
0.99821, 6.10929
0.649531, 1.03978
-0.410791, 1.32125
0.02938, 5.8059
0.686789, 4.73351
0.822936, 5.47182
0.319171, 1.89042
0.727676, 2.03272
0.468585, 1.63187
-0.404455, 3.25971
-0.681922, 1.45109
-0.822039, 0.577866
-0.793397, 1.95105
-0.936753, 1.46694
-0.612725, 3.24159
-0.731933, 0.302024
-0.212364, 6.28254
-0.0587442, 3.72279
-0.496934, 1.37122
-0.199233, 2.64998
0.257195, 0.58257
0.314443, 4.80706
0.955811, 4.00479
0.976609, 1.78533
0.383831, 4.89373
0.775247, 3.97892
-0.558169, 5.58748
-0.708556, 1.39511
-0.469602, 1.9728
0.671663, 4.66617
-0.605719, 3.20755
0.573253, 0.178217
-0.897003, 1.73967
-0.0549846, 4.71237
0.0876308, 2.77412
-0.178999, 3.72552
-0.970883, 5.51275
0.755453, 1.04412
-0.632576, 5.54272
0.915685, 5.90553
-0.30922, 2.99051
-0.453945, 4.896
0.624444, 3.28588
0.869018, 0.676109
-0.784006, 3.45394
0.0685278, 3.40295
-0.576188, 0.516112
-0.93389, 0.688426
-0.726288, 2.78971
0.48485, 1.09816
0.699413, 1.2999
-0.863972, 2.67707
-0.0394812, 4.46925
0.840649, 4.67836
0.860123, 5.59461
-0.25, 5.76528
-0.184536, 0.920005
0.614167, 1.74038
-0.38024, 4.57688
0.440226, 2.64756
0.579119, 1.09129
-0.554349, 0.159864
0.277647, 1.6224
-0.945404, 2.25569
0.990425, 5.57696
-0.404993, 5.51055
0.991937, 5.63502
0.747162, 0.618307
0.466063, 4.93085
0.524589, 3.62834
-0.335641, 2.24622
0.68822, 3.82755
0.60757, 1.17187
0.937739, 1.97293
0.216606, 3.33423
0.282444, 1.11598
-0.982243, 0.154913
0.00363072, 3.25193
0.705626, 4.75436
0.234787, 2.49151
0.0790436, 4.06407
0.81323, 0.11193
-0.896907, 4.13348
-0.559004, 1.59019
-0.787156, 1.8772
0.930992, 3.93713
-0.376886, 2.59386
-0.759297, 2.41843
-0.114363, 4.40254
-0.556567, 1.75827
0.436316, 1.77099
-0.604539, 0.939243
0.25569, 0.315861
0.782936, 3.25919
-0.740003, 5.72436
0.17363, 4.66886
-0.897523, 3.29222
0.179784, 2.04173
0.889326, 2.49458
-0.298351, 3.70328
0.67138, 2.95435
-0.101246, 0.701485
-0.363299, 0.601686
-0.16657, 4.49486
0.986039, 5.79376
0.318754, 1.82844
0.787498, 1.01753
0.913197, 4.90822
0.70931, 4.76901
0.749522, 5.411
-0.943399, 0.954778
-0.84689, 4.40297
0.893406, 4.15206
0.570788, 4.43463
-0.880251, 4.22423
0.659237, 3.80576
-0.127023, 3.96973
-0.0981786, 5.80885
-0.58976, 5.01474
-0.885196, 4.02503
0.328355, 1.57984
-0.12424, 6.24504
0.53838, 5.99225
0.158478, 3.93015
0.675162, 4.34849
0.454192, 1.993
-0.913595, 3.50203
-0.444141, 0.664903
0.810568, 3.56939
0.474448, 5.47136
-0.235586, 6.21507
0.60115, 1.56864
0.156625, 0.40946
-0.962403, 6.27933
-0.700002, 5.08796
0.241625, 4.3225
0.216323, 4.65702
-0.721007, 5.89787
-0.7376, 2.86162
0.161883, 5.26851
0.155927, 5.16896
0.585609, 5.91781
0.693179, 0.866367
-0.75251, 4.94926
-0.613156, 0.00608759
0.0851299, 4.50628
-0.921432, 4.39209
-0.894399, 5.23107
0.998077, 5.40775
0.401377, 2.0626
-0.42087, 3.30867
-0.294215, 3.1733
-0.719091, 4.36865
0.625564, 3.51877
-0.679642, 3.92448
0.810071, 6.25244
0.283044, 3.60069
0.406077, 1.97384
-0.320855, 4.75975
0.978774, 0.754014
-0.782409, 0.058226
0.711256, 1.10416
0.953644, 2.49181
0.534916, 0.761874
-0.880487, 1.88457
-0.60425, 4.54495
0.891599, 5.08648
0.866371, 2.63478
-0.247062, 3.85155
0.59983, 4.83447
0.927541, 2.34342
-0.28577, 5.36323
-0.819657, 4.76885
-0.28214, 1.4921
-0.458468, 4.81753
0.89433, 3.06065
-0.551153, 2.56823
0.41531, 1.43898
-0.761678, 5.18501
-0.886541, 1.91868
-0.491031, 3.88075
-0.489855, 2.98208
-0.802335, 0.265686
0.87521, 3.95749
0.794699, 6.18698
-0.801283, 0.92284
-0.436347, 1.3639
-0.600852, 2.41742
-0.172712, 5.33517
0.600389, 2.49677
-0.169312, 4.64384
-0.305461, 0.505682
0.461648, 4.13288
-0.140809, 3.19263
0.493828, 5.55798
-0.982446, 4.04335
0.366829, 1.54682
-0.0225738, 5.94428
-0.122541, 5.3642
0.776426, 1.08412
0.765922, 4.18205
-0.848396, 2.61583
-0.791673, 4.80893
-0.0858503, 4.96685
0.229039, 0.479108
0.510907, 2.49808
0.994842, 1.6186
-0.100885, 5.32419
0.56888, 3.78986
0.855408, 2.18331
-0.948509, 1.67232
0.824683, 2.24061
0.623118, 3.34878
-0.543149, 0.180891
-0.415859, 0.693101
-0.316202, 4.30249
-0.600987, 3.15792
0.881077, 5.39934
-0.398558, 3.20747
-0.340266, 3.53931
0.971885, 2.64064
0.363977, 1.8517
0.218162, 5.99214
0.756257, 0.786815
-0.218614, 3.00503
0.920855, 4.89165
-0.873928, 3.10586
0.829518, 4.40727
0.0358535, 0.998298
0.565989, 6.08566
0.999959, 6.14085
0.0179651, 1.56024
-0.241498, 5.90884
-0.736126, 3.99007
0.0191337, 5.2192
0.52472, 1.03494
0.919861, 1.7185
-0.359462, 5.98876
0.645107, 3.1775
-0.681929, 4.90528
0.071607, 2.71629
0.162713, 3.85429
0.512186, 5.35414
0.171846, 2.3959
0.639588, 4.39826
-0.403529, 5.30079
-0.835646, 2.1391
-0.323873, 2.00212
-0.796631, 1.98701
-0.894797, 1.28061
0.849846, 5.95498
0.995842, 0.000399358
0.794355, 6.1199
0.0944709, 5.70095
0.127687, 3.66882
0.71736, 0.519877
0.0615982, 1.79843
0.948299, 1.28328
-0.791195, 4.2297
-0.422256, 3.32811
0.824738, 3.43242
-0.538259, 1.39723
-0.597622, 5.58702
0.115612, 0.626874
-0.468913, 6.02891
-0.381, 2.77085
-0.762954, 0.549469
0.688476, 2.66198
0.400499, 1.05207
0.348983, 2.53474
-0.870399, 3.79997
-0.41527, 5.7564
-0.482033, 5.25373
-0.846902, 0.620833
-0.823299, 5.72061
0.933383, 1.30882
0.586279, 5.5972
-0.459999, 1.94834
0.469653, 0.348027
-0.42922, 3.02661
0.453736, 3.37676
-0.814833, 2.75903
-0.0947156, 0.572889
0.503699, 2.89708
-0.0105049, 3.52855
-0.834491, 2.48345
-0.0784745, 2.33716
-0.256168, 6.19619
0.34314, 4.35478
0.122706, 2.8036
0.815204, 5.81335
0.948098, 4.31091
0.681696, 1.26124
-0.08303, 5.55866
0.800135, 5.6495
0.464391, 1.16066
-0.781308, 5.9901
-0.977397, 5.83873
-0.795893, 5.01229
-0.978208, 1.75656
0.468359, 0.136957
0.970398, 6.22941
-0.165978, 1.00699
0.548792, 1.70729
-0.244516, 5.45689
0.289422, 3.55619
0.350457, 3.20409
0.944165, 4.88037
0.831368, 4.10384
0.548009, 5.80508
-0.0395854, 4.11885
-0.653987, 0.018087
0.0304205, 0.997701
-0.791213, 1.3722
0.184981, 5.36052
-0.121834, 3.77855
0.700725, 5.43751
0.640221, 4.83581
0.187752, 1.24111
0.277246, 1.2365
-0.511235, 6.19911
0.535126, 5.43278
0.834447, 5.82147
0.683811, 2.15961
0.798328, 4.08134
0.229963, 3.63847
-0.479359, 2.02223
0.793023, 3.5773
0.590414, 5.86337
-0.510783, 2.13647
-0.867061, 4.45425
-0.356822, 4.62494
-0.61004, 5.04562
-0.932195, 1.45509
0.703672, 4.64585
-0.399979, 4.12223
0.73399, 3.60927
-0.78381, 6.27817
-0.873342, 2.61547
-0.655874, 4.04613
-0.494087, 2.45344
-0.953863, 1.58383
0.42813, 3.12593
-0.437321, 4.41825
0.978357, 4.038
-0.18243, 5.64353
0.237705, 4.73061
0.0763348, 4.7006
0.912217, 6.09751
0.961064, 5.44273
0.748002, 4.12091
0.693697, 2.85665
-0.502618, 1.95131
0.922743, 1.72355
-0.894673, 3.48398
0.805906, 1.1949
0.967784, 6.27718
0.442105, 4.79565
0.868008, 5.22723
0.80705, 3.51099
-0.831785, 0.369393
-0.215682, 2.53718
-0.680995, 3.86373
-0.897123, 4.59186
-0.403748, 1.28426
0.647664, 6.24214
-0.297428, 2.09286
-0.624454, 1.57764
0.118647, 1.23158
-0.880097, 0.660992
-0.387978, 2.30627
-0.752278, 4.13914
0.872725, 0.282097
-0.416251, 5.62584
0.548261, 0.66869
0.790587, 3.02848
0.681849, 5.76142
-0.865027, 3.18793
-0.88921, 4.07611
0.717335, 1.78227
-0.422086, 6.05139
0.365207, 4.70804
0.644446, 1.29412
0.411319, 5.85629
-0.076736, 3.54969
0.864273, 0.423591
-0.344705, 3.60481
-0.351153, 6.16741
0.485415, 0.305594
0.997526, 2.95241
0.0431363, 2.62225
0.0777932, 5.36023
-0.41753, 5.24607
-0.991443, 1.37328
-0.523551, 3.34166
0.344483, 1.56395
0.843169, 2.52387
-0.919346, 4.11227
-0.650148, 3.92797
0.21702, 1.5833
-0.192441, 2.98913
0.53231, 1.54027
0.94201, 2.23991
-0.869727, 0.610362
-0.387456, 5.83488
0.665659, 6.09369
0.409456, 3.55552
-0.88389, 2.59913
-0.219447, 0.206658
0.960061, 0.321483
-0.72656, 2.34819
0.727752, 1.78456
0.846665, 0.0237913
0.765608, 5.63957
0.845374, 2.76828
-0.872052, 4.37889
0.769597, 0.189872
0.0963602, 6.02484
0.44393, 4.41225
-0.738257, 0.707093
-0.990573, 2.30525
0.838192, 1.38262
-0.213569, 1.00936
0.292664, 1.48399
-0.190335, 0.850654
-0.777923, 2.15917
0.546744, 5.44206
0.132208, 1.54064
-0.132153, 4.45815
0.437782, 1.72789
0.431389, 0.464171
-0.851512, 4.73516
-0.395703, 2.08153
0.791573, 4.60007
0.820683, 2.39443
0.295013, 2.56321
-0.055551, 4.62579
-0.0331521, 5.16119
0.923821, 6.236
0.411938, 3.97812
0.740444, 5.36958
-0.987468, 1.04874
-0.771257, 5.2637
-0.356508, 3.36401
0.492742, 5.43065
0.275095, 1.30305
0.526696, 0.467298
0.0465901, 2.54525
-0.854164, 4.69943
0.699513, 4.01846
0.603729, 1.47111
0.289863, 6.19277
-0.330685, 5.41114
-0.846152, 4.12858
-0.659158, 0.0313579
-0.474819, 5.96432
0.5259, 1.08203
0.0694723, 1.63416
-0.619057, 5.72928
0.882092, 5.0928
-0.842083, 5.55458
-0.79389, 5.3911
-0.559891, 1.77409
0.847059, 5.93292
-0.645625, 4.84681
-0.215578, 3.05127
-0.553684, 3.60367
-0.254297, 4.37235
-0.543874, 1.00795
-0.871394, 1.27054
0.93595, 5.2616
0.019606, 0.0981921
-0.759092, 4.3793
0.128951, 3.25956
0.337369, 6.00646
0.922531, 1.20535
-0.2498, 1.15119
-0.139084, 1.64342
-0.835701, 1.9035
0.076244, 1.15402
0.881945, 4.52943
-0.886664, 4.24563
-0.251083, 3.44126
-0.0724815, 2.07579
-0.821403, 2.06819
-0.654716, 4.80357
0.431119, 5.35499
0.932228, 4.28482
0.758915, 2.88173
0.057926, 3.35309
0.415253, 5.1266
0.741251, 1.18532
0.446026, 2.28228
0.218409, 1.24394
-0.754503, 0.356096
0.00343662, 1.2797
0.957623, 0.893121
-0.502709, 2.38634
-0.291951, 0.73518
-0.36556, 3.93897
0.0209517, 2.47321
-0.258465, 2.47187
0.156529, 4.46328
-0.95374, 2.56464
0.715382, 2.33245
-0.706743, 0.214173
-0.233221, 4.26167
-0.382097, 6.00132
0.640641, 3.26331
-0.910467, 1.40735
0.544845, 4.12712
0.85158, 0.633994
-0.168659, 3.90097
0.57839, 5.36512
0.490032, 2.18422
0.734474, 5.64507
-0.875376, 2.44791
-0.73235, 2.56468
0.872414, 5.5228
-0.230842, 4.43718
-0.934441, 0.263088
0.269938, 5.16183
-0.575547, 0.185562
0.790631, 5.30522
-0.168209, 0.542978
0.340013, 5.3915
0.990427, 4.86291
-0.420678, 0.200818
0.960444, 0.589881
-0.590611, 1.80496
-0.682158, 4.0298
0.144339, 0.121589
-0.69618, 4.75426
-0.891812, 4.98373
0.942398, 1.90023
0.953943, 5.10587
-0.956936, 5.5488
0.884054, 5.96424
-0.0271413, 0.299498
0.952974, 3.99276
0.756891, 3.34028
-0.822039, 1.70647
0.769979, 2.67807
0.217877, 3.14792
0.594345, 1.38691
0.242107, 0.915034
0.576039, 0.106342
0.78973, 1.14978
0.146715, 2.45699
0.74048, 0.0875098
-0.190922, 3.43382
0.941059, 2.68421
0.568258, 5.24616
-0.675307, 4.85824
0.826421, 4.16013
0.45891, 0.350252
-0.0269443, 1.86274
-0.520923, 5.70376
0.384627, 1.94787
-0.202451, 1.16522
0.954663, 3.15231
-0.679635, 5.1008
0.840701, 5.32217
0.556372, 1.01283
-0.181423, 0.0207961
0.16089, 6.02935
0.593436, 2.22934
-0.652827, 5.98019
-0.602038, 0.0451603
-0.251134, 2.92074
-0.788615, 3.39812
-0.962403, 0.666005
-0.471253, 1.89104
-0.912894, 0.458058
0.571519, 0.945978
0.581809, 4.82416
0.217913, 1.07269
0.963876, 4.55639
0.489564, 5.91788
-0.253569, 1.0351
-0.597808, 4.04204
-0.377841, 5.39871
-0.982291, 0.689779
-0.161406, 5.79564
-0.724854, 4.07758
-0.34197, 4.92403
-0.145835, 3.64987
0.712418, 1.79935
-0.0424596, 3.9551
0.817826, 1.85458
0.0490588, 3.25848
-0.960299, 3.23744
0.406479, 4.09709
-0.325772, 1.37069
0.00801738, 4.42828
-0.81857, 0.981318
0.87117, 4.77317
-0.904361, 4.49494
0.448755, 4.39112
-0.336109, 5.39426
0.67222, 3.96063
0.525532, 4.07939
0.188233, 5.41973
0.620832, 5.93057
-0.521846, 5.15804
-0.712863, 1.55921
0.0771795, 0.33627
0.788589, 3.63438
-0.831291, 0.223648
0.161741, 4.50178
0.0646516, 0.856371
-0.873228, 0.408221
-0.809446, 5.73482
0.126722, 0.454858
-0.312994, 0.122808
-0.123646, 0.557025
0.0771272, 1.73649
0.540302, 2.23146
-0.907345, 1.06367
-0.0819895, 2.44079
-0.958921, 5.16954
-0.283824, 1.4874
-0.305829, 2.28076
-0.110887, 3.01093
-0.958967, 1.84327
-0.34475, 4.49495
-0.328098, 1.77672
0.789624, 2.46264
-0.574665, 5.11098
-0.990467, 2.3626
0.587799, 5.38196
-0.0398732, 0.345988
0.266392, 5.15103
-0.0123691, 2.13473
-0.710321, 5.27925
-0.904509, 2.34755
-0.688816, 5.08048
0.696303, 5.52663
0.886558, 5.74052
-0.628964, 6.25623
-0.919877, 0.891875
-0.280617, 1.59029
0.0306528, 4.90463
0.553526, 1.40958
0.115172, 1.24858
0.705513, 3.63063
0.776752, 4.77706
0.100507, 0.638576
-0.996042, 2.07948
0.390907, 1.23762
0.216397, 5.97609
0.901895, 1.52301
0.399383, 3.45987
0.740605, 0.767683
0.407201, 5.63674
0.655481, 3.46526
0.295894, 3.77125
0.280992, 0.687937
-0.921879, 5.37911
0.376735, 6.08232
-0.845732, 4.38217
0.282746, 2.85493
0.803801, 0.593237
0.213774, 5.24576
0.97707, 4.85978
-0.687131, 4.32534
0.636029, 0.117923
-0.550224, 5.38369
-0.881304, 5.08534
-0.0695351, 6.11132
0.636024, 3.81401
-0.841372, 4.61597
0.62099, 4.38236
-0.393, 5.43515
0.780126, 0.772108
-0.605328, 4.75211
0.893569, 0.630235
0.530793, 4.55264
0.654574, 2.24864
-0.953504, 5.87031
-0.454419, 3.66837
0.797185, 0.710733
-0.997991, 6.03923
0.510223, 5.42772
-0.814078, 0.460592
-0.0903119, 2.78161
0.249798, 5.84968
-0.0941403, 3.11584
-0.865497, 0.602768
0.580624, 6.01145
-0.851216, 4.14334
0.950876, 2.77976
-0.951701, 0.0468714
-0.499337, 3.31777
0.827823, 4.99271
0.334257, 4.63115
-0.337077, 1.58334
0.97458, 5.30383
-0.860099, 4.03452
-0.0631782, 0.499032
0.931054, 0.0813369
-0.155096, 1.23047
0.065234, 4.34383
-0.64043, 4.5775
-0.668928, 0.401482
0.28069, 3.36836
-0.729226, 5.08535
0.751549, 2.1274
0.524644, 2.84773
-0.632818, 2.6407
-0.736803, 2.07644
-0.404018, 0.516314
-0.802013, 3.51714
-0.739488, 0.256097
0.587508, 3.73447
0.111405, 2.09573
0.710646, 2.7671
-0.763646, 4.61215
-0.0623224, 5.99018
-0.520252, 4.42106
-0.0672742, 3.58018
0.42599, 6.0384
0.537308, 1.95441
-0.97842, 2.27863
0.132998, 1.04957
0.661413, 6.27312
0.986633, 2.60652
-0.590932, 2.43567
-0.574582, 0.796982
-0.343489, 6.24329
0.574462, 1.60258
-0.714927, 5.97061
-0.712687, 3.55292
-0.357317, 1.11401
-0.826277, 3.68062
-0.52458, 2.65839
-0.916574, 2.98314
0.971908, 4.61635
-0.212246, 0.640618
0.397244, 1.71532
-0.293342, 1.58625
0.827463, 4.01298
0.458307, 5.35089
-0.567277, 1.71842
0.272494, 5.3762
-0.584348, 3.39267
-0.370643, 3.31146
0.205996, 0.572131
-0.946519, 1.08362
0.937974, 1.13086
-0.435185, 3.51579
0.840076, 4.8061
0.805773, 1.83077
0.840873, 1.83257
0.321002, 4.2294
-0.878475, 3.29879
-0.60556, 3.03263
-0.151333, 0.721246
-0.895302, 0.419512
0.0676654, 2.57372
-0.587782, 2.93956
0.825627, 0.0293345
0.14002, 5.33163
0.818593, 3.3883
0.279753, 5.38089
0.0376896, 4.24691
0.0430636, 4.19809
-0.590826, 2.93
0.883893, 2.19943
-0.586481, 0.625864
-0.864808, 3.71521
-0.740255, 0.962097
0.840822, 4.54951
0.82949, 3.17715
0.797701, 3.23197
-0.174907, 3.03262
-0.647929, 2.23173
-0.528368, 2.21492
-0.542877, 1.85929
0.623257, 5.69607
-0.148542, 3.92745
0.664976, 4.99531
-0.907159, 6.13543
0.0952354, 2.57012
-0.760809, 4.47192
-0.794482, 2.95405
0.406604, 5.84176
-0.255112, 2.36003
-0.813716, 0.554551
0.866425, 2.01108
0.477779, 4.75259
0.956515, 3.43651
-0.484323, 5.40908
0.859017, 4.46162
-0.775671, 1.61087
0.185612, 1.65708
-0.856292, 1.3869
-0.0160504, 2.93378
-0.528302, 4.29731
0.700119, 1.78748
-0.905691, 5.39276
-0.836002, 3.64799
-0.575488, 4.10723
-0.928448, 4.7804
0.576646, 5.37737
0.191036, 2.92524
0.93953, 2.75895
-0.803606, 3.96501
0.338027, 4.71229
0.0678612, 1.11108
-0.989859, 2.69996
0.950621, 1.89471
0.796445, 3.83536
0.496803, 4.69679
0.139314, 2.99629
0.136518, 2.68529
0.055289, 3.04886
-0.63215, 4.57652
-0.909553, 2.49916
-0.939387, 5.83427
0.239687, 4.41788
-0.94983, 6.02543
-0.210603, 0.421103
-0.252185, 0.655622
-0.833683, 4.45942
-0.889969, 5.9965
-0.283105, 1.19634
-0.786259, 4.45964
0.455361, 2.58825
0.328553, 0.29346
0.307425, 3.37572
-0.27158, 0.748438
0.588666, 3.10978
0.332258, 5.28998
0.60859, 3.84751
0.407257, 5.90579
0.634291, 2.00625
-0.200049, 0.0319732
0.936286, 2.86471
-0.923687, 0.452186
-0.743189, 1.13104
-0.73609, 5.86837
0.0670645, 3.90787
0.996845, 3.42863
0.362467, 5.60123
-0.577912, 0.518105
0.373316, 5.2525
-0.737738, 5.36341
0.67994, 3.80802
0.5204, 1.42623
0.540442, 0.374044
0.992711, 5.12822
-0.482836, 5.6032
-0.891294, 2.08111
0.641581, 5.01297
0.133439, 1.07724
0.374668, 5.27107
-0.44223, 2.78683
-0.22519, 3.37847
-0.897999, 6.08144
-0.51306, 0.903072
-0.309598, 4.54526
0.838977, 0.17008
-0.0014623, 3.18349
0.330026, 4.10179
0.458638, 2.9039
0.489756, 4.48254
-0.748337, 2.3832
-0.795467, 3.95423
0.0921248, 4.87319
0.594648, 0.560734
-0.148161, 1.68588
-0.924542, 1.64642
0.791976, 1.62799
0.605163, 4.42124
0.42213, 1.46098
-0.710162, 0.492761
-0.386465, 2.36648
-0.564362, 4.79261
-0.981709, 3.80643
0.911786, 5.42107
0.397725, 4.72053
-0.649135, 3.16572
-0.93273, 1.78117
-0.763983, 0.0489497
-0.770402, 0.694186
-0.862319, 1.25515
-0.988579, 0.58066
0.0266742, 6.07787
0.80159, 4.75066
0.498763, 0.271891
-0.79823, 0.727238
-0.405254, 4.0163
-0.221292, 1.2683
0.343942, 3.6172
-0.245538, 4.68758
0.945863, 0.557307
0.340476, 4.68682
0.982528, 3.02075
-0.136702, 1.11463
0.611888, 5.35012
-0.994864, 6.06439
0.280391, 2.48431
-0.417102, 5.24526
-0.701213, 3.9545
0.540707, 0.573341
0.962965, 1.80249
-0.122249, 5.37184
-0.939749, 3.30091
0.368131, 1.22485
-0.565276, 3.92343
-0.744894, 0.362902
0.0771279, 4.1367
0.691196, 1.05757
0.133933, 1.63983
-0.777386, 0.980836
-0.39691, 5.88935
-0.101198, 0.194169
0.00694538, 1.3687
0.583251, 3.9871
0.850401, 6.08897
0.457266, 4.17818
0.852313, 5.95229
-0.562698, 0.864322
-0.917397, 5.61737
0.78286, 6.03127
0.645497, 3.75835
-0.763714, 5.95922
-0.977382, 2.84478
0.795229, 1.84944
0.170233, 3.04748
0.725017, 4.85898
0.615285, 1.41891
-0.792918, 3.13222
-0.692997, 0.757487
0.0960035, 3.05137
0.62267, 4.14719
0.729208, 1.2787
-0.427065, 0.065283
0.282312, 1.45025
0.572724, 4.44711
0.743531, 0.75651
-0.0154257, 5.26693
-0.0964437, 2.60302
-0.821193, 1.97032
-0.424172, 6.22322
0.369328, 0.839125
0.862681, 3.82492
0.893408, 5.09917
-0.417223, 5.5433
-0.523007, 3.36547
0.889665, 5.44612
0.404663, 0.129837
0.843397, 5.85168
0.566454, 2.94716
0.787577, 2.27553
-0.238072, 1.03247
0.864104, 1.30086
-0.258843, 0.790576
0.691012, 0.873823
-0.853242, 4.67221
-0.00526063, 6.02364
-0.639346, 5.94731
-0.125691, 5.43764
-0.570775, 5.03591
-0.857867, 1.29313
-0.337795, 0.000932408
-0.161298, 4.18975
0.108699, 0.431705
-0.21642, 0.631464
-0.919984, 2.55983
-0.437781, 2.87755
0.998739, 2.74212
0.953604, 3.3972
0.809466, 4.50224
0.886864, 0.595564
0.733832, 2.71642
0.429966, 2.9412
-0.455211, 1.91569
-0.298993, 5.85395
0.40081, 3.02418
-0.867219, 2.67966
-0.525506, 4.15713
-0.977651, 5.49774
-0.907549, 4.83805
0.621129, 0.684476
0.429958, 0.27549
-0.727321, 5.90489
-0.540059, 1.40115
0.420154, 2.29228
-0.567242, 4.18488
0.655898, 2.59389
0.931451, 5.87679
0.362959, 5.3359
0.0656445, 0.00473824
0.993058, 3.3865
0.0424341, 4.92739
-0.909304, 3.50177
0.817974, 2.41863
-0.901913, 2.35879
-0.710577, 5.82676
-0.815185, 5.6188
-0.201952, 1.55166
0.585391, 1.61438
0.538594, 4.65782
-0.46264, 3.71357
-0.88298, 5.99824
-0.937877, 3.00892
-0.617617, 2.71456
-0.652576, 2.92374
-0.86804, 1.80868
-0.527794, 5.10284
-0.885952, 5.15385
0.747589, 4.48063
0.161486, 4.96134
-0.832414, 6.22891
0.832196, 2.70445
-0.27188, 0.511393
-0.377363, 4.75422
-0.747067, 3.97684
-0.105653, 2.28582
0.468282, 1.65497
-0.969244, 3.89049
-0.695642, 4.84464
0.085226, 0.87323
0.42657, 0.94117
0.702301, 4.67961
-0.929218, 5.91605
0.997576, 0.425365
0.732663, 2.55243
-0.906503, 2.58396
-0.995664, 4.6666
0.919545, 1.48376
-0.716667, 2.58074
-0.294651, 5.35015
0.675174, 4.49163
0.157694, 2.59117
-0.345324, 4.1469
0.867683, 3.00593
0.695987, 1.27728
-0.358012, 1.64644
0.111109, 0.198934
-0.90928, 0.155029
-0.774685, 4.13525
-0.992366, 2.41004
-0.989469, 0.641238
0.628015, 1.27004
-0.36401, 0.0104305
0.993268, 1.66836
0.714151, 0.891575
-0.62781, 0.168636
0.721948, 2.67505
-0.161426, 1.6691
0.810191, 5.66026
-0.425012, 2.03234
-0.452286, 6.08734
-0.674385, 2.46487
0.772963, 5.23098
0.769772, 5.79574
-0.950101, 1.56579
0.740299, 5.4338
0.562864, 1.95799
0.552991, 0.176908
0.903808, 5.32905
0.217093, 1.8308
0.436367, 3.56977
0.981849, 5.62116
-0.206824, 4.6332
-0.395885, 0.0849966
-0.995494, 0.171651
0.469128, 3.88842
-0.62595, 2.67339
0.759211, 2.69401
-0.949197, 5.51316
0.875292, 3.49139
0.466343, 6.06829
-0.0102946, 0.646864
-0.943725, 1.89069
0.932899, 5.07526
-0.986948, 4.0053
0.159018, 3.17548
0.26088, 1.13926
-0.356239, 1.81736
0.703739, 5.7234
-0.863854, 6.14448
0.978871, 3.30028
0.320703, 4.73376
0.279869, 3.65936
-0.253062, 5.21182
-0.80908, 2.86091
0.00785776, 5.55611
-0.0978381, 3.49364
0.565488, 0.746045
0.083423, 0.693484
-0.241197, 6.19929
0.319304, 4.55798
0.825752, 3.41361
-0.729004, 2.12174
-0.340689, 2.00927
-0.996441, 2.07882
0.740285, 2.09462
0.982046, 0.0879392
0.943781, 4.84885
-0.804547, 3.60439
-0.235481, 2.06463
0.132445, 4.74812
-0.553034, 5.55068
0.0436895, 3.10781
0.424818, 0.961502
0.1765, 1.80201
0.0594735, 2.18064
-0.00595094, 1.71692
-0.323683, 0.490722
0.201309, 0.806433
0.950017, 3.61161
-0.509328, 4.16829
0.715876, 0.277393
-0.419303, 6.20068
0.877631, 4.8364
0.894298, 6.03109
-0.569426, 5.80041
0.191297, 2.19149
0.104533, 1.14673
-0.142383, 2.58281
-0.715847, 4.75032
-0.435857, 5.37733
0.82727, 2.32808
0.613176, 2.4856
0.671133, 1.0554
-0.543172, 1.67541
-0.263213, 3.79471
0.796195, 0.771277
0.0885871, 1.78717
-0.709516, 5.36322
0.76623, 5.20973
0.812505, 6.09231
0.640053, 1.67236
0.499219, 3.89971
0.107429, 2.7985
-0.108604, 4.53108
-0.524644, 1.54408
0.336845, 3.42204
0.507037, 1.15273
-0.271623, 4.61875
0.857595, 4.98434
0.166853, 4.19423
-0.141559, 4.56884
-0.285458, 3.48263
0.344885, 5.81393
0.920413, 5.32256
0.311442, 2.07294
-0.868979, 0.14695
-0.320573, 3.37147
0.953758, 2.00882
0.781484, 4.03202
-0.186132, 1.88065
0.722272, 1.99138
0.233682, 0.562327
0.676405, 0.78798
-0.878205, 4.79009
0.718082, 3.03764
0.851418, 1.61792
-0.795622, 1.18924
-0.851694, 0.890121
0.647678, 6.20606
-0.855823, 3.55959
-0.775127, 1.65894
-0.411056, 1.84947
-0.958068, 4.03436
0.917844, 2.57067
-0.335724, 5.73784
-0.217866, 1.36203
-0.117277, 5.92995
0.453449, 0.0246899
0.664585, 1.76405
0.857096, 1.23364
-0.347096, 1.67962
0.66741, 6.27002
0.994726, 0.546687
-0.329977, 5.91248
-0.698681, 4.0363
-0.5163, 2.97173
0.811439, 4.58279
0.878692, 5.69289
0.332775, 4.09683
-0.926258, 5.74656
0.691256, 3.13468
0.264825, 4.59009
0.161065, 4.66493
0.295493, 2.6642
-0.694193, 2.27384
0.979443, 3.49756
0.701731, 3.99556
0.913862, 5.8035
-0.809328, 6.20162
0.796311, 3.58715
-0.379755, 5.56381
0.163482, 0.0187411
0.0367884, 6.25834
0.310139, 2.87587
0.510968, 0.266978
0.922226, 1.96541
0.896306, 1.78304
-0.351792, 1.24155
-0.82338, 6.02137
-0.0584037, 5.26889
0.463276, 5.764
-0.875083, 4.34385
-0.635965, 0.670491
-0.722443, 4.73614
0.414898, 0.275072
-0.69292, 2.26292
0.396152, 1.92539
-0.433983, 4.77503
0.870042, 3.76365
-0.23076, 5.68413
0.794069, 4.29963
0.868977, 0.738273
-0.380289, 2.84884
-0.709056, 0.961903
0.382468, 5.86935
-0.0572177, 2.44978
-0.227797, 0.15929
-0.926181, 0.944017
0.96844, 2.21071
0.553292, 3.92866
-0.801783, 3.7868
-0.366012, 5.82275
-0.0395511, 3.70169
-0.9363, 5.2678
0.605004, 4.74095
-0.783346, 4.93623
0.621862, 2.24154
-0.643485, 5.72318
0.550588, 4.70167
-0.0236823, 0.0722549
0.236454, 0.0951743
-0.877442, 6.20848
-0.723382, 4.00093
-0.910454, 1.13557
0.980274, 3.79154
-0.205738, 1.85423
-0.0356727, 0.0907867
-0.430667, 3.02617
-0.155061, 2.18003
0.862768, 5.53423
0.197628, 2.92786
0.636331, 3.95326
-0.927778, 2.45734
-0.4052, 2.45302
0.91507, 3.89636
0.543688, 4.28247
-0.0870797, 6.08377
-0.493736, 0.848216
0.633148, 4.51112
-0.66682, 3.01962
-0.893693, 0.0126425
0.9645, 5.43105
-0.663665, 4.78045
0.822542, 3.33009
-0.614243, 1.74623
-0.747979, 0.433143
0.164723, 0.804765
0.625672, 0.61667
0.599224, 1.86928
0.295829, 5.00295
-0.122241, 1.3716
0.536007, 2.97533
0.567522, 4.97621
0.616337, 3.85185
-0.941174, 0.581089
0.593987, 1.48236
0.726176, 4.47686
0.721127, 5.26127
-0.762371, 5.18795
-0.186967, 2.44226
0.456653, 4.70117
0.82944, 2.11464
0.977377, 4.16991
-0.556031, 3.09941
0.293632, 0.393823
0.538075, 3.40756
0.0965008, 2.98972
-0.786868, 1.07456
0.834946, 4.72774
0.664415, 0.340867
0.795182, 0.273867
0.0313301, 0.60238
-0.866979, 1.92919
-0.151799, 6.20691
-0.339847, 5.4624
0.890041, 1.57698
0.392568, 1.96099
0.341072, 2.60052
-0.711682, 2.04624
0.178465, 3.54806
0.0329964, 1.5058
0.973698, 5.77382
-0.814844, 2.12848
-0.863683, 6.16186
-0.61842, 0.0175001
0.809918, 1.71547
-0.959696, 6.03693
0.631473, 5.33456
-0.333682, 3.67465
0.780705, 1.022
0.0320502, 5.48161
0.933993, 5.86787
-0.354814, 5.29833
0.507368, 0.86036
0.0862748, 1.54191
0.862557, 1.95279
-0.0903037, 5.87382
-0.18454, 0.659744
0.431493, 5.00477
0.976741, 3.5092
0.883747, 0.650077
-0.907674, 6.09257
-0.518539, 1.19314
0.742041, 2.14181
0.921129, 5.0321
0.376497, 5.0489
0.508098, 4.64654
-0.0164161, 4.83818
0.0525649, 4.87187
-0.464638, 4.35795
-0.844961, 6.00316
-0.107247, 0.634231
-0.409357, 3.22215
-0.383693, 4.68945
0.354469, 2.54641
-0.396528, 1.76148
0.255956, 6.00487
0.403099, 0.807787
0.0334072, 2.57102
0.669753, 2.30713
0.966589, 5.65584
-0.847742, 4.17855
-0.768074, 4.41213
0.150582, 3.26235
-0.0990079, 5.77445
0.219863, 3.58609
0.999564, 5.75046
0.76253, 2.76008
-0.962493, 5.82317
-0.117576, 1.6073
-0.605153, 4.7816
0.811325, 0.177225
0.479567, 3.82045
0.718388, 4.07961
0.429564, 3.71123
0.513661, 3.38429
-0.179539, 0.477381
0.616808, 1.6915
-0.131644, 2.65374
-0.286793, 1.33076
0.977813, 4.09132
-0.923672, 4.52842
0.346665, 0.511404
-0.401877, 2.6873
-0.620738, 2.76806
-0.263365, 4.71451
-0.92537, 0.390532
-0.0415498, 1.87911
0.287832, 0.0992675
0.67286, 4.8157
0.936348, 0.612846
-0.951713, 2.75041
0.713363, 0.127229
-0.317289, 1.08747
0.875202, 3.31827
-0.758142, 3.13107
-0.863704, 2.66161
0.840799, 1.37653
-0.0763866, 1.5881
0.546913, 6.15603
0.135946, 1.07141
0.364815, 6.13209
-0.68068, 0.518358
-0.860167, 2.69533
0.319426, 5.34826
-0.187492, 0.788041
-0.62082, 4.83833
0.732927, 1.47945
0.594861, 4.70804
0.977295, 0.054345
-0.92671, 6.00363
-0.0743914, 5.88219
0.450765, 3.57711
-0.295978, 5.66428
-0.72983, 4.19372
-0.703858, 0.799218
-0.926025, 5.55334
0.198386, 0.932038
-0.310615, 4.60931
0.725036, 1.34799
0.684297, 2.35546
0.869031, 6.14921
-0.544514, 5.44432
-0.972763, 2.98661
-0.900393, 2.36517
0.337258, 1.8721
-0.83385, 3.66525
0.941198, 4.24292
0.959793, 0.114063
0.161187, 3.89217
0.55917, 1.47535
-0.131264, 4.92638
-0.0897985, 3.6558
-0.223305, 5.48586
0.601741, 2.3326
0.789409, 3.2221
0.952478, 4.64689
0.767827, 4.61395
-0.1307, 1.86113
0.0310735, 0.733209
-0.656085, 5.91967
0.47982, 2.53414
-0.823972, 2.42468
0.933625, 3.22514
-0.761783, 5.01695
0.469118, 5.08901
0.351868, 3.01664
0.338178, 1.62836
-0.623443, 1.08978
-0.220178, 2.37433
-0.960368, 3.55585
-0.163329, 2.46809
0.785034, 3.48509
-0.113091, 5.94819
0.989274, 1.65637
-0.205528, 6.23495
-0.984933, 3.47662
0.190907, 1.79553
-0.167561, 5.61799
-0.720181, 0.577931
0.485614, 0.926387
0.20454, 4.63487
0.369173, 0.345127
-0.387512, 4.55516
0.783836, 5.49056
-0.975414, 5.14368
-0.696062, 1.99154
-0.633093, 4.84782
-0.767905, 1.86836
-0.969154, 3.48001
-0.883968, 0.346125
-0.191786, 2.00903
-0.69714, 2.7886
-0.194666, 4.48473
0.137358, 4.07485
0.98365, 4.26914
0.803743, 2.90569
-0.715297, 1.34028
0.203186, 5.89448
-0.709894, 5.82017
-0.80943, 3.08179
-0.406401, 4.13232
-0.219208, 1.08162
0.883335, 0.527667
-0.998586, 4.3374
-0.905964, 5.23394
-0.887873, 4.35915
-0.916671, 5.23849
-0.787907, 0.257213
-0.739863, 3.34692
0.798508, 3.75627
-0.130689, 1.98402
0.914168, 2.3631
0.153631, 2.30584
-0.456484, 5.10027
0.917029, 1.54621
-0.47194, 1.7609
0.157403, 5.50227
-0.122703, 0.204127
0.766977, 1.51787
0.76107, 5.63514
0.0557268, 0.583754
-0.40146, 1.55987
-0.421157, 5.88622
0.571538, 4.92354
0.0317389, 3.77819
-0.242515, 0.952573
-0.782218, 1.5212
0.489615, 2.48907
-0.678704, 3.65825
0.192004, 6.0121
-0.619145, 0.126531
0.406102, 6.26665
-0.675763, 1.58521
-0.995263, 2.79448
-0.913366, 5.09893
0.574681, 5.10625
0.822328, 0.708214
-0.440854, 5.29043
0.9373, 2.6404
0.674221, 2.89616
-0.300498, 5.31299
0.0611622, 0.021474
0.832794, 4.71566
0.272489, 5.51414
0.488581, 1.12309
-0.645858, 3.92866
0.138142, 5.26216
-0.795918, 2.43533
0.482977, 5.29445
-0.897765, 1.61826
0.853819, 2.10756
-0.414232, 1.91696
-0.920338, 5.6101
-0.0984416, 5.3522
0.989998, 1.43478
0.751184, 3.34467
-0.417092, 2.7814
-0.684396, 0.0442305
0.962629, 0.110056
-0.82004, 5.90099
-0.829998, 5.17875
-0.758249, 4.99733
-0.491954, 4.53345
0.714049, 1.46121
0.879653, 5.66234
0.760223, 6.05401
0.580282, 2.37075
0.326056, 3.29739
0.887185, 0.865171
-0.938838, 5.43274
0.818124, 1.05759
0.815698, 5.13909
0.567937, 5.64685
-0.417856, 6.24705
0.329736, 3.35074
0.452483, 5.70788
-0.479554, 4.23167
-0.714275, 4.91054
-0.997092, 0.342262
-0.949487, 1.6009
-0.838443, 2.87261
0.443034, 3.55829
0.780046, 0.468695
0.44551, 3.96975
-0.941356, 2.25477
0.604474, 0.27981
-0.208223, 3.41877
0.210181, 1.2734
-0.92856, 1.06656
-0.448164, 2.89131
-0.981831, 3.09271
-0.706473, 1.45828
0.0857915, 2.78464
0.436468, 3.90307
0.711478, 1.317
-0.10805, 3.74336
-0.190597, 3.58801
0.912005, 3.524
-0.437557, 4.8413
-0.989305, 4.47786
-0.370921, 2.22256
-0.926646, 0.442123
-0.89667, 3.34205
-0.862107, 3.86903
0.0833966, 2.66043
-0.800664, 6.24148
0.979089, 1.00516
0.907171, 3.56014
0.36646, 1.56949
0.375709, 2.37225
0.632951, 2.9929
0.482611, 2.41315
0.797295, 4.81156
-0.205032, 4.7764
-0.659567, 0.728121
0.927661, 4.53946
-0.916328, 6.28225
-0.557133, 3.55357
0.649108, 3.88989
0.50544, 0.633043
-0.847008, 1.67142
0.859739, 1.14495
-0.271209, 4.65898
-0.429131, 3.66281
0.126959, 3.76988
0.687751, 4.16501
-0.699914, 3.69294
0.997481, 3.75404
-0.504102, 2.19214
-0.511953, 5.303
-0.823734, 4.0281
-0.135711, 2.89862
-0.922941, 1.98305
0.605899, 3.79248
0.780848, 3.21859
-0.434654, 2.09308
0.397238, 4.12587
-0.56299, 3.94081
-0.812463, 6.16731
0.711258, 0.462131
-0.836838, 4.01317
0.946527, 4.16536
0.358406, 6.12839
0.614508, 2.22643
0.931928, 1.83464
0.634787, 3.67744
-0.785823, 0.633191
-0.325849, 3.10998
0.0630445, 5.50476
-0.425637, 2.53086
-0.275926, 4.08685
-0.253476, 5.61258
-0.857724, 3.32422
0.969588, 2.56984
-0.978664, 0.85835
0.870552, 6.2728
0.000304275, 2.61931
0.525981, 0.125411
0.430913, 2.31222
-0.662597, 3.99001
-0.953809, 3.22497
0.820187, 0.357013
0.173986, 1.78364
0.976459, 4.05616
0.303468, 5.57638
0.988086, 2.82628
0.0498719, 5.03328
-0.930203, 5.19449
-0.878394, 1.21514
-0.167282, 5.1169
-0.242389, 3.79331
0.924072, 2.92222
-0.416268, 5.19085
-0.269144, 1.40867
0.792354, 2.25802
-0.663867, 2.23107
0.507957, 0.747069
0.564137, 0.41037
-0.238412, 5.54966
0.920352, 3.29987
0.877721, 2.84998
-0.916154, 1.2037
-0.106831, 4.48137
-0.981874, 4.62528
0.0618697, 0.480184
-0.655898, 3.388
0.789402, 4.23025
-0.71115, 4.48635
0.304126, 3.34316
-0.202334, 1.70393
0.723237, 1.2716
-0.844792, 2.96846
0.290191, 0.0806423
0.858666, 0.14952
-0.68168, 2.97931
0.446546, 3.70719
0.941737, 5.84874
-0.173771, 2.80115
-0.457014, 3.57443
0.853938, 4.38958
0.910338, 6.20857
0.759919, 1.78297
0.214456, 0.705784
0.942612, 5.22419
0.603172, 0.117968
0.684943, 4.96265
0.922503, 1.1894
-0.392881, 2.96358
-0.0404615, 2.54152
-0.34736, 5.47865
0.702484, 4.46859
0.889223, 3.96076
0.730608, 3.38069
-0.736776, 0.27912
0.797732, 2.68669
0.178991, 4.05406
0.420068, 3.12517
0.711815, 4.72415
-0.834785, 5.55632
0.384477, 2.76684
0.284473, 2.94459
-0.733929, 0.0826981
-0.0666204, 1.48206
-0.761177, 4.10462
0.113312, 5.2689
-0.182962, 5.26441
-0.987493, 4.31165
0.670676, 6.24099
0.366395, 2.49959
0.514701, 4.35123
-0.309282, 2.47226
0.965636, 2.18568
0.965652, 2.78393
-0.471532, 6.15763
-0.840769, 1.62349
-0.950669, 5.66269
0.739561, 5.1201
-0.35396, 3.06592
0.392378, 5.18802
-0.961534, 2.59877
0.711634, 2.33879
-0.337634, 2.10741
0.563976, 5.90904
-0.912505, 1.85161
0.0213295, 2.36318
-0.928293, 4.07956
0.126923, 4.84449
0.0367624, 2.46732
-0.72624, 4.46511
-0.449308, 1.36248
-0.693074, 6.1257
-0.987092, 0.356979
0.97626, 3.67359
-0.487628, 3.39598
-0.0220389, 2.65876
-0.131948, 2.15426
0.307993, 4.77396
0.262478, 3.78202
0.955464, 0.134916
0.685545, 1.81476
-0.160277, 0.909887
0.546722, 5.8004
0.488694, 5.95745
0.0674341, 3.47142
-0.111741, 5.89437
0.838545, 4.95023
-0.435986, 4.46956
-0.815655, 3.96277
0.650165, 5.94477
-0.709062, 3.61302
-0.656933, 1.21853
-0.143421, 0.0739651
-0.515566, 0.951558
0.0155768, 0.179057
-0.69365, 2.85737
0.99491, 4.1306
-0.788179, 3.78155
-0.834548, 1.0442
-0.415612, 4.18131
0.594057, 5.26501
-0.7315, 2.93662
0.923264, 3.01755
-0.492464, 3.74235
-0.915985, 2.95783
-0.172017, 3.29713
0.925868, 5.2043
0.0382225, 3.06642
-0.995638, 2.26547
0.0562721, 3.29886
-0.0742108, 3.10967
-0.865343, 1.51829
-0.772429, 3.13905
-0.589396, 2.83903
-0.372154, 5.47006
0.986918, 5.31831
-0.696668, 3.88282
0.907301, 1.66682
-0.93697, 2.96394
0.531313, 0.457457
0.657493, 4.41113
-0.308547, 4.44137
-0.550274, 4.3821
0.204063, 6.20258
0.998588, 2.72728
-0.877794, 2.45423
-0.611275, 3.07803
0.0975882, 2.30282
-0.940289, 3.08315
0.662932, 4.88225
0.0556622, 4.48663
-0.0831734, 3.58821
-0.30379, 4.65975
-0.899371, 2.51558
0.860189, 4.07983
-0.729635, 0.593031
0.896934, 0.279597
0.810936, 2.04886
-0.64693, 3.69772
0.869444, 2.85896
-0.688686, 3.27675
0.808442, 1.1596
-0.164417, 4.97002
-0.899519, 5.59577
-0.924838, 3.9787
-0.851699, 5.99219
0.969181, 0.00681403
0.350378, 5.44033
-0.242203, 1.57488
0.665244, 0.688227
-0.259087, 2.05704
-0.329599, 1.94387
-0.0497274, 1.47434
-0.279588, 5.22305
0.00475495, 4.71549
-0.621325, 5.87008
0.524778, 1.94078
0.79661, 3.41692
-0.77622, 2.66503
-0.00416874, 5.79051
0.902417, 0.386874
0.988066, 3.50542
-0.194319, 0.870667
-0.508222, 3.70183
0.960746, 2.10738
-0.334036, 3.64699
0.88787, 4.98021
0.968778, 3.20471
0.973576, 5.99451
-0.224952, 3.84517
0.699863, 5.64995
-0.478841, 0.410324
0.855822, 1.81004
-0.533524, 4.62192
0.878184, 2.87727
-0.441302, 5.34977
-0.96781, 3.00941
0.325772, 4.69828
-0.176366, 1.77979
0.880136, 1.15886
-0.903775, 3.2395
0.409688, 5.33983
-0.26351, 2.38966
0.759775, 4.75434
0.865447, 1.04056
0.906621, 5.90191
-0.791338, 6.02225
-0.457082, 1.41025
-0.980346, 0.366186
-0.334498, 6.22593
0.949688, 0.805471
0.632257, 1.74327
0.81217, 3.14453
0.396123, 0.41296
-0.521926, 0.0346053
0.793263, 4.79807
-0.713284, 2.0735
-0.597064, 1.08288
0.920862, 2.56451
0.523474, 2.71986
0.931068, 0.236038
-0.79395, 3.4212
0.77214, 3.89755
0.89152, 2.735
-0.746058, 2.54622
0.485146, 5.55321
0.948565, 6.1891
0.833458, 1.7647
0.769383, 2.81565
0.736575, 3.13289
0.884826, 5.52145
0.172689, 2.01443
0.605541, 1.95344
0.145961, 5.92021
-0.846754, 0.895338
0.558553, 6.0713
0.914367, 2.12066
0.901787, 0.331106
-0.386582, 5.96914
0.988805, 2.64144
-0.0965115, 4.58479
0.559118, 0.969203
-0.590116, 5.50184
0.637129, 2.76446
-0.536844, 3.86122
0.43966, 0.2053
0.453149, 1.3826
0.562545, 5.13854
0.689122, 5.41947
-0.266284, 5.11049
-0.721942, 2.99232
-0.507341, 3.66509
-0.595092, 5.3013
0.829878, 2.64027
0.316615, 2.26849
-0.464873, 1.40116
-0.17431, 0.0921026
0.0853712, 1.24686
-0.139701, 5.79928
0.772195, 5.76263
-0.124693, 2.92685
-0.786286, 0.894426
0.962005, 2.25725
0.937629, 3.89385
-0.742968, 0.230913
-0.941735, 0.219095
0.705016, 2.27464
-0.824577, 5.4917
0.606617, 3.1484
0.838272, 2.65727
-0.239644, 4.56857
0.177185, 0.691476
0.88325, 2.10066
-0.883486, 4.41076
0.628558, 1.26784
0.335525, 6.01281
0.783787, 4.27524
0.643407, 4.308
0.131864, 1.47067
-0.698658, 0.460928
-0.820508, 4.54812
0.125921, 4.89151
-0.281352, 4.03012
-0.664364, 5.7018
0.637336, 4.02105
0.271687, 0.0927917
-0.971422, 0.771954
0.753889, 0.880565
-0.732635, 4.6332
-0.152944, 5.44411
-0.300044, 5.57851
0.753321, 5.1534
-0.757086, 5.82238
0.561644, 4.30614
0.769721, 1.87114
-0.928875, 0.622365
-0.458637, 4.70911
0.428283, 5.88966
-0.952276, 0.298515
-0.0560905, 3.72606
0.6682, 6.08828
-0.537214, 4.81778
-0.869495, 0.516161
0.847602, 4.42956
-0.903216, 1.54432
-0.717187, 1.71243
0.627478, 4.10804
0.311925, 3.65733
0.416197, 4.20403
0.543258, 1.69362
-0.826764, 1.11227
0.906763, 3.09796
-0.954279, 4.3038
0.928713, 3.41861
0.907157, 6.18367
0.508399, 1.7287
0.0312107, 3.15163
0.723015, 5.45892
-0.513555, 0.942907
0.922015, 4.97249
0.118967, 4.81501
0.960828, 2.49159
0.864002, 5.25557
-0.499051, 5.34046
-0.867741, 4.06273
-0.174084, 0.373185
0.780671, 2.80534
0.245136, 3.95744
-0.964634, 1.50289
0.845586, 0.680055
-0.937375, 2.45124
-0.928289, 1.02438
0.816508, 1.50919
-0.0470111, 2.54405
0.782567, 0.0673183
0.17255, 0.605724
-0.219634, 3.12206
-0.252625, 6.06787
0.314572, 2.52486
0.68693, 0.636068
-0.960899, 3.21396
0.732109, 2.43308
0.198465, 3.27149
0.730343, 0.972859
-0.427436, 2.22227
-0.865332, 2.29836
-0.866263, 4.63349
-0.84149, 0.110849
-0.437683, 5.54415
0.710627, 6.03844
-0.375121, 5.41073
0.900202, 2.14385
-0.430751, 3.21998
0.892649, 1.57448
0.332474, 3.92417
-0.567145, 1.08261
0.273712, 2.45957
-0.578566, 6.02725
-0.904214, 3.84231
-0.959651, 4.87477
0.988643, 5.89036
0.0168327, 4.37496
0.692706, 0.0880141
-0.453497, 0.267976
-0.265191, 4.36021
-0.686443, 0.0384077
-0.227365, 0.931359
0.767168, 3.01385
-0.284961, 1.14302
0.90952, 1.56903
0.445434, 2.0813
0.833865, 4.26144
0.74813, 3.52531
-0.33281, 5.93818
-0.682852, 0.0996987
-0.383101, 3.04091
-0.119741, 0.699832
0.721019, 3.28891
0.0563637, 5.56596
0.265609, 3.88919
-0.928532, 6.03513
-0.536839, 5.31229
0.715552, 3.11558
0.278537, 2.91106
0.984779, 3.35539
0.643925, 0.339319
-0.388057, 1.97405
0.645579, 5.08766
-0.0467039, 2.93709
0.185052, 3.15839
0.947312, 3.83795
0.384249, 5.54595
0.837554, 1.33095
0.307056, 5.52405
0.18659, 0.0875111
0.802352, 4.01142
-0.697168, 3.68241
0.663312, 6.18353
0.372984, 2.60281
0.905783, 5.14624
-0.246678, 6.27638
0.328463, 3.70986
0.275294, 4.08054
0.0303757, 2.57769
-0.117806, 2.87604
-0.580088, 3.25244
-0.465731, 2.48472
0.506319, 4.09911
0.616638, 6.19392
-0.925141, 4.65668
0.513731, 2.94493
-0.45316, 2.67972
0.924797, 3.28417
-0.803606, 1.04477
0.0696059, 2.31958
0.314535, 5.02752
-0.0469577, 2.28584
0.547618, 2.16309
0.552207, 5.11306
-0.197001, 2.42295
0.141575, 2.94992
-0.459737, 1.09726
0.303248, 0.00242398
0.473822, 0.330956
-0.746252, 3.22876
-0.497811, 1.35109
0.511968, 4.87387
-0.0686872, 5.44957
-0.409678, 3.37194
0.982708, 6.23404
0.367028, 6.09382
-0.365083, 4.32091
-0.366858, 0.181651
0.0312684, 1.51957
0.860831, 2.84681
-0.00564605, 4.58533
0.761821, 1.98197
0.808082, 6.16725
-0.916242, 4.334
-0.604411, 0.0343594
0.880439, 5.29728
0.486321, 1.52377
0.510697, 0.144298
0.572008, 0.30326
-0.0789095, 2.09192
-0.232146, 3.76608
-0.564668, 0.858131
-0.688128, 5.38314
0.675781, 0.249442
-0.482103, 4.89669
-0.168772, 1.18988
0.30373, 0.147446
0.356782, 4.73544
0.725837, 4.79666
0.93108, 4.1916
0.709837, 1.9664
0.990267, 3.73118
-0.774305, 1.65948
0.955967, 4.8183
0.496829, 4.52305
0.0775481, 2.19951
-0.668461, 2.56702
-0.0488805, 3.07369
-0.64524, 4.3777
-0.930462, 2.01027
-0.968231, 2.09789
0.165652, 6.05678
0.521417, 1.30997
-0.168171, 1.09001
-0.747711, 1.09362
-0.572741, 2.98317
0.968486, 0.809295
-0.595737, 4.39561
0.490378, 2.4996
-0.0826474, 4.50016
0.908648, 5.54888
-0.327104, 1.98074
0.727864, 3.77543
0.872479, 2.29525
-0.8743, 1.69061
-0.299999, 3.45685
-0.331019, 3.28307
-0.710214, 2.67033
-0.700631, 2.97974
0.552546, 4.6506
0.613199, 5.4327
0.716827, 6.14061
-0.368675, 5.81508
0.436418, 3.29195
0.655766, 0.546988
-0.676162, 0.500891
-0.898435, 0.738256
-0.634399, 3.23622
-0.587073, 1.03869
0.394658, 3.57407
-0.475247, 1.21939
0.137013, 0.39391
0.731089, 3.61344
0.0396296, 1.52084
0.102615, 0.853496
0.639123, 0.464756
0.882325, 4.65579
0.860778, 0.0427472
0.918199, 1.51963
0.410879, 2.76596
0.627191, 3.12894
0.02053, 3.07037
-0.870089, 2.35511
0.365722, 0.990527
0.843767, 5.26836
0.906949, 3.75521
0.365949, 2.52002
0.324914, 5.80462
0.804041, 0.942459
-0.480463, 2.35875
0.691221, 4.18789
0.639287, 2.59389
0.538035, 1.26768
0.341614, 0.650613
-0.946889, 3.98772
0.269006, 6.00109
0.556861, 3.96384
-0.904772, 3.6983
-0.597806, 0.0812994
0.941959, 4.81439
0.203979, 3.02469
0.295293, 3.71716
0.0359938, 1.35408
-0.875227, 1.2468
-0.143456, 2.07325
0.523629, 4.83918
-0.83771, 2.55239
-0.71578, 0.511221
0.92503, 4.74223
-0.839778, 4.88816
-0.465751, 0.0218694
-0.908887, 4.11978
-0.77572, 6.23291
-0.0465305, 3.7258
-0.852087, 4.82796
-0.307715, 4.01974
-0.213859, 0.526162
-0.761065, 4.62204
0.943821, 2.84719
-0.856637, 0.829501
-0.818044, 4.07365
0.212429, 3.4519
-0.896828, 0.65826
0.840333, 1.13155
-0.264932, 4.61454
0.207145, 5.47758
-0.461399, 3.48633
-0.990956, 0.182546
-0.274743, 2.45034
0.471834, 4.80724
0.94905, 1.33892
0.910215, 6.02448
0.809177, 5.14303
0.0668535, 3.38979
-0.211776, 4.46076
0.826041, 3.69368
-0.892374, 0.110175
0.809244, 0.854535
0.496218, 2.45502
-0.982756, 2.40176
-0.0629458, 0.0669701
0.819265, 4.69157
0.431672, 5.71813
-0.700321, 2.68484
0.965673, 3.93784
-0.0277931, 0.402658
0.23426, 2.64434
-0.729889, 5.41728
-0.285252, 1.80769
0.136239, 4.60771
-0.359376, 5.61754
0.539667, 2.92328
-0.144696, 0.806721
0.381723, 1.91987
-0.973097, 0.369775
0.463845, 3.07063
-0.548345, 5.41146
0.978376, 0.750771
0.740888, 4.16451
0.99188, 4.41526
0.643009, 0.401307
-0.999619, 3.45176
0.0186301, 5.68487
-0.776249, 5.97273
-0.640632, 1.91395
0.844745, 5.97107
0.363287, 5.60029
-0.0711131, 1.68693
0.44896, 1.30179
-0.95091, 5.33044
0.904354, 5.79633
-0.0858575, 4.62822
-0.0690062, 1.46205
-0.560386, 3.8406
0.219986, 0.20769
0.98192, 0.314748
-0.806866, 1.91908
0.9914, 0.573845
-0.741722, 5.50019
0.612571, 1.17068
0.692569, 5.35837
0.414234, 4.3241
-0.467695, 0.638625
0.824097, 4.64397
-0.952432, 1.3838
-0.947462, 4.34185
0.388074, 6.22149
-0.369018, 0.364545
-0.492616, 3.73493
-0.759979, 0.121068
-0.293126, 5.12431
0.974819, 3.22674
0.243802, 4.89734
-0.536985, 3.617
-0.00123871, 0.198015
-0.942082, 4.30561
-0.169942, 3.29987
0.622137, 1.2807
0.439017, 5.91835
-0.463398, 5.93921
0.0923954, 2.5456
0.818421, 1.81255
-0.783265, 3.22089
0.404086, 1.81709
-0.132066, 5.17738
-0.687506, 3.58302
0.705683, 5.08359
0.500679, 5.76838
0.472755, 1.5464
0.356433, 5.13563
0.759928, 0.0738715
0.0263055, 5.44202
0.606241, 1.37282
-0.0722194, 2.99243
0.9841, 2.64576
0.347633, 3.85046
-0.816971, 0.188916
-0.113881, 5.82927
-0.976953, 5.88668
0.65189, 5.34253
0.0681928, 2.20097
-0.784422, 6.11183
0.0563634, 3.9103
0.352045, 4.70276
0.515425, 4.19859
0.678157, 3.22118
-0.63872, 4.26347
0.942792, 4.74744
0.946264, 2.98491
0.19523, 3.12432
-0.277416, 4.36458
0.35214, 5.33435
0.513838, 2.65875
0.419679, 4.75418
0.796853, 3.82942
0.400395, 5.61852
-0.678262, 5.21404
-0.082233, 0.28003
-0.405676, 1.71844
-0.69856, 0.0735315
-0.309361, 0.901041
0.043966, 5.97394
0.0468699, 1.59212
0.486723, 4.92293
0.850347, 0.484797
0.587517, 1.19715
-0.560143, 3.12433
-0.982574, 1.35535
-0.923048, 2.88419
0.347346, 3.41364
0.927932, 1.538
-0.645053, 1.24436
-0.868087, 0.845349
0.864859, 6.21976
-0.814959, 2.40931
-0.423602, 4.56271
0.883909, 4.8804
0.24202, 0.724548
-0.195758, 0.0867167
0.994115, 0.0321386
0.40774, 4.88516
0.876185, 5.51841
0.119428, 4.54309
0.438728, 3.79305
0.99063, 1.93474
0.585773, 3.6065
-0.444569, 0.0666967
0.258526, 6.03024
-0.878838, 2.67968
-0.11066, 5.33129
-0.764741, 6.00762
-0.543095, 1.1197
-0.113399, 5.87779
-0.42663, 0.369719
0.625153, 3.38919
0.577391, 2.51787
-0.418825, 1.13197
0.613, 1.64234
-0.352227, 1.45067
0.7981, 5.51352
0.293302, 2.87423
0.153725, 5.59506
-0.286751, 3.05383
-0.714187, 1.84267
0.542347, 1.26063
0.546283, 2.86665
-0.833938, 1.97153
-0.839373, 5.40193
-0.070736, 2.48839
-0.685327, 5.45107
-0.451222, 5.30581
0.832012, 1.25638
-0.424426, 1.60722
0.694505, 2.42868
-0.70304, 3.80253
0.198423, 2.4493
0.991799, 1.72032
0.896919, 2.91788
-0.862463, 5.43822
0.411575, 0.530078
-0.321711, 3.9608
0.966706, 3.24103
-0.703805, 1.61212
0.78893, 0.713768
-0.906887, 5.83721
0.443823, 4.86712
-0.401947, 6.12557
-0.942081, 4.57353
-0.429352, 0.600305
-0.297224, 4.38877
0.892271, 0.862553
0.976106, 0.159219
0.635368, 3.66179
-0.649322, 1.20073
0.313082, 2.02125
0.951973, 1.42963
0.3508, 5.79824
0.855667, 2.45594
-0.350214, 4.0533
0.641292, 2.64166
-0.318154, 3.66096
0.64722, 5.7214
0.00739339, 0.292576
-0.939825, 3.60306
-0.242227, 5.44543
-0.55056, 3.00326
-0.389875, 2.10996
-0.558689, 1.78725
-0.629866, 0.29905
0.728824, 2.14461
0.0369303, 3.16289
-0.231777, 3.96466
-0.257744, 2.95353
0.754466, 0.934038
-0.450716, 0.95832
0.335803, 0.351842
-0.953628, 3.72039
0.140608, 1.40679
-0.138226, 0.759637
-0.0325232, 5.83787
-0.675793, 3.11482
-0.330427, 3.34455
-0.446454, 4.1167
0.748937, 4.6303
-0.452055, 2.12421
-0.357399, 4.97653
0.777085, 2.15348
-0.106642, 0.325937
0.915946, 2.94207
-0.941092, 3.56605
0.929392, 2.39403
0.610577, 5.17431
-0.690934, 5.34233
-0.416112, 3.19216
0.547585, 5.45437
-0.973588, 5.75256
-0.729149, 4.99006
0.467171, 3.08248
-0.725723, 1.27658
0.487742, 3.77714
-0.162115, 1.39421
-0.715131, 5.46937
0.583651, 0.0723304
-0.461139, 3.42128
0.170449, 6.1602
0.810888, 6.22675
0.737677, 2.37502
0.232349, 2.40598
-0.430731, 0.500752
-0.353035, 3.15699
0.298527, 4.73324
0.537617, 6.00797
0.847011, 1.80066
0.513766, 3.11386
-0.0051888, 2.99594
-0.953931, 3.00324
0.118187, 0.0876688
0.631611, 1.84603
-0.901837, 0.793141
-0.987448, 2.69433
-0.0844949, 0.00105289
-0.0901382, 4.84162
-0.201926, 1.65223
-0.215275, 2.98625
0.853181, 0.627208
-0.549313, 0.702536
0.696207, 5.28705
-0.977916, 2.04614
-0.925694, 3.87012
-0.416211, 0.592493
-0.560443, 6.245
-0.853338, 4.38545
-0.734395, 4.51842
-0.486012, 5.94322
0.272508, 0.401501
-0.704631, 4.90821
0.954568, 2.65897
0.440053, 3.67345
-0.835801, 4.54894
0.897167, 2.69848
0.712537, 5.31927
-0.263289, 6.0067
-0.00371944, 0.370947
-0.508612, 4.39047
0.5559, 2.03333
0.727057, 3.56204
0.413947, 4.25069
-0.885322, 0.584624
-0.920932, 0.461593
0.703165, 2.6335
-0.824933, 3.30959
-0.360278, 5.00711
0.678208, 0.811603
0.43392, 3.55246
-0.789313, 4.72257
-0.203157, 2.90557
-0.553839, 3.16237
0.995752, 5.88174
-0.496219, 2.04492
0.425332, 1.37548
-0.784994, 3.91558
0.210341, 5.90675
0.570601, 3.86662
-0.40225, 0.77159
0.219306, 4.58358
0.815645, 0.368899
-0.559161, 5.09154
0.505187, 6.03434
0.951845, 5.5411
0.748296, 5.46576
-0.4371, 4.40105
-0.615236, 6.23487
0.62781, 4.38969
0.561073, 3.3481
0.401347, 0.413584
-0.0458566, 0.0456864
-0.80028, 5.65417
-0.951709, 2.61676
0.408162, 1.2837
-0.621077, 0.756726
-0.705373, 6.23862
0.0281212, 2.24351
0.765747, 4.02349
-0.900629, 2.56004
-0.543042, 5.94161
-0.218204, 5.74495
0.0241508, 4.9167
-0.591392, 5.99901
0.295183, 4.68936
0.121209, 4.1665
0.0295008, 0.558203
-0.762416, 1.41899
-0.911887, 4.40391
0.667918, 2.49429
-0.671513, 2.12093
-0.871874, 5.65335
0.46139, 2.24914
0.507722, 1.6366
0.0969665, 4.26833
-0.983413, 6.22801
0.255075, 1.50218
0.8482, 3.21185
-0.992409, 4.55665
0.777184, 4.92905
-0.0139714, 1.93355
-0.248065, 3.07978
-0.730436, 5.27323
-0.0492084, 1.44124
-0.959205, 1.45411
-0.778514, 3.93172
-0.766374, 0.971753
-0.571652, 4.45421
-0.00921638, 3.63936
0.685676, 3.58307
-0.111545, 4.44388
0.225573, 0.326057
-0.834434, 5.61179
-0.536154, 6.1242
-0.257561, 2.69218
0.978393, 4.60517
-0.557747, 3.51107
-0.923194, 5.62395
0.82569, 1.13022
-0.611225, 0.760587
0.575339, 4.61112
-0.962499, 5.69552
0.0454841, 1.83962
-0.0892482, 2.76356
-0.687292, 6.14493
0.758922, 4.54175
0.914027, 4.97452
0.0826313, 0.0259945
0.56334, 2.21401
0.838577, 4.77576
0.781026, 1.63819
-0.117777, 5.79312
0.274969, 0.588982
0.510221, 1.57874
-0.665671, 4.79013
0.852781, 3.57466
0.559196, 4.14126
-0.518459, 4.84726
-0.214823, 6.12165
-0.844528, 1.894
-0.530531, 2.20044
0.248919, 0.654219
-0.0232687, 3.9171
-0.547601, 3.01995
-0.536988, 4.74578
-0.090901, 4.93919
-0.350888, 5.17543
-0.876615, 6.19959
-0.413957, 2.46863
0.802479, 5.74867
0.0126904, 5.85101
-0.716472, 2.0548
-0.882731, 3.45135
-0.996174, 3.82066
0.232511, 2.65453
-0.555639, 0.137908
-0.456757, 0.909873
0.925638, 0.136555
-0.508246, 2.97656
0.373174, 5.75013
0.191171, 4.07584
-0.838911, 5.7247
-0.815582, 4.39043
-0.592386, 2.31061
-0.350891, 0.391286
0.876215, 3.8665
0.608919, 0.712883
-0.802043, 2.32754
0.614074, 3.33582
-0.722926, 2.13606
-0.702263, 5.52983
0.653951, 3.22529
0.115752, 4.13135
-0.288054, 0.367545
-0.567062, 2.65701
-0.995094, 0.826543
-0.838776, 2.47077
0.922377, 1.95163
0.317715, 4.70662
0.615891, 0.0290105
-0.330239, 5.80624
-0.632147, 3.2756
-0.541767, 5.70899
-0.34469, 4.59181
-0.232238, 5.65523
0.208463, 5.0139
-0.924883, 5.21964
0.905036, 3.70891
0.915991, 6.19454
0.981046, 0.803942
0.651207, 4.94611
0.0347651, 4.71725
0.26989, 0.417184
-0.833159, 0.490374
0.848451, 5.28349
-0.885752, 1.47659
-0.368334, 3.50079
-0.614966, 4.98962
0.878808, 4.63988
0.489194, 4.06849
-0.14863, 4.0929
-0.723602, 1.19715
-0.147428, 3.51342
0.700714, 5.61637
0.461581, 0.718738
0.935963, 5.57181
-0.831041, 3.68565
-0.651354, 6.17136
-0.117916, 1.57434
0.802657, 6.07381
0.876443, 1.71712
0.953223, 2.44334
-0.803675, 4.09124
-0.331353, 1.17941
-0.0521709, 1.73808
-0.941296, 1.13162
0.234572, 0.702751
0.542718, 3.10133
0.700618, 4.4773
0.234966, 0.666533
-0.848726, 1.53176
-0.487664, 0.605704
-0.818128, 0.790281
-0.382549, 2.1494
-0.685245, 1.05095
0.971694, 1.58601
-0.900976, 2.59515
-0.995173, 5.21894
-0.844257, 3.57086
0.7781, 1.25101
0.00757523, 0.612113
-0.377234, 2.98823
0.782645, 4.90766
0.650938, 4.44026
-0.570254, 0.982658
-0.485517, 5.16756
0.103837, 2.28636
0.696008, 4.77932
-0.907532, 4.56948
0.138449, 2.98939
-0.999539, 6.08094
0.721503, 3.24371
0.868209, 6.27479
0.398284, 1.85934
0.788167, 4.26015
0.910648, 1.97548
-0.950687, 5.05877
-0.418558, 0.9352
-0.318609, 5.45051
0.945145, 2.03612
-0.882549, 4.55832
-0.779937, 5.24698
0.778079, 4.42316
0.665489, 0.939589
0.420667, 3.79875
-0.825898, 1.02403
0.842166, 1.10883
-0.852888, 6.23495
0.187083, 0.210427
-0.797818, 0.00727367
-0.0214677, 4.70946
0.297105, 5.27644
0.19929, 5.1463
-0.247818, 0.564855
-0.0459512, 4.36815
0.27924, 1.6061
0.646615, 1.50623
-0.600771, 3.55331
0.284739, 3.18137
0.693441, 2.03182
0.209006, 2.41708
0.820294, 5.51414
-0.874909, 4.60442
0.931561, 0.137512
0.451242, 1.21224
-0.251593, 0.830852
-0.273421, 3.70528
0.736953, 0.217104
0.808427, 0.738693
-0.683363, 5.30393
0.643075, 0.0735804
0.664999, 4.79973
-0.135277, 4.35325
0.899822, 2.94759
-0.802441, 0.109726
-0.644633, 3.90771
-0.0865322, 0.986261
0.752272, 5.00233
0.984328, 2.02291
-0.000585038, 2.48287
0.758861, 4.48321
0.695651, 1.63693
0.799725, 0.219338
-0.459617, 0.554824
0.795711, 6.00171
0.526828, 0.519113
-0.937553, 2.22965
0.53482, 0.971044
0.85214, 1.46435
0.684434, 1.69222
0.851582, 5.07598
0.511213, 3.70972
0.641406, 3.02547
-0.638728, 6.08783
0.662304, 3.99302
0.674724, 3.8603
-0.865841, 1.3068
-0.945114, 4.71541
0.594684, 0.116931
0.896762, 0.981807
-0.671346, 6.00514
-0.885982, 1.43223
0.967813, 0.182704
0.347126, 0.633525
-0.221722, 2.316
0.658916, 4.38413
0.397516, 2.26861
-0.958306, 1.91975
0.998999, 0.773922
-0.877899, 3.62743
-0.421779, 0.918495
-0.355153, 0.448098
0.929835, 4.87446
-0.0514129, 2.70867
-0.0715997, 6.2786
-0.195151, 5.83747
0.0875549, 3.71365
-0.867561, 3.67921
0.307535, 4.13232
0.3076, 0.653438
-0.487361, 5.91984
0.352732, 1.76714
-0.890021, 3.54518
-0.705712, 4.32376
0.681686, 3.58514
-0.642967, 0.764262
-0.728073, 4.13062
0.377986, 4.73382
0.401922, 1.08085
-0.14681, 2.00064
-0.481835, 3.25451
-0.686102, 3.01926
0.481276, 4.50565
-0.972085, 4.62543
-0.585334, 0.434427
0.535138, 4.29199
-0.585603, 1.85018
-0.281161, 0.987116
-0.165446, 0.728357
-0.704286, 4.10988
-0.403814, 0.766757
0.124684, 4.12198
0.853642, 2.69394
-0.0787301, 0.614499
0.65424, 5.85725
-0.706048, 5.46184
0.339548, 5.04155
-0.780915, 0.0196454
0.976503, 6.21423
0.739929, 3.7467
0.183893, 5.9717
0.830534, 4.03226
-0.566539, 2.76581
0.82216, 2.64081
-0.802015, 3.45834
0.822497, 3.538
0.108197, 4.84781
-0.395345, 2.07382
0.597004, 4.45507
0.419496, 0.3124
0.468168, 3.39352
0.792293, 2.33689
0.298855, 4.41932
0.954365, 1.32241
-0.101841, 1.28796
0.956256, 6.06177
0.171074, 1.9906
0.573612, 5.78977
-0.787362, 1.62258
0.492713, 1.95336
-0.772114, 5.71836
-0.58058, 5.01694
0.703748, 5.36304
0.32208, 3.27194
0.814607, 0.95333
-0.805253, 4.11763
-0.953282, 4.80132
-0.623693, 0.987384
-0.84661, 0.0791273
0.740807, 2.07747
-0.619568, 5.08471
-0.0908632, 1.89334
0.838, 4.27084
0.25988, 1.9135
-0.479315, 3.2162
0.931841, 6.23134
-0.467556, 3.73157
0.785826, 2.0573
-0.674909, 5.8885
-0.610614, 1.37578
0.031385, 4.9576
0.419358, 3.15039
-0.677846, 1.47147
0.230137, 0.767343
0.662863, 3.68807
0.0685189, 1.4852
0.362792, 4.4255
0.511005, 5.20672
0.0600406, 4.05163
0.5738, 0.490416
0.587949, 2.42998
-0.293558, 4.44413
-0.309591, 3.74677
-0.328393, 0.142033
0.0461045, 1.82713
0.772977, 5.33314
-0.833663, 3.95433
-0.0298257, 4.25137
0.847837, 4.1319
-0.508467, 3.86287
0.698042, 6.21206
0.254876, 6.04825
-0.304777, 2.82962
0.201853, 0.638146
-0.797654, 1.86457
-0.211695, 1.5667
-0.236311, 4.29629
-0.752657, 5.07448
0.576018, 5.61634
-0.785467, 6.13898
0.178565, 2.61386
0.85586, 3.74885
0.545705, 5.76701
0.856994, 5.85791
0.587599, 4.81258
-0.547078, 5.33514
0.400408, 2.86427
-0.994453, 3.75126
-0.830944, 5.89171
0.103208, 5.2612
0.979256, 6.20159
0.521274, 5.94362
0.0788403, 2.03701
-0.0672862, 4.31829
-0.326129, 2.55916
-0.719969, 1.13375
-0.279661, 1.57854
0.592863, 0.254413
-0.891877, 2.30629
0.643368, 3.1955
0.156669, 1.64828
-0.778503, 5.43302
0.106991, 0.466716
0.396739, 2.65934
0.731521, 4.92675
-0.148554, 5.63394
0.484822, 0.697114
0.564564, 0.44022
0.965865, 4.26308
-0.576877, 1.61435
-0.362461, 0.621583
-0.850406, 6.09183
-0.159657, 2.7156
0.00438301, 4.32162
0.735566, 6.26856
0.626992, 1.44209
0.114485, 3.051
-0.961115, 6.15185
0.536915, 5.65696
-0.912147, 2.22539
-0.895276, 2.35471
-0.841864, 5.27041
-0.624875, 5.87235
-0.448342, 5.51008
0.544414, 4.47211
0.547042, 3.69975
0.777617, 3.29811
0.0907127, 2.94026
0.141336, 4.32942
0.740751, 5.6759
0.478289, 1.94489
0.0307802, 5.99938
0.381882, 5.32545
0.9799, 1.24162
0.273153, 3.18528
-0.437412, 1.21767
-0.187234, 3.92064
0.81455, 4.16107
0.343731, 3.46543
-0.303668, 5.0408
0.0615587, 5.39197
-0.229277, 5.89825
0.486591, 2.67227
0.787979, 6.16078
0.0727856, 5.08159
0.881767, 3.88397
-0.2926, 2.81766
-0.303213, 0.0106966
-0.746047, 3.84322
0.490988, 4.94365
-0.615737, 1.13337
0.68841, 2.85116
-0.721043, 3.86253
0.717501, 2.46206
0.0520299, 4.5145
-0.10884, 1.45434
0.504401, 4.67618
-0.675421, 5.77323
-0.756364, 2.0837
-0.153967, 5.75629
0.155882, 5.46241
0.222221, 3.34763
-0.966337, 5.84338
0.95786, 3.296
0.118813, 6.20226
-0.217782, 3.24256
0.774508, 1.90168
0.781046, 1.19372
-0.912367, 0.567541
-0.973903, 5.07774
-0.677983, 0.328148
0.960667, 5.56031
-0.521815, 2.00065
-0.887252, 0.515066
0.881858, 4.93899
0.949139, 1.82291
-0.77562, 2.45764
0.359991, 1.75812
0.590767, 1.58157
-0.869334, 1.1967
0.172275, 0.0583142
-0.542463, 6.13789
-0.994262, 4.67332
0.017118, 3.78639
-0.830052, 0.366359
0.735524, 4.13228
0.860787, 4.6707
0.439077, 3.12587
0.850288, 2.15191
0.589938, 1.49643
-0.358808, 3.42125
0.672098, 4.25848
-0.068111, 5.22498
0.339912, 4.49066
-0.980442, 2.68937
-0.492187, 2.96116
-0.939954, 5.79046
-0.47309, 2.33629
0.658798, 4.89554
-0.524928, 5.40691
-0.74996, 3.67881
0.596259, 5.71393
-0.266226, 0.888534
0.423733, 4.92473
0.953065, 2.79066
-0.948436, 5.59037
0.276167, 4.24608
0.074443, 5.34323
0.246336, 5.50112
0.325754, 5.23458
-0.106755, 1.06238
-0.849806, 6.25573
0.922478, 0.701632
-0.0634477, 1.43414
-0.408929, 2.59469
-0.958282, 0.22339
-0.994362, 3.76613
0.371069, 0.970828
-0.323486, 1.00521
-0.371708, 3.96664
-0.551285, 1.27042
-0.183289, 4.67288
0.440629, 5.54817
-0.02549, 3.93938
0.792128, 5.26027
-0.272898, 3.77685
0.655419, 0.709582
-0.952024, 2.78962
-0.832497, 0.404548
-0.563262, 3.25328
-0.641828, 6.25938
-0.701657, 1.01729
0.402625, 6.15992
0.759356, 0.481672
0.534971, 4.01728
-0.786826, 6.24695
-0.93974, 0.116669
-0.36236, 0.725466
-0.449151, 6.12591
0.835072, 2.67342
-0.821889, 0.0761122
-0.66688, 0.850114
0.811251, 4.77332
-0.13379, 5.60146
0.819383, 3.32251
0.686644, 0.922976
0.133349, 0.235145
0.160366, 4.51492
-0.0300824, 4.58904
-0.854297, 3.03734
0.49973, 5.79255
-0.435879, 2.25309
0.169128, 3.60054
0.906043, 3.05482
0.502472, 3.0645
-0.0302331, 3.12507
0.253523, 0.273872
-0.358944, 6.1324
0.0436419, 6.00839
0.979698, 0.576597
0.0263011, 2.20316
0.257302, 5.48557
-0.792084, 4.49088
0.0376098, 0.0152588
-0.353768, 6.25336
-0.276817, 0.248526
-0.768591, 2.61826
-0.98381, 2.73351
-0.980376, 3.78018
0.496382, 2.21573
-0.632502, 2.22085
-0.115229, 2.38479
0.401832, 2.88181
0.850478, 0.728942
0.808595, 2.04933
0.507838, 3.08964
0.828317, 5.3109
0.217098, 3.27496
0.784925, 3.19216
0.853144, 4.49154
-0.359635, 3.06772
0.185012, 3.30695
-0.469648, 2.59349
0.466703, 1.76759
0.828527, 2.84328
0.200024, 3.68136
-0.849234, 5.89034
-0.446147, 0.858403
-0.875318, 1.94204
-0.804896, 3.78488
-0.0454037, 5.9114
-0.880468, 4.68174
-0.453373, 1.24169
-0.295291, 5.82434
0.657425, 4.80749
0.0688841, 3.22915
-0.250051, 6.24842
-0.962113, 4.37085
0.820516, 3.67031
-0.732488, 1.33352
-0.362499, 2.22241
0.934133, 0.119187
0.407974, 5.26228
0.393547, 0.228621
-0.385569, 4.18276
-0.437617, 0.0127313
0.713454, 5.98504
-0.554089, 4.67002
0.725693, 2.20185
-0.201199, 0.704381
0.971045, 2.79124
0.660595, 5.92089
0.89049, 4.96758
0.745456, 4.72529
-0.722717, 6.07242
0.021199, 0.805547
0.950006, 0.402441
-0.0953249, 0.568889
-0.78297, 2.95968
0.750674, 1.02332
0.684379, 3.43996
0.914734, 4.82251
-0.289736, 1.53843
-0.647967, 2.90347
-0.780974, 4.61185
0.993756, 4.6834
0.632235, 1.66985
-0.219261, 5.35686
-0.700281, 4.6503
0.122948, 0.00597271
-0.504486, 3.92618
-0.927969, 0.845352
-0.703706, 2.15892
0.981884, 0.708513
-0.781974, 2.84913
-0.911575, 5.77276
-0.293737, 5.36059
0.825128, 3.30343
-0.445928, 1.62003
0.264229, 3.25034
0.295422, 5.37684
-0.789747, 0.98461
-0.455005, 5.24278
-0.512377, 0.654519
-0.685802, 0.368465
-0.997419, 6.12048
0.89407, 5.65867
-0.198637, 0.830283
-0.585131, 1.8334
-0.700077, 6.18796
-0.953838, 0.428619
-0.989602, 2.90881
0.843198, 5.08261
-0.826274, 3.39841
-0.811465, 2.39963
0.637065, 1.74228
0.935136, 5.13025
-0.456397, 4.9443
-0.566097, 3.11679
0.651727, 3.81309
0.351093, 3.95347
-0.127089, 6.18572
0.855305, 2.53077
-0.634914, 5.62354
-0.945209, 0.0183092
-0.921745, 1.74511
-0.525307, 4.61724
-0.500153, 5.27706
0.308446, 0.793288
0.908282, 3.78856
0.924055, 5.32064
0.910777, 0.630704
0.941379, 0.651157
0.233144, 0.527147
0.808673, 2.8363
-0.785928, 0.391461
-0.969206, 1.59194
0.776988, 4.40617
0.905159, 0.961318
0.890657, 0.206975
-0.308966, 1.74055
-0.144884, 4.57005
-0.881651, 2.7701
0.515493, 4.27787
0.525532, 3.29085
-0.200698, 5.94595
0.456858, 5.17738
-0.589959, 4.79025
0.841061, 1.93936
-0.927328, 4.08413
-0.0777518, 0.608556
0.646032, 5.87913
-0.340582, 5.13384
-0.219283, 1.60922
0.342553, 3.90513
0.769927, 1.72187
0.586735, 1.96777
-0.893344, 5.54825
0.649263, 1.41923
-0.271037, 6.05561
0.737879, 1.70473
-0.907858, 2.93868
-0.584667, 3.84313
-0.919206, 0.163373
-0.909691, 1.15072
-0.502182, 5.53626
0.582622, 4.7522
-0.618762, 1.67671
0.714289, 4.27247
0.49546, 1.5979
0.948128, 2.10181
-0.800544, 1.49353
0.717856, 4.67156
0.132641, 1.93266
-0.793669, 4.07182
-0.0141372, 4.82852
-0.245422, 3.30403
0.533022, 1.86565
0.691536, 4.41691
-0.606667, 3.2603
-0.0360926, 0.058074
0.379894, 5.37211
-0.781007, 1.637
-0.479793, 0.906516
0.794789, 5.21105
-0.525273, 4.02416
0.320043, 1.65032
-0.925574, 6.20686
-0.546341, 3.18425
-0.893612, 2.32828
0.58044, 4.70888
-0.0785869, 5.82881
-0.740459, 5.18329
0.925125, 2.85556
-0.819685, 0.230745
-0.341406, 0.808626
0.67587, 6.17764
-0.0852817, 4.47935
-0.92454, 4.78619
-0.586941, 0.0569374
-0.0411473, 3.74648
0.724601, 5.76597
0.926353, 1.87529
-0.16202, 4.62398
-0.744662, 5.77317
-0.613614, 2.81065
-0.84121, 2.1249
0.576988, 1.5403
-0.892873, 3.3424
-0.0789205, 5.8864
0.100805, 1.49171
0.60369, 3.94246
-0.657951, 1.14662
-0.14439, 0.915617
-0.811497, 0.268153
-0.527039, 3.52175
-0.847557, 5.9687
0.0747043, 4.52686
-0.899488, 3.88947
-0.955209, 2.3846
-0.751668, 0.916581
-0.956848, 0.86323
0.746206, 2.41647
-0.637369, 2.09098
-0.248543, 5.35939
0.521581, 0.552645
0.852635, 2.72033
-0.791619, 1.74788
0.436253, 3.84822
-0.735761, 5.48909
0.590535, 3.97898
-0.230917, 2.96924
0.727578, 0.660833
-0.906273, 4.88523
-0.959641, 4.78115
-0.322284, 1.62927
-0.999693, 0.493412
0.896358, 5.87544
0.272047, 4.73523
0.800591, 4.61167
-0.333216, 0.430315
-0.143973, 6.02466
-0.639081, 3.41079
-0.781572, 0.512714
0.173525, 1.70428
0.161498, 3.99759
-0.951118, 0.539095
-0.163701, 5.66301
0.0061899, 4.61548
-0.679985, 4.87468
-0.923352, 1.24666
0.975077, 5.30821
0.185632, 5.06
-0.0641777, 1.6041
-0.993803, 3.65326
-0.724621, 4.35015
-0.875262, 1.13599
-0.689021, 5.18674
-0.464718, 3.17413
0.647762, 5.38472
-0.695875, 0.789091
-0.439879, 4.03238
-0.249918, 0.116939
-0.4846, 3.53896
0.0191589, 4.62871
-0.878278, 3.95453
0.255659, 4.75778
-0.909391, 0.248389
0.561398, 1.43369
-0.472397, 4.81035
0.612063, 4.8834
0.78081, 4.64412
-0.392164, 4.93238
-0.118199, 0.307983
0.802435, 5.79342
0.390917, 4.18478
0.560132, 6.0688
0.786516, 1.44093
-0.708936, 3.94584
0.918499, 2.59151
0.555166, 3.04659
0.530303, 3.00837
0.921378, 3.96512
0.856043, 1.86402
0.638115, 5.38166
0.787422, 3.38016
0.590149, 0.993256
-0.498855, 4.7317
0.163641, 0.472245
0.975495, 5.56274
0.307221, 1.89494
0.53774, 1.52992
-0.80824, 3.35139
-0.960677, 6.05622
0.977097, 1.17492
0.268704, 0.990588
0.0357841, 1.49612
0.794471, 4.47728
0.0506762, 3.10928
-0.582151, 1.728
-0.838791, 3.62342
0.0556207, 4.21852
-0.744756, 1.22709
0.0639351, 5.73889
-0.670832, 5.84736
-0.423964, 5.01036
0.999628, 4.13218
0.708261, 1.95166
0.506223, 0.64615
0.739754, 2.94245
-0.944704, 4.52674
0.128579, 0.227825
0.361036, 0.655067
0.338373, 1.63088
-0.996181, 2.32683
0.637969, 2.61158
-0.211047, 2.77043
0.241589, 5.83632
-0.169358, 0.355624
0.926896, 2.36828
0.214881, 4.26012
-0.0841576, 0.98274
0.290259, 3.32908
-0.635648, 1.1296
-0.917843, 2.49638
0.666715, 0.778408
0.881429, 1.4863
0.785985, 0.912838
-0.917216, 0.290359
-0.647098, 5.41938
0.880249, 5.42968
0.315689, 5.78517
-0.944781, 3.52394
0.640724, 3.52247
-0.696435, 5.85447
-0.575373, 3.81277
0.389447, 5.05603
-0.582053, 4.65575
-0.130337, 0.452359
0.35214, 0.474451
0.66346, 1.77918
-0.838551, 2.30402
-0.974828, 4.38407
0.383295, 3.65492
0.512625, 3.37129
-0.763391, 5.02231
0.454673, 5.16741
-0.96556, 4.02109
0.931313, 3.63882
0.327525, 5.86827
0.830665, 4.75178
0.613989, 3.11701
-0.836863, 1.34876
0.627187, 4.53112
-0.748257, 4.66172
-0.810304, 3.75848
-0.995005, 3.90039
-0.259301, 0.105349
-0.845055, 2.72087
-0.979541, 2.12723
-0.578883, 3.15091
0.622355, 5.7528
0.173291, 2.68115
-0.410838, 3.84758
0.91775, 4.41293
-0.0701726, 4.00285
-0.229004, 5.86652
-0.428628, 4.14995
0.0876085, 1.22606
0.93358, 0.0472955
-0.172663, 5.51026
-0.150637, 2.5686
0.354149, 2.43977
-0.975618, 6.17859
0.0932149, 3.29759
-0.630801, 1.40952
0.665051, 3.95538
-0.878388, 0.927332
0.91163, 0.0777453
-0.488087, 2.58895
-0.0546157, 5.34581
-0.462674, 5.36016
0.281237, 2.96065
0.707702, 0.989307
0.0882351, 0.812179
0.864717, 5.88241
-0.782696, 3.9625
0.980079, 3.53495
0.00236827, 5.96013
0.705211, 0.249234
0.169409, 0.365239
-0.308156, 2.13987
0.0285767, 4.96953
-0.557776, 4.73097
-0.400169, 2.4435
0.243441, 3.78612
0.981461, 5.24617
0.915823, 1.03276
0.888339, 2.20985
0.731787, 1.83961
0.910954, 1.02536
0.464494, 2.02199
-0.507441, 2.92176
-0.86589, 0.694407
-0.744116, 2.12099
-0.440467, 0.153107
-0.156251, 3.2196
-0.100232, 5.81779
0.569269, 3.82249
-0.770979, 5.59607
0.886731, 2.7382
-0.741064, 5.85665
-0.607178, 2.96208
-0.0404417, 1.07349
-0.345724, 3.12702
-0.613032, 5.13272
0.241538, 0.248532
0.265337, 0.860683
-0.589782, 3.3598
-0.88307, 2.62911
0.690523, 5.70895
-0.231345, 0.907386
0.727675, 3.23887
-0.142939, 6.23557
0.555548, 4.18928
-0.177009, 1.64871
0.752335, 3.10378
-0.282314, 5.86695
0.500206, 4.79778
0.506426, 4.48374
-0.222064, 0.540423
0.775567, 6.0096
-0.768408, 4.14341
-0.337339, 3.45165
-0.81446, 2.45131
-0.717256, 5.90875
-0.581322, 0.515099
0.911817, 0.62434
-0.368448, 3.52357
-0.374992, 2.57035
-0.973439, 5.78519
0.754332, 5.99436
0.91956, 0.221083
-0.365973, 0.581892
-0.769094, 1.00587
-0.481031, 2.21446
-0.42292, 2.10499
-0.590651, 3.14773
-0.0618753, 0.633117
-0.981602, 6.05353
0.792226, 4.71996
0.849583, 3.93893
0.789683, 1.9992
-0.971493, 3.54926
-0.267832, 0.725632
-0.896467, 4.73872
-0.185434, 2.14001
-0.555478, 1.28765
-0.526335, 3.27975
0.674991, 0.589972
0.745441, 0.539745
-0.678528, 3.72407
0.465114, 4.20312
0.946939, 4.00418
-0.930117, 4.43895
-0.393198, 2.72915
0.447126, 2.8812
0.620282, 4.51268
-0.404751, 5.67933
-0.236625, 1.28543
-0.429281, 4.34096
0.853083, 4.42266
0.85776, 0.497802
0.721629, 1.801
0.95274, 4.26458
-0.83009, 0.767947
0.470886, 0.461777
-0.598396, 0.46179
-0.464617, 3.05572
-0.405924, 0.459538
-0.0594975, 4.66627
0.840989, 3.90344
-0.768795, 4.69531
-0.485748, 2.64156
-0.462471, 5.37466
-0.317243, 3.509
0.35488, 0.0479101
-0.878726, 3.11568
0.225126, 1.96552
-0.557259, 3.68179
-0.684744, 5.76316
0.652018, 2.20764
-0.0988076, 3.49449
0.973712, 1.23525
-0.166687, 2.97331
0.445356, 6.00006
0.502285, 0.888648
0.180799, 5.48264
-0.898327, 1.55117
0.25975, 1.6889
0.767737, 1.60356
0.561844, 5.99376
-0.862082, 4.57605
-0.133554, 0.979828
0.836901, 4.25542
0.373306, 5.19511
-0.363405, 5.5765
-0.667483, 3.20952
-0.479924, 0.982254
-0.666694, 4.64408
0.49545, 2.81247
0.291115, 4.24616
0.972799, 0.288294
-0.454582, 0.907858
-0.4769, 1.28763
0.8883, 2.02976
-0.305107, 1.81632
0.799139, 5.95411
0.673449, 3.08119
0.0792638, 1.21255
0.493436, 1.57443
0.653972, 5.113
0.639764, 3.76638
0.941004, 1.58671
0.857659, 1.86595
0.432406, 3.75368
-0.928868, 3.92927
-0.297136, 3.41573
-0.912641, 3.51585
-0.615477, 3.4662
-0.956742, 2.55657
0.0570967, 4.90589
-0.163931, 5.16246
-0.992426, 1.64025
0.114, 4.32673
0.485817, 2.15885
0.33633, 2.53955
-0.813089, 5.05589
0.968496, 1.17849
0.793644, 3.68595
0.918035, 4.85671
-0.491267, 0.698511
-0.821949, 1.40237
-0.0659499, 2.14231
-0.425363, 3.99641
-0.996582, 3.07096
0.655068, 3.574
-0.152858, 3.59363
-0.46413, 2.66432
0.335582, 4.2245
-0.852954, 0.142085
0.327673, 0.343234
-0.638821, 2.58498
-0.0473152, 0.55124
-0.0853815, 4.14493
0.679469, 5.93403
-0.498234, 1.77474
-0.0438808, 2.29496
0.795778, 0.842635
0.958403, 5.29107
0.999242, 3.45403
0.612645, 4.83778
-0.861861, 1.38685
-0.840479, 4.89922
-0.64242, 3.66733
0.0261467, 3.53163
-0.721001, 3.7641
0.293339, 2.39473
0.444761, 5.00546
0.677757, 0.045232
0.214434, 2.23049
0.933332, 5.13689
-0.0639547, 5.35729
-0.810159, 2.61067
-0.669038, 5.41271
-0.0728436, 4.88786
0.963038, 4.20363
-0.116006, 4.35457
-0.781251, 2.56802
0.444782, 1.10101
0.376421, 3.40144
-0.437437, 5.81827
0.824187, 1.89402
0.976161, 1.29844
0.889904, 5.5282
-0.152813, 4.98862
-0.885873, 0.213211
-0.03646, 0.667499
0.0811179, 0.394423
0.897324, 1.17095
-0.681685, 0.695998
-0.495176, 4.74566
0.798617, 5.71265
-0.274389, 4.74224
-0.0514382, 1.27745
-0.680319, 6.19952
0.893389, 2.38462
-0.979643, 3.19873
-0.480436, 3.66127
0.407964, 3.40652
-0.398987, 6.15127
0.564344, 2.49187
-0.470668, 5.54067
0.0133717, 3.44621
-0.528422, 3.7154
0.944754, 5.53304
0.0719786, 3.37118
-0.00694654, 3.12411
0.555382, 0.635869
0.621763, 4.76493
0.639186, 4.80693
0.619176, 2.4294
0.624539, 4.23379
0.13407, 4.35511
0.408505, 4.32764
0.538551, 3.58975
0.943969, 3.38297
0.851806, 1.48097
-0.0831177, 4.72056
0.59707, 6.12048
0.852283, 2.94443
-0.65222, 2.25886
-0.451645, 4.27888
0.639728, 3.46592
-0.397275, 0.0770769
-0.00925306, 1.69985
0.749394, 4.60811
0.019838, 3.12335
0.595317, 4.89501
0.0632126, 0.491636
0.674405, 4.5628
-0.0573257, 3.95398
0.838557, 1.09167
-0.892732, 5.67175
0.938524, 2.793
-0.467874, 0.112109
-0.0175884, 3.64323
0.989054, 3.74739
-0.0409935, 0.51296
-0.595036, 1.12743
-0.334843, 0.404002
-0.964088, 2.28798
-0.541964, 4.06863
0.839702, 2.26261
-0.0904841, 6.04248
0.97467, 4.15296
0.84339, 4.09563
0.884812, 2.77606
0.82762, 5.34462
-0.974123, 4.38445
-0.92793, 5.25304
0.593512, 4.23331
0.484228, 4.40548
0.805817, 1.24212
0.221223, 3.80071
0.687673, 5.32247
0.23529, 6.12058
0.448222, 1.11572
0.851085, 2.35274
-0.184621, 0.403549
-0.565497, 6.06284
0.0565623, 2.60991
0.845578, 3.70789
-0.658244, 5.3564
0.308139, 3.65944
-0.862604, 4.00634
0.8739, 5.49183
0.967747, 4.60085
0.0172419, 3.43363
0.167052, 3.95463
0.567598, 1.67588
-0.384006, 4.02849
-0.776053, 4.90937
0.585886, 2.08877
0.467373, 4.90078
-0.327637, 5.0629
-0.259519, 5.38761
-0.612565, 4.7406
0.862408, 5.46935
-0.524146, 5.25071
-0.814266, 2.71591
0.0908531, 4.15817
0.473346, 0.904727
0.364932, 3.5874
0.234588, 2.15048
0.406535, 5.58447
-0.68127, 4.87647
-0.892196, 1.95592
0.877587, 3.7627
0.907421, 6.04156
-0.732719, 3.77884
-0.17706, 1.09944
0.938265, 3.64235
0.654879, 6.17919
0.312859, 1.96415
0.517708, 3.65505
0.915553, 4.13269
-0.685557, 0.0989842
-0.95376, 2.45044
-0.429658, 3.91406
0.850757, 2.92798
0.780014, 5.32264
0.645315, 4.86632
-0.214771, 5.33125
-0.529957, 5.53164
0.550936, 5.3715
0.969477, 3.99736
0.0928868, 3.19816
0.449184, 6.11129
0.928216, 6.14797
0.900096, 4.19121
0.523114, 5.69313
-0.223304, 2.95751
-0.132376, 2.65822
0.176376, 3.29348
-0.856662, 6.0095
-0.897726, 5.83466
0.852764, 2.60093
0.930667, 1.34023
-0.788626, 1.45421
-0.771268, 1.29178
0.840892, 3.1243
0.566195, 0.0361219
0.436365, 2.91905
0.628154, 0.683601
-0.172775, 2.94274
-0.922032, 4.64115
0.887352, 0.820583
0.321123, 2.19318
-0.499781, 5.68711
-0.00496551, 6.12771
-0.589532, 1.99413
-0.614354, 4.35743
-0.135731, 3.05122
0.774749, 1.69892
0.00775327, 1.99764
0.635979, 3.01058
-0.00504028, 5.37628
-0.385499, 0.466924
0.932954, 0.625085
0.721216, 2.19888
-0.810171, 4.77397
-0.130635, 1.41137
-0.752634, 0.893916
-0.385746, 2.48135
-0.383824, 5.5195
0.915358, 5.74788
-0.423625, 6.21356
-0.612977, 5.01466
-0.277633, 5.37752
-0.672715, 3.17981
0.6898, 0.0295057
-0.805033, 4.89302
0.742024, 3.19533
0.669537, 0.765005
0.126948, 0.646733
0.864551, 3.10017
-0.863555, 3.66532
0.833323, 0.107299
0.224768, 2.88131
-0.136704, 4.99962
0.453555, 5.08262
-0.867295, 1.80054
-0.352023, 5.02156
0.911419, 0.187853
-0.841041, 6.14106
-0.339653, 3.54748
-0.666684, 1.39547
-0.955678, 3.2279
0.353491, 4.53707
-0.764923, 4.46806
-0.868278, 6.16765
-0.512649, 2.46277
-0.253853, 4.83155
0.964074, 5.99489
0.584624, 3.69976
0.226161, 0.638294
0.0744881, 2.56576
0.974447, 0.492333
-0.140398, 0.471187
-0.801936, 4.81355
0.586206, 4.99763
-0.591151, 1.22006
-0.76381, 2.38323
-0.711646, 3.56512
0.964439, 2.32874
-0.960621, 2.3678
0.846351, 3.00379
0.842332, 4.02218
0.569029, 5.95042
-0.943743, 0.310754
-0.552486, 5.03661
-0.277083, 1.09183
-0.394323, 0.83008
-0.795842, 1.1817
-0.985296, 5.02868
0.853076, 5.01277
-0.209054, 4.48174
-0.875442, 3.34507
-0.502356, 1.67447
-0.470057, 3.62117
-0.762627, 2.83977
0.0441777, 4.99679
-0.272941, 0.370507
0.989827, 5.75732
-0.54538, 6.26342
-0.0681927, 5.73091
-0.797128, 0.728633
0.463848, 2.20625
-0.535102, 4.10067
-0.475606, 5.37688
-0.458263, 4.75136
0.612785, 3.82324
-0.29296, 0.583421
-0.885777, 3.90909
0.861126, 1.18555
0.674497, 0.263161
-0.767218, 4.55822
-0.840617, 3.95646
-0.23927, 3.83069
0.913416, 2.59747
0.300469, 3.25216
-0.271776, 6.2765
0.433103, 1.30084
-0.256141, 1.60551
0.822879, 4.05601
0.059188, 3.93296
-0.687175, 0.10297
0.557917, 0.993876
0.775026, 2.28238
-0.849807, 1.83459
-0.3165, 4.69749
0.995029, 0.0577182
0.948485, 1.24901
0.486289, 4.32269
-0.672555, 5.69587
0.86598, 5.89402
-0.85782, 5.27787
-0.237712, 2.69625
-0.195927, 0.585706
-0.856323, 6.22548
-0.244218, 5.93454
0.922655, 5.65839
-0.360248, 2.4913
-0.149555, 0.463165
0.301402, 3.87113
0.511316, 1.99897
0.711375, 2.50263
-0.830644, 2.94889
0.878358, 1.74557
-0.306578, 5.50204
0.574323, 2.02774
-0.0831648, 3.80337
0.289251, 2.69568
0.988662, 5.9006
-0.011047, 4.84039
-0.248824, 3.02638
-0.978726, 5.99741
0.432518, 5.96037
-0.212612, 2.25557
-0.647024, 5.1457
0.736257, 5.80721
0.958684, 5.41104
0.140088, 3.64741
-0.454174, 1.75558
0.767137, 4.49991
0.50664, 1.93891
-0.613327, 3.89965
0.170376, 4.24308
0.218649, 0.977298
0.828792, 0.935076
0.919687, 1.82883
0.354371, 2.08052
-0.803197, 0.165515
-0.154133, 0.348152
-0.411159, 5.50968
-0.668974, 1.71969
0.658298, 3.72717
0.775907, 2.87442
-0.393968, 0.896597
-0.857451, 2.48651
-0.313951, 1.45718
0.749496, 6.13416
0.580418, 2.18362
0.553442, 1.05211
-0.290472, 3.61043
0.33767, 6.27527
-0.210245, 2.44313
0.946643, 0.667501
-0.690973, 1.12414
-0.920426, 1.48612
0.689366, 1.66069
-0.988359, 3.91569
-0.738357, 2.67889
-0.0772844, 5.48989
0.407814, 0.838499
-0.131265, 1.22165
-0.832734, 3.08223
-0.717363, 3.15578
0.276931, 4.74085
-0.355308, 2.04693
0.842159, 2.08724
-0.80095, 4.18664
-0.772622, 4.22
0.645991, 0.546789
-0.312332, 3.77191
0.651991, 1.12378
-0.24264, 5.98509
0.855166, 4.15557
-0.230976, 3.67539
-0.364254, 0.339498
-0.646116, 4.7559
-0.910838, 5.50822
-0.772609, 3.26067
0.637215, 2.74587
0.426364, 1.50859
0.271795, 4.74285
-0.652745, 3.58597
0.657084, 2.62721
0.799864, 3.56379
0.0447742, 0.949012
-0.562093, 3.96858
0.0732587, 2.80398
-0.957939, 4.12888
-0.157921, 2.95856
-0.2416, 0.264591
0.740134, 0.412524
0.532389, 5.7985
0.668083, 2.33219
-0.837249, 4.32521
0.818934, 0.971638
-0.47914, 0.578765
-0.600219, 5.15184
-0.56901, 1.98059
-0.630537, 5.42047
0.836116, 5.35655
-0.34655, 3.55528
-0.246767, 5.49197
0.521363, 1.1436
0.593381, 3.7462
-0.0976676, 6.13998
0.754978, 1.87068
0.508445, 5.92341
0.51389, 2.59568
-0.176634, 1.92676
-0.264229, 2.62729
0.656399, 3.22133
-0.998604, 4.56
0.216382, 4.54535
0.694995, 1.14242
0.313287, 5.04273
0.173993, 1.16577
-0.953884, 6.24256
-0.906237, 1.77307
-0.00502207, 6.11981
0.28736, 4.15389
-0.100365, 1.41194
0.167705, 0.0886343
0.73086, 1.25039
-0.0709449, 5.90077
-0.697648, 0.505602
-0.804911, 3.12567
-0.0499307, 5.69108
0.556807, 4.43463
0.57583, 0.00592383
0.741214, 5.7804
-0.142144, 5.34598
-0.94625, 1.5792
0.789374, 0.108982
-0.862503, 5.57492
-0.572135, 3.81952
-0.790375, 0.0282304
0.302414, 0.463814
-0.660731, 2.5452
-0.469752, 3.73518
-0.35335, 0.086176
-0.279463, 5.39783
-0.463242, 1.23534
0.943917, 3.5395
-0.585791, 5.74997
-0.96118, 1.70931
-0.185868, 3.65155
0.775416, 0.8639
0.839293, 2.24999
0.33553, 5.36539
-0.816867, 2.19661
0.938084, 5.99967
0.517018, 0.0764305
0.741672, 2.91676
-0.323819, 2.13597
-0.99709, 0.49273
0.927474, 2.08784
0.732461, 3.17579
0.783213, 5.27138
-0.247753, 3.17601
0.599924, 3.05998
0.973843, 0.930896
0.918413, 4.11544
-0.330366, 2.87016
-0.105883, 3.93527
0.433826, 5.8159
0.0447456, 2.51147
-0.600699, 4.33281
-0.160372, 5.15892
0.479624, 3.85852
-0.719028, 3.46044
-0.0908271, 5.11095
-0.0245748, 5.30769
0.928139, 5.94208
0.0553804, 4.06842
0.0894455, 1.85064
0.786693, 3.30483
0.712082, 6.27481
0.684667, 5.59491
0.102559, 2.76373
0.419832, 4.27788
-0.957816, 3.13056
-0.632627, 3.72934
-0.244962, 3.22558
0.518558, 3.30664
-0.292693, 4.47331
-0.713409, 3.58369
-0.589455, 5.23004
-0.751048, 0.481768
-0.27283, 1.30042
-0.263161, 2.67327
0.11377, 0.660956
-0.711487, 0.700384
-0.809477, 0.645353
-0.451607, 1.41313
0.407707, 1.75752
-0.891993, 5.99351
-0.80106, 2.55491
-0.870214, 5.16348
-0.825294, 0.507633
0.428438, 3.32413
-0.877633, 3.111
-0.965563, 1.06075
-0.267096, 4.33663
0.553301, 5.93173
-0.383972, 1.76155
-0.88284, 2.18745
0.671764, 3.52366
0.625291, 6.23282
-0.808034, 0.594102
0.519196, 0.338852
-0.489748, 1.01023
-0.568509, 1.52443
-0.794544, 6.24324
-0.805103, 2.15076
0.609114, 4.59774
0.0785134, 1.42554
0.859306, 5.14831
-0.0952329, 2.98982
-0.72155, 4.30432
0.483304, 5.57573
0.559407, 3.66601
0.637793, 4.72744
0.963595, 6.23416
0.971872, 4.06299
0.910845, 2.70175
-0.859118, 3.11978
-0.477641, 1.18876
-0.159798, 6.27269
-0.820889, 0.214299
-0.929887, 0.680287
0.867407, 4.83581
-0.846754, 4.86504
-0.752286, 4.08933
0.798456, 0.606193
-0.939428, 1.55743
-0.733624, 0.978916
-0.765848, 1.2722
-0.0423265, 3.91707
-0.587716, 3.89942
-0.1237, 5.54599
-0.835721, 0.0246662
0.477943, 5.12078
0.788505, 1.92987
-0.530397, 3.41588
-0.570797, 0.56641
-0.247001, 0.621386
-0.857137, 3.81083
0.0652675, 4.54674
0.534612, 1.22301
0.971724, 2.42333
-0.916683, 2.99355
0.350143, 3.90954
0.269818, 5.82159
0.630575, 0.611933
-0.459582, 2.02708
-0.471454, 0.162474
-0.0774414, 2.26377
0.576848, 3.81289
-0.864017, 3.20347
0.208805, 1.53698
0.63813, 0.986903
0.587344, 1.08473
-0.904998, 4.6736
-0.392104, 5.97495
0.807214, 3.08656
-0.877279, 1.88899
-0.734711, 0.074581
-0.563774, 2.06064
-0.664735, 5.98993
-0.993804, 1.27197
0.748646, 0.581323
0.308847, 5.27
0.166617, 3.60768
-0.662847, 5.37025
-0.17665, 1.59937
0.991035, 2.17726
0.774989, 1.60418
0.902467, 4.28472
-0.652297, 1.38946
-0.993226, 0.529166
-0.517924, 5.7992
0.470599, 3.63038
0.641747, 0.765863
0.663139, 5.14679
0.118996, 1.39664
0.552074, 6.09548
-0.485464, 1.78799
0.343379, 0.0210668
-0.48016, 1.36898
-0.617252, 1.97661
-0.973025, 0.421969
-0.267848, 1.8742
0.722641, 2.74662
-0.223219, 1.75562
-0.699032, 5.23335
0.753775, 1.55486
0.84226, 3.61097
0.842223, 5.49313
0.906689, 3.09469
-0.325626, 2.87406
-0.815492, 0.415595
0.501273, 1.02078
0.96509, 1.63851
0.0591351, 5.92937
0.752206, 3.29991
-0.246302, 2.91392
-0.918398, 5.71603
0.355609, 5.44341
-0.535872, 5.49032
-0.135201, 5.89863
0.44067, 3.25579
-0.855472, 3.82711
0.187401, 5.70005
-0.868133, 1.90291
0.632961, 0.189083
0.996263, 1.30579
-0.964496, 1.82043
0.727542, 0.000160291
-0.277899, 2.1732
0.757495, 5.33967
0.367021, 4.30478
0.534285, 5.85961
-0.969167, 1.78084
0.468109, 0.91679
0.943848, 5.52106
0.431203, 1.68723
0.844632, 2.07124
0.103552, 3.47295
-0.481829, 3.46238
0.708479, 1.04401
-0.198922, 1.79341
-0.644753, 0.326556
-0.811655, 1.86773
-0.195678, 0.648874
0.868101, 5.68421
-0.205254, 6.19397
0.958114, 0.583855
0.927392, 0.0338653
0.756853, 3.34958
-0.629291, 0.806983
-0.983396, 6.02517
0.959892, 5.70687
0.665827, 3.57859
-0.75118, 2.47826
-0.405802, 5.32676
-0.560297, 3.77208
-0.943121, 1.09853
-0.287231, 1.9507
-0.327196, 3.10354
0.36613, 4.86374
-0.477526, 0.25965
0.991561, 4.43604
0.657469, 1.10778
0.904958, 2.04824
0.998236, 2.8894
0.999321, 3.99945
-0.320525, 4.51904
0.190074, 5.17708
0.844083, 3.01962
-0.709742, 2.42545
0.0531743, 3.22982
-0.612814, 5.4521
-0.332147, 3.57357
0.306005, 5.74772
0.712476, 0.414543
-0.702947, 6.05491
0.889198, 3.081
0.0301599, 5.44728
0.674975, 6.0173
0.503009, 4.6973
0.470436, 0.798906
0.301725, 4.19995
-0.189245, 0.0947565
-0.680194, 4.75813
0.987288, 4.80587
-0.823521, 3.61482
-0.759477, 3.9372
0.780522, 4.09987
-0.415201, 2.65447
0.7312, 0.760954
0.323277, 4.98012
-0.935632, 1.61294
-0.953759, 5.63598
0.650129, 4.34901
0.956026, 4.22684
0.0209617, 0.113852
0.0830542, 4.81655
0.418158, 0.940552
-0.0330517, 2.25406
0.781632, 1.80356
0.449951, 5.96839
0.675787, 4.82718
0.267509, 4.07683
0.807677, 2.73923
0.708435, 4.82167
0.737555, 1.03827
-0.0773864, 2.75279
-0.864738, 0.105401
0.949215, 2.93605
-0.844863, 1.78968
0.890753, 5.69499
0.549459, 1.3925
-0.566472, 0.125124
0.989816, 4.57627
-0.725157, 4.34011
-0.342947, 2.26959
-0.370275, 5.77445
0.785408, 5.15332
-0.0748728, 3.52218
-0.874745, 4.37687
-0.96756, 3.66906
-0.668162, 3.01174
0.110926, 3.46104
-0.279139, 1.73025
-0.118982, 5.54951
-0.471411, 2.96396
0.103531, 4.78819
0.784732, 2.11275
-0.145902, 0.890983
0.781456, 1.26637
0.316126, 0.571816
0.334406, 1.16952
0.500383, 2.36736
-0.0580671, 5.44587
-0.589448, 0.940965
0.43112, 1.39418
-0.727072, 2.3566
-0.773862, 5.15248
0.22332, 3.74743
-0.380652, 0.511332
0.0731411, 4.38787
-0.516766, 5.06018
-0.836169, 0.665874
-0.146707, 4.66026
0.755502, 2.82767
-0.879677, 4.51268
-0.183707, 2.10036
-0.654777, 1.1856
0.376979, 1.05956
-0.667542, 4.06622
0.789213, 4.23541
-0.918931, 2.17269
-0.118239, 5.76573
-0.694888, 4.77499
0.242533, 1.96491
0.378808, 5.96723
-0.507345, 6.17973
0.476816, 2.30487
0.0508789, 3.37375
0.921109, 1.41008
-0.5303, 3.37768
-0.00821578, 5.43116
-0.0946772, 1.10109
0.024244, 2.13665
-0.68354, 3.68017
0.998168, 3.75818
-0.630911, 2.94809
-0.97379, 5.71086
-0.257752, 5.96566
-0.344089, 5.81573
-0.641388, 3.7739
0.905755, 1.97216
-0.142568, 4.88714
0.298881, 0.595428
-0.341215, 1.80622
0.86803, 5.67558
-0.107889, 2.65732
0.633118, 1.91051
-0.122562, 4.31173
0.884439, 2.37019
0.134343, 6.08074
-0.18702, 0.0391339
0.817376, 0.683204
0.442881, 1.37256
0.211899, 0.69
-0.868154, 0.61083
-0.997489, 5.11146
-0.522091, 5.23749
-0.779215, 3.42304
0.516379, 1.70692
-0.439734, 4.65401
-0.599057, 3.43678
-0.758601, 5.70028
0.35552, 0.700481
-0.97142, 5.30367
-0.287632, 1.97541
-0.661431, 5.32555
-0.454829, 2.29471
-0.53122, 3.83417
-0.966428, 2.31569
-0.505602, 3.68686
-0.802719, 4.56693
-0.3664, 5.71312
0.157885, 5.92842
-0.976328, 2.40692
-0.0144381, 0.731633
-0.763085, 3.08699
-0.788846, 5.46979
-0.83814, 3.96627
-0.299139, 0.727016
-0.214561, 5.89838
-0.595822, 5.35751
-0.12937, 0.177132
0.064174, 2.6192
0.759312, 3.44083
0.605637, 4.70796
-0.156224, 2.76898
-0.6868, 3.49337
0.912339, 1.28997
0.348288, 0.241091
-0.74578, 1.59245
0.323082, 5.72047
0.715392, 4.51444
0.894307, 4.146
0.701973, 0.0818848
0.392158, 4.87471
-0.964124, 6.25615
-0.887026, 5.82034
-0.565392, 0.231645
-0.485891, 1.29633
-0.16005, 5.50423
0.95694, 5.22095
0.909909, 3.39518
-0.697555, 1.34572
-0.76694, 4.06265
0.586075, 3.8229
0.741612, 4.53586
-0.967666, 2.00828
-0.478753, 3.38781
-0.943231, 3.81394
0.32837, 2.44337
0.732216, 3.26015
0.845916, 6.1411
0.671133, 4.30013
-0.994061, 1.63374
-0.384321, 1.56284
-0.227842, 1.02641
0.601501, 1.59931
0.841625, 5.73696
0.985537, 0.566015
-0.433587, 4.75363
-0.0806533, 5.63103
0.952262, 1.28825
0.983697, 4.09867
0.872017, 0.08506
0.848205, 2.93883
-0.78451, 2.4981
-0.959867, 4.45794
0.869698, 2.6382
0.338003, 2.39149
-0.771241, 3.64445
-0.240476, 1.83415
-0.0476191, 2.12686
0.544528, 0.195597
0.407952, 5.99655
0.606922, 1.7665
-0.41474, 3.19273
-0.402587, 2.67146
0.500833, 0.364595
0.868887, 5.40842
0.122134, 1.93281
-0.54586, 0.801785
0.894138, 4.30685
-0.977186, 0.0670216
0.832863, 0.194553
-0.0533738, 0.999632
0.20328, 3.78074
0.629226, 3.71605
0.185839, 1.2878
-0.645332, 0.462538
-0.899593, 4.27201
0.0848858, 0.486736
0.0246299, 5.7095
0.619648, 2.07735
-0.729485, 6.1389
-0.246188, 2.84124
0.633301, 0.637314
-0.659151, 2.12893
0.367103, 1.09684
0.0516522, 3.72002
-0.38336, 2.04819
0.767836, 6.26061
-0.999617, 1.1892
-0.0159995, 0.375479
-0.349076, 1.61627
-0.0550513, 1.38534
-0.658178, 2.9114
0.784291, 2.26038
0.999409, 0.538284
0.596709, 1.59896
-0.467102, 0.452569
0.425171, 4.10613
0.925708, 1.90023
0.658695, 2.51686
-0.698451, 6.13554
0.232376, 5.48884
0.814739, 4.33416
0.844649, 5.99014
0.404376, 1.71803
0.0703205, 3.5609
-0.909751, 4.10388
0.866732, 0.240823
0.0913894, 1.99518
-0.976984, 0.708293
-0.8274, 5.53105
0.610854, 4.3679
0.572862, 3.97867
-0.538834, 1.3791
-0.764191, 4.88656
-0.921089, 3.4045
-0.971986, 4.21663
0.569295, 3.85191
-0.754249, 1.89442
-0.383508, 2.49925
0.771049, 4.19737
0.687948, 0.409749
0.438155, 1.33751
-0.990067, 0.060894
-0.852776, 1.54362
0.41218, 0.972329
-0.993162, 5.3528
-0.0997519, 5.11613
0.776347, 1.4669
-0.404463, 0.364131
-0.297566, 3.85689
-0.820601, 3.11258
0.0319394, 5.25376
-0.920552, 2.39045
0.351112, 4.43277
-0.950752, 0.385557
0.420061, 3.59042
0.983999, 1.80997
-0.804088, 4.39568
-0.578508, 4.24769
0.809533, 3.72707
0.279063, 1.19641
-0.594845, 1.49714
-0.80873, 2.3011
0.326832, 5.66209
-0.354079, 5.21839
0.302101, 2.58061
-0.895281, 2.92845
-0.345703, 5.70372
0.789825, 2.42203
-0.916091, 2.35582
0.692601, 1.29623
-0.472107, 4.33328
-0.958487, 5.79977
0.112149, 3.1993
-0.211152, 1.64412
-0.745433, 2.1046
0.615273, 4.19566
0.854126, 2.80369
-0.674688, 6.17156
0.234162, 1.33261
-0.358205, 4.68943
0.681146, 3.85997
-0.421714, 2.85179
-0.754387, 1.46408
-0.880214, 1.94992
-0.0576108, 4.48373
0.523374, 5.10516
-0.789532, 3.4427
0.645702, 0.437836
-0.662951, 0.691084
-0.785554, 5.90259
0.887735, 3.7983
-0.949717, 1.80925
0.01789, 4.83365
-0.0555216, 1.413
-0.615819, 2.10819
0.677149, 0.409494
0.935124, 1.02897
0.189541, 0.867635
-0.484182, 3.36314
-0.699975, 5.23502
-0.198777, 0.503337
0.433224, 4.9391
-0.146268, 4.0081
0.6934, 1.88882
-0.179303, 5.46585
-0.249145, 5.05807
0.784138, 1.44144
-0.762828, 3.38285
0.729649, 2.75413
0.605547, 3.93315
0.0207154, 0.498815
0.707586, 2.71119
0.0290796, 4.95676
-0.755537, 3.30261
-0.567306, 2.12638
-0.983481, 2.35104
-0.256761, 5.73511
-0.684108, 5.32839
0.977848, 2.82346
0.549617, 5.46671
-0.928361, 2.99968
-0.377146, 1.8291
-0.704955, 0.952252
0.347367, 4.95591
0.413529, 0.486762
0.708817, 1.77244
-0.833922, 0.246677
0.986364, 4.2621
0.168034, 0.392988
0.205281, 5.58388
-0.173683, 5.93618
-0.662735, 4.59248
0.823041, 6.16831
0.722522, 5.47456
0.203515, 1.34261
0.887059, 2.17302
0.618452, 5.72516
-0.771003, 2.06242
0.542549, 2.11877
-0.989232, 0.751593
-0.705719, 3.73887
-0.531141, 2.73268
-0.222604, 5.75459
-0.977971, 3.89767
-0.654162, 3.25371
0.473327, 4.21154
0.900747, 2.03267
0.474248, 1.26812
-0.733138, 4.6886
0.656915, 1.46278
0.141955, 0.195123
-0.12924, 3.35741
-0.773118, 5.41072
0.828713, 2.72194
-0.527123, 5.33601
-0.939013, 4.53156
0.213822, 1.03351
-0.374637, 0.407501
0.756206, 3.35488
0.268815, 2.04671
-0.676006, 4.35036
0.947975, 2.61657
0.590283, 2.07647
-0.905166, 1.64243
0.966069, 4.38013
0.810537, 2.39482
0.96557, 1.93836
-0.834075, 1.89493
0.217018, 3.64933
0.330524, 4.55751
0.325524, 5.58331
0.373014, 4.88392
0.961034, 4.68235
-0.840759, 1.22474
-0.16641, 1.71566
0.00730253, 3.1018
-0.593709, 3.38924
0.816692, 4.17137
-0.553465, 0.264299
-0.824242, 0.119395
-0.659478, 1.07372
0.609134, 1.22938
-0.251076, 0.331979
0.605253, 4.16881
0.605425, 1.71475
0.472666, 5.67805
-0.520132, 3.94547
0.375376, 4.09198
-0.624165, 1.97185
-0.721083, 3.82598
-0.3259, 0.501189
0.695226, 5.42082
0.984772, 2.78203
0.782031, 2.72778
-0.677903, 5.66986
-0.89261, 2.77218
0.0459758, 5.45488
-0.559615, 4.02861
-0.68813, 0.580731
0.0608226, 5.41564
-0.0268943, 5.04383
0.407366, 2.18727
-0.318667, 0.993421
0.990724, 4.60816
0.858931, 0.712181
-0.217758, 2.38609
0.9782, 1.30394
0.517561, 1.58721
0.568179, 0.763157
0.862502, 2.14617
-0.81531, 1.23027
0.488747, 6.12231
-0.269791, 0.512012
0.947521, 1.89347
-0.412357, 3.91514
0.717153, 5.49293
0.0599757, 0.531523
-0.0609935, 5.62193
0.839896, 4.88241
-0.558204, 0.681007
0.665325, 2.82408
0.592822, 0.881568
0.803197, 5.53642
-0.616575, 4.13818
0.0161215, 1.85152
0.182788, 5.11103
0.872436, 0.404613
-0.663717, 0.876636
-0.496386, 2.52297
0.153111, 0.195357
-0.600893, 1.03188
0.389498, 0.162695
-0.744539, 2.10914
-0.748459, 0.404889
-0.267566, 5.22114
0.828406, 5.74174
0.140166, 2.30362
-0.521387, 2.54751
0.462913, 2.90398
0.770233, 0.826505
0.0447562, 2.03954
0.121697, 5.21961
0.378703, 1.81148
0.594324, 3.12565
-0.814223, 5.15048
-0.951423, 3.06717
0.435256, 2.12067
0.468573, 0.173449
-0.755048, 1.76589
0.893669, 0.91972
0.162095, 5.68946
0.89335, 1.39669
-0.761574, 2.48515
0.560407, 3.95157
-0.58047, 4.9079
-0.567276, 4.47045
-0.113737, 3.71444
-0.546963, 4.74499
0.733603, 2.31084
0.253145, 4.50793
0.363009, 5.38374
-0.0495883, 4.24536
0.75886, 1.98525
0.647236, 2.64111
0.828898, 3.21858
-0.83107, 0.619914
-0.988926, 2.04009
-0.598631, 1.72705
0.244559, 4.2192
0.55775, 0.18848
-0.912739, 1.23957
-0.0140478, 4.60261
-0.988498, 3.20147
-0.923266, 0.10511
0.715595, 4.28252
-0.608269, 2.1651
0.988125, 2.12175
0.824274, 2.80651
0.7869, 4.70617
-0.931311, 5.11269
0.189284, 0.783269
0.548533, 2.64035
0.448173, 4.26219
0.728125, 5.8014
0.576589, 4.52967
-0.0497115, 2.42174
0.866967, 3.15369
0.703582, 2.89957
-0.360953, 2.7102
0.217005, 6.17786
0.399331, 1.25289
-0.973606, 0.590408
-0.717824, 1.66373
-0.83474, 3.05851
0.454787, 5.41746
-0.921409, 5.42272
0.235715, 2.61991
0.376163, 1.31895
0.710562, 1.97072
0.941101, 1.22661
-0.253846, 1.38484
-0.493883, 0.649814
0.304576, 3.90766
0.789975, 0.903328
-0.950585, 6.09979
0.921442, 3.48893
0.75699, 2.87373
0.95499, 2.15836
-0.980056, 3.21757
0.0333514, 0.109144
0.623158, 0.863973
0.455025, 0.258874
0.635506, 5.73493
0.621241, 5.48245
0.904709, 6.2815
-0.866293, 5.09047
0.0552575, 0.919533
-0.629313, 4.27105
0.544829, 3.46368
-0.711909, 2.99391
0.760855, 5.45434
-0.419044, 5.05162
0.800324, 4.63675
-0.765141, 5.12118
-0.0356136, 1.69655
0.177233, 2.24538
-0.574482, 3.25703
-0.0821087, 5.81119
-0.596508, 0.142803
0.987694, 2.92937
0.993653, 2.44543
0.792569, 0.63634
0.187069, 2.75086
0.945944, 3.9282
-0.622005, 3.10481
0.656445, 5.52322
0.546412, 3.47631
0.447094, 3.92411
-0.874049, 3.6669
-0.980591, 3.7585
0.482536, 5.11575
0.512936, 4.44162
-0.198817, 1.53203
0.45076, 0.226336
-0.819634, 4.82834
0.0271144, 4.89345
0.20647, 5.91383
0.89467, 5.16973
-0.505523, 1.90706
0.0132201, 4.24415
0.605816, 2.60497
0.194992, 3.13687
0.446326, 4.70745
0.841128, 0.850946
-0.886685, 2.48824
0.274566, 4.91213
0.364233, 5.80772
-0.650701, 4.31504
0.373541, 3.37314
-0.543276, 5.79827
0.95609, 4.69494
-0.878403, 0.733173
-0.278436, 2.40488
-0.508305, 4.32261
-0.787732, 3.82954
-0.61127, 5.80516
-0.682528, 1.93048
-0.13154, 1.80108
-0.96837, 0.0565479
0.915338, 6.05562
0.31291, 1.39038
-0.415727, 1.99088
0.255966, 5.73281
-0.861894, 3.58302
-0.864547, 5.93349
0.597853, 4.53656
0.177833, 2.02175
0.495947, 3.62804
-0.525322, 6.26243
-0.645113, 1.41694
0.599334, 5.6393
-0.850049, 0.809271
-0.214675, 4.41411
-0.678535, 1.31023
0.621411, 0.376653
-0.670284, 3.70967
0.787151, 1.36863
0.328264, 0.963548
0.890409, 2.48636
-0.608639, 2.57641
-0.344088, 4.02183
0.959984, 1.22884
-0.340737, 0.629751
-0.703263, 2.99413
-0.568522, 5.47241
0.398688, 0.770289
-0.657833, 5.62185
-0.967156, 2.34497
-0.752602, 0.518252
-0.471454, 5.71652
0.0465338, 0.300338
-0.954259, 0.730254
0.577202, 5.34163
0.670433, 3.43689
0.146034, 0.619281
-0.887346, 1.11482
0.577657, 1.64683
0.701848, 0.88452
-0.792193, 5.72687
0.21629, 3.85587
-0.737237, 2.16737
-0.971978, 2.88939
0.314181, 5.42408
0.609136, 5.70433
-0.0181209, 0.471176
0.644991, 5.48879
0.965925, 0.41699
-0.334426, 3.65633
0.774285, 4.58806
0.886363, 5.42209
-0.381243, 2.07224
-0.194661, 4.69485
0.143898, 2.62529
-0.939415, 4.50319
0.917709, 5.63969
-0.901324, 0.209184
-0.00747066, 5.88
0.613298, 5.39707
0.567887, 3.17717
0.684018, 5.22296
0.395203, 2.23037
0.217837, 0.850199
-0.593671, 1.7422
0.825096, 1.0627
-0.821591, 2.62508
-0.117608, 0.0747576
0.136325, 0.752195
0.0470489, 2.08686
0.188796, 2.70938
0.59819, 2.91217
-0.852975, 0.433499
0.187277, 0.00363449
0.951848, 3.00059
-0.0618091, 0.0111396
0.145314, 1.90178
-0.676797, 0.0404079
0.924196, 3.50529
0.730235, 3.68636
-0.651307, 1.20438
-0.0919077, 1.52515
0.722439, 0.792906
0.978907, 2.37011
-0.836021, 3.58148
-0.331929, 0.871797
-0.202425, 3.59689
0.119523, 3.53072
-0.986633, 6.12376
-0.928445, 3.34132
0.430892, 2.54531
-0.0494916, 5.96903
-0.688566, 4.42432
-0.585126, 0.668955
-0.713916, 4.00603
-0.604063, 0.633018
0.548803, 0.506838
0.440279, 0.806369
0.0930874, 6.14745
-0.966092, 1.4793
0.700965, 1.33906
-0.026028, 3.38596
-0.141256, 2.9475
0.480163, 0.432901
-0.819135, 5.72475
-0.373136, 5.47333
-0.727929, 6.01252
0.24035, 0.126926
0.84479, 3.62639
0.318409, 0.330745
0.384525, 5.71091
0.166832, 0.29113
0.901989, 4.45784
-0.674705, 1.12997
-0.0533263, 5.92144
0.0967854, 4.86545
-0.503618, 5.0016
0.123079, 4.69119
0.307972, 2.19891
0.611643, 1.9465
0.698394, 5.46005
-0.727664, 5.59277
-0.77989, 5.67246
-0.756156, 3.7938
-0.764796, 1.12825
0.778956, 5.69985
-0.286589, 6.10066
-0.761678, 5.85372
0.821316, 4.64465
-0.297377, 1.19448
0.454807, 4.47257
0.716562, 3.96168
0.396172, 6.06151
0.756225, 0.979047
-0.693169, 6.1448
-0.608471, 4.98941
0.592666, 2.79479
0.0812819, 3.21358
0.127964, 4.48653
-0.920106, 5.23317
-0.300177, 5.42209
-0.108536, 5.85252
0.669394, 1.81805
-0.630642, 1.86066
-0.240068, 0.714492
0.736214, 0.67128
0.516853, 4.75002
-0.744306, 3.12866
-0.293709, 5.36396
-0.301617, 1.38816
-0.944206, 3.43751
-0.482132, 5.83527
0.397779, 2.48089
0.884612, 0.724746
0.958697, 5.66403
0.697928, 4.08464
-0.300735, 4.59017
-0.977718, 2.97803
-0.398746, 6.10612
0.984312, 2.5281
0.762114, 5.81105
0.115699, 2.80266
0.807, 2.80632
-0.547584, 4.66965
-0.750558, 4.18208
-0.783989, 2.38363
-0.62291, 1.21192
0.933417, 4.97018
-0.817062, 0.0613488
0.522044, 2.57792
-0.792605, 1.13208
0.245466, 5.20862
-0.0845427, 5.54706
0.768387, 1.24454
0.599619, 2.42552
0.293261, 1.71616
-0.49664, 1.87664
-0.0406275, 0.739292
0.918577, 1.29826
-0.941085, 2.60487
-0.043197, 0.111897
0.887529, 0.476645
-0.224548, 2.15354
-0.878913, 0.0281249
-0.500518, 2.85503
0.797768, 2.81038
0.312697, 3.74879
-0.50187, 3.46119
-0.857537, 1.12817
-0.386687, 5.00974
-0.530958, 1.71943
-0.0242273, 5.35524
-0.622013, 4.48832
0.858444, 5.80982
0.738728, 6.17753
-0.549271, 2.35177
0.526229, 0.0221721
-0.222171, 0.357578
-0.234045, 1.54595
0.869293, 4.16172
0.901757, 3.86255
-0.915825, 0.753668
-0.457566, 1.8988
0.611569, 2.73778
0.713402, 6.235
-0.424462, 0.888804
0.412652, 5.02969
-0.254221, 2.58961
0.622068, 5.34512
0.649532, 0.95983
-0.867639, 1.86284
-0.633613, 0.944169
-0.265579, 5.88359
0.95595, 1.59329
-0.927297, 2.55672
-0.141245, 5.86997
-0.874603, 1.08494
0.0927928, 1.72301
-0.385693, 3.83968
-0.0807295, 3.71727
-0.275127, 5.7274
-0.338074, 4.79969
0.575114, 2.81607
-0.520718, 5.07387
0.804628, 5.24084
-0.70978, 3.70484
-0.193275, 2.08261
-0.858113, 5.85272
-0.551561, 4.12499
-0.359217, 0.633503
-0.877209, 5.96188
-0.429352, 1.99525
-0.646212, 1.51797
-0.703203, 3.74868
0.864317, 0.336661
-0.92899, 6.04747
-0.386034, 4.86744
-0.442321, 2.15936
-0.868013, 1.59881
0.130784, 5.65504
-0.891263, 3.867
-0.945687, 2.18277
-0.179077, 5.74889
0.870767, 1.40638
-0.100113, 1.1496
-0.232496, 4.60586
0.125741, 4.50533
-0.582135, 1.99982
0.89186, 5.30791
-0.953792, 3.45553
-0.87781, 3.92744
-0.0363354, 5.1133
0.862633, 0.538334
0.0599685, 4.52832
-0.381272, 4.49157
0.775608, 1.28694
0.322771, 0.20407
0.955194, 4.57929
-0.984257, 1.50064
0.813321, 5.28605
-0.659659, 3.90657
0.452262, 1.9915
0.186256, 3.34099
-0.78249, 4.65631
0.660563, 3.3505
-0.720807, 1.8747
0.918804, 3.91658
-0.676658, 2.15227
-0.603041, 3.02923
-0.586518, 2.41141
0.977744, 0.152471
-0.969695, 3.77745
0.589468, 0.878436
0.336969, 3.18954
-0.753732, 4.35224
0.971204, 4.23381
-0.634723, 2.10428
-0.558249, 0.286807
-0.176484, 4.9388
0.994126, 4.64731
0.822706, 0.663893
0.378119, 2.07644
0.0504331, 4.30017
0.179367, 4.6446
-0.569943, 3.76127
0.954698, 1.63225
0.834689, 5.01421
0.926625, 0.568302
-0.807026, 3.0269
-0.333241, 5.66082
0.111981, 2.05764
-0.953905, 1.85861
-0.658797, 4.67319
0.883161, 0.197728
-0.721373, 2.45206
0.730397, 3.24988
-0.833995, 4.14451
0.991748, 2.63898
-0.920281, 2.12386
0.456893, 0.518717
-0.439462, 4.84761
0.855885, 2.09086
-0.812006, 0.742923
0.723028, 1.66305
0.952808, 5.1554
0.994379, 4.63179
-0.0133287, 2.63726
0.80419, 3.91153
-0.940446, 2.76344
-0.587246, 2.45692
-0.905803, 5.38726
0.811413, 3.28477
0.88961, 4.74796
0.494958, 5.47431
-0.831574, 6.01296
-0.0605363, 2.24338
-0.455753, 3.75038
-0.668396, 1.42633
0.936492, 5.06451
0.000325063, 2.62614
-0.699124, 3.94645
-0.665869, 2.31074
0.966453, 4.14953
0.924386, 3.04936
-0.569993, 4.87357
0.422201, 4.7306
-0.643974, 3.02905
0.922198, 2.14587
-0.784772, 4.89375
0.65405, 5.50795
0.653575, 0.714981
-0.937389, 1.62846
-0.179693, 4.39116
0.135916, 6.01466
-0.966411, 3.13608
0.815164, 0.216057
-0.590931, 4.21617
0.0638441, 4.10917
-0.474839, 3.11043
0.585529, 1.72378
-0.670925, 1.73968
-0.735077, 3.10303
0.601197, 2.45076
-0.391214, 5.9617
-0.82652, 4.21638
-0.279837, 1.30437
0.894651, 2.85647
0.838181, 2.33368
-0.740644, 0.595499
-0.864627, 0.415189
0.909539, 3.10499
-0.0834079, 0.870933
0.98616, 0.264575
-0.594707, 4.71164
-0.421678, 5.26292
-0.2099, 0.495178
-0.517867, 6.16747
-0.20817, 5.29781
0.881094, 3.46446
0.895766, 2.84814
-0.586389, 4.4984
-0.923633, 6.19029
-0.383389, 2.96143
-0.171523, 1.65679
0.0143589, 2.55266
-0.336914, 3.67755
-0.0361219, 3.3585
-0.607858, 3.18217
-0.180443, 0.171468
-0.368402, 0.135311
-0.886592, 2.2963
0.7407, 0.451675
0.606519, 5.73903
0.800115, 0.720037
0.844774, 4.0201
-0.819428, 4.45981
-0.236663, 5.8796
0.797939, 1.91006
0.793103, 3.8059
-0.511128, 5.84692
0.759305, 6.11594
0.961117, 3.28405
-0.977562, 0.949246
0.802592, 5.11497
-0.0803785, 1.32185
0.459446, 1.21326
-0.075407, 1.23642
0.881272, 5.74961
-0.138751, 3.29731
0.70607, 3.21906
-0.906187, 2.43822
0.808219, 3.72784
0.341343, 3.4493
-0.722569, 6.27969
0.867734, 3.46221
-0.262661, 5.17709
-0.720454, 1.31009
0.614623, 5.35886
-0.542208, 5.69459
0.69105, 4.82893
-0.650181, 3.52911
-0.217669, 3.29167
-0.909399, 5.76406
-0.055133, 0.311473
0.569135, 5.87191
-0.739815, 2.79063
-0.189682, 0.109228
-0.278158, 0.228504
-0.274755, 5.71266
0.430699, 1.26869
0.0906049, 5.43494
0.866908, 1.56062
-0.0392731, 5.65319
0.183392, 2.37499
-0.133897, 3.63773
-0.577076, 0.519227
0.806145, 1.37449
-0.654122, 3.86268
-0.380585, 0.34794
-0.493055, 1.08818
0.88226, 4.2579
-0.978676, 2.50915
0.162056, 5.00924
-0.450886, 0.303725
-0.591733, 4.27427
0.923491, 6.25347
0.245363, 0.504684
-0.949201, 3.26389
-0.299147, 3.12864
-0.361844, 3.7772
0.657204, 3.44933
-0.898605, 1.5479
-0.745336, 2.84771
-0.676741, 2.90537
-0.338764, 5.7564
0.38003, 5.61834
0.771919, 2.03866
-0.34778, 5.20457
-0.935482, 0.310668
0.967416, 4.92204
0.0954658, 1.62301
0.164027, 2.57731
-0.765195, 1.97965
0.215513, 5.93931
0.398548, 5.53521
0.899557, 0.659765
0.793389, 4.07362
0.174418, 5.91022
-0.900438, 2.39709
0.298886, 3.27988
-0.223817, 4.23613
-0.836153, 4.78868
0.715366, 2.08098
0.878812, 3.44013
-0.282328, 4.43814
-0.812291, 1.05859
-0.138893, 5.44513
-0.647744, 4.62126
0.214716, 3.08232
-0.0247394, 4.22714
-0.797074, 0.999307
0.302294, 2.81578
-0.0320026, 3.38445
-0.843295, 2.74575
0.00418551, 5.33136
0.903718, 1.11561
0.821184, 0.55279
-0.340727, 1.28011
-0.151645, 3.38434
0.144346, 2.92005
0.42855, 5.84698
0.178588, 1.79839
-0.791992, 1.31435
-0.828476, 2.20277
0.927138, 5.81731
0.814344, 3.91515
0.940202, 4.64883
0.746968, 3.6162
-0.30642, 1.33717
0.757509, 5.78421
0.6726, 0.332274
0.842638, 1.21061
0.405469, 1.88821
-0.185882, 1.82566
-0.958635, 3.02336
-0.0744008, 5.9428
0.781163, 5.14123
-0.236155, 3.63603
-0.874954, 0.0268904
-0.612745, 3.02202
0.455315, 5.85785
-0.63358, 2.60514
0.319998, 3.68629
-0.246789, 5.81739
-0.540873, 0.942576
0.856498, 0.208581
0.618878, 3.60549
0.998729, 0.907671
0.545169, 2.36045
-0.980286, 0.082878
-0.0712617, 2.64368
-0.926513, 1.91973
-0.242596, 2.75591
-0.371215, 2.47378
0.898896, 4.88965
0.967947, 1.33707
0.463808, 1.92238
-0.438247, 4.13959
-0.36722, 2.77986
0.10404, 3.8318
-0.325895, 0.708274
-0.419385, 0.0713525
-0.428323, 3.86551
0.294727, 5.58494
-0.27474, 3.74529
-0.773129, 6.20692
-0.699893, 4.53632
-0.410492, 2.45737
0.217368, 1.49685
0.502175, 2.06148
-0.974065, 5.19101
-0.8614, 1.4956
0.931399, 1.37892
-0.250423, 1.88811
0.792706, 4.8392
0.229874, 5.98542
0.775066, 3.73207
0.286254, 5.7613
0.617035, 1.60871
0.196787, 4.72571
-0.953171, 3.0886
-0.453239, 3.56645
-0.973792, 4.67463
0.977623, 4.57483
0.857115, 1.9814
-0.642104, 4.0175
-0.0360552, 1.03394
0.737804, 0.969667
0.623983, 0.793824
-0.77567, 4.90119
-0.211717, 3.48041
-0.740257, 5.38117
-0.363091, 5.75465
-0.429619, 1.74425
-0.754152, 0.318476
0.946999, 0.3234
0.899136, 2.59394
0.146264, 1.20223
0.718806, 0.519552
0.559022, 4.79406
-0.798241, 4.60162
0.56773, 4.78853
0.75524, 1.78588
-0.631639, 5.60512
0.236348, 4.78437
0.366174, 4.0072
0.908968, 1.73549
-0.674489, 0.872425
0.551304, 4.62436
0.723989, 2.96164
0.215339, 5.0328
0.224774, 0.686217
0.867232, 4.88465
-0.760784, 1.20072
-0.577685, 4.53389
-0.702591, 2.54413
-0.385529, 0.514287
0.938373, 1.89877
-0.830464, 4.47182
-0.639187, 5.57847
0.0178332, 3.8999
0.93424, 1.47605
0.560439, 2.74379
-0.250627, 2.73202
0.431427, 3.11478
0.935045, 5.23856
0.834091, 1.59656
0.433134, 4.81034
-0.247359, 2.78508
0.406801, 3.4042
0.71258, 0.87492
0.75779, 1.44686
-0.459312, 0.132638
-0.617388, 5.23963
0.339059, 3.16277
0.858313, 2.32638
0.703771, 0.792918
0.297723, 2.81505
-0.237565, 3.70632
-0.405507, 1.73412
-0.76633, 4.48425
0.171915, 0.127714
-0.403755, 0.534829
-0.715468, 5.72964
0.476486, 3.95103
0.710436, 1.15802
0.985789, 1.59303
0.924768, 1.56753
-0.593603, 1.47976
-0.2862, 1.71087
0.63477, 5.33259
-0.943664, 2.92974
-0.426862, 1.46172
0.235251, 1.63752
-0.994422, 4.36056
-0.552348, 5.91814
0.585387, 2.47182
-0.733272, 3.77322
-0.555982, 0.960795
0.396634, 4.10508
-0.171428, 2.41138
-0.378151, 1.13397
0.332596, 4.21636
-0.749374, 2.23006
0.904774, 2.27035
0.297332, 2.43691
0.253676, 2.95222
-0.127354, 2.77902
-0.695265, 4.71588
0.483293, 4.8338
0.50839, 6.17259
-0.715406, 0.100617
0.807853, 3.29603
0.461419, 5.49478
-0.955992, 3.27783
0.583769, 5.10879
-0.864875, 2.86721
0.452904, 1.70125
-0.0920028, 2.53378
-0.504895, 0.217976
0.139196, 4.0355
-0.0641233, 4.83215
0.434539, 1.39966
0.930979, 0.947741
0.458186, 5.66075
0.934236, 4.45509
-0.710038, 4.62939
-0.191539, 1.41726
0.934399, 3.65869
-0.724651, 1.42096
0.36394, 1.59279
0.394278, 6.18958
-0.0737663, 3.01097
0.510601, 1.05201
0.609028, 3.472
-0.689762, 0.00414291
-0.710395, 3.41205
0.198749, 3.37365
-0.219742, 4.32468
0.978403, 2.08011
-0.755627, 1.4281
-0.875229, 0.585305
0.679606, 3.81287
-0.00629471, 1.61237
-0.251565, 2.25649
-0.917255, 1.94057
0.390307, 4.8128
0.834932, 5.64853
-0.982184, 1.33221
0.592316, 5.75702
0.857975, 0.369825
-0.988226, 5.43436
0.206912, 6.10943
-0.732656, 3.39823
0.638477, 1.26289
0.313673, 3.93897
0.600393, 2.33614
0.786084, 5.19249
-0.29592, 2.31228
0.449829, 2.2859
-0.37566, 3.81806
-0.343879, 0.526754
-0.694051, 4.30565
0.113555, 0.642341
0.529824, 3.15646
0.955137, 2.13824
0.760986, 4.20342
-0.437092, 1.76753
-0.541964, 0.964277
-0.569572, 5.19625
0.725586, 3.07011
0.90332, 4.35359
0.870292, 0.861252
0.870326, 3.69209
-0.995326, 3.66641
-0.92615, 5.34126
-0.140443, 0.948931
-0.318554, 1.79018
0.662259, 0.0365368
-0.578322, 5.96917
0.207176, 2.62189
-0.744816, 5.30349
0.50314, 2.72916
-0.760343, 5.36214
-0.15241, 5.93179
-0.855549, 4.29112
-0.313948, 2.31364
-0.646243, 2.80055
0.937361, 2.99054
0.809234, 6.13124
-0.960049, 1.94763
-0.910746, 0.0833107
0.976748, 1.60813
-0.604046, 0.316353
-0.808024, 4.2526
0.875736, 2.38503
-0.721259, 4.03804
-0.699788, 4.43317
0.390698, 5.68051
0.478376, 3.63556
-0.950994, 4.04965
0.651885, 5.06223
-0.254211, 5.19757
-0.750278, 5.70944
0.169278, 5.4702
-0.66698, 3.23765
-0.258768, 0.566138
0.0366055, 0.326208
0.603008, 5.71807
-0.271151, 4.80948
-0.812342, 3.47588
0.227428, 3.39888
-0.135864, 2.14103
0.56447, 0.753468
0.494332, 3.31107
0.0139896, 5.35032
0.868331, 1.62225
-0.0828147, 4.15063
0.88938, 5.30541
0.88494, 2.54024
0.184813, 2.79704
-0.836667, 0.159416
-0.545685, 3.79126
-0.403317, 2.44487
0.842694, 3.6088
0.203893, 0.458902
-0.807283, 1.91072
0.883143, 6.00892
0.13581, 0.0364955
0.538691, 4.67287
0.696275, 5.8158
-0.793367, 0.765466
0.0832474, 4.09009
-0.253089, 1.67214
0.669124, 2.04748
-0.0811038, 2.02804
-0.256899, 2.01278
-0.513818, 4.39292
0.57456, 3.8002
-0.84324, 4.65288
-0.25429, 2.12567
-0.760579, 4.26673
-0.228143, 5.75078
0.85822, 5.79708
-0.998927, 4.04484
0.926417, 4.32691
0.329201, 4.2642
-0.695201, 2.71621
0.862862, 1.30571
-0.299243, 5.98673
-0.458001, 0.791137
-0.801074, 0.917369
0.325632, 1.06745
0.646474, 0.410038
-0.970107, 4.99858
-0.832758, 4.67503
0.0950952, 3.75411
-0.881923, 1.94466
-0.117256, 0.726446
0.589222, 4.56555
-0.902507, 4.03226
-0.00101779, 1.10023
0.990887, 2.64198
0.671061, 2.86428
-0.10177, 3.5295
0.544039, 3.77973
-0.921155, 5.33066
-0.32245, 0.982848
0.0690066, 0.808444
-0.543318, 3.45656
-0.316939, 3.00756
0.211758, 3.83021
0.502571, 2.88471
0.123425, 4.26412
-0.750846, 3.853
0.270045, 5.48276
0.454141, 3.37062
-0.699045, 6.17084
0.720939, 4.04112
0.0177242, 2.64677
-0.745167, 4.29287
-0.954781, 1.60587
-0.81079, 5.70113
-0.7263, 0.828593
-0.326224, 4.27121
0.962165, 4.35882
0.568876, 3.56855
-0.71456, 0.588159
-0.21973, 1.70218
0.797816, 5.07545
0.836311, 1.88157
-0.501892, 1.17458
0.772095, 2.51656
0.784077, 3.27141
-0.584356, 0.218458
-0.888235, 2.58483
-0.243434, 3.32485
0.664162, 1.0784
0.134023, 4.47014
0.624308, 1.47008
0.643123, 6.01917
0.811966, 3.34441
0.396496, 5.46803
-0.535275, 0.239747
-0.561373, 3.10116
0.873224, 1.89436
0.461714, 3.15009
-0.0210314, 4.20126
0.822774, 2.2653
-0.630136, 2.91491
-0.946791, 3.73691
0.608799, 2.2795
0.298464, 0.344991
0.576001, 4.95812
-0.26509, 5.35909
-0.223788, 4.11927
0.065078, 6.11268
0.704443, 2.08254
0.476824, 4.55508
0.886147, 2.95579
0.760198, 0.537236
0.837406, 2.83893
-0.90808, 5.29083
-0.0134953, 0.0599441
-0.923449, 2.97581
-0.813373, 2.86359
0.941442, 5.3178
-0.532344, 3.21157
0.881452, 6.08488
0.884779, 3.24594
-0.0525415, 5.65614
-0.00282012, 2.76505
0.0143226, 4.05035
0.0292499, 1.69046
0.457868, 2.43633
-0.0100492, 3.89443
0.724911, 3.2605
-0.769251, 5.24032
-0.821673, 3.28874
-0.932515, 6.21621
0.00162451, 4.06109
-0.90559, 0.133332
-0.139424, 6.07462
0.17182, 0.281211
0.989957, 3.51805
-0.191025, 4.2287
0.785751, 0.599965
-0.405086, 0.108291
0.390873, 1.54084
0.0449784, 3.15157
-0.34776, 2.85785
-0.412685, 6.04853
0.0603424, 2.89199
0.486442, 1.20003
-0.49795, 1.18587
-0.981614, 3.45986
-0.98542, 5.2347
-0.972899, 1.39674
0.954224, 1.75311
-0.0259559, 0.944665
-0.954246, 4.23042
-0.464106, 5.05958
-0.548035, 0.824066
-0.766562, 5.78869
-0.0831268, 0.114118
0.632798, 1.11789
-0.687358, 5.97347
-0.341229, 6.07626
-0.949883, 3.56911
-0.703065, 0.448332
-0.659829, 2.30974
0.523041, 1.35047
0.59317, 5.31529
-0.300001, 3.08194
-0.288356, 5.63529
0.40412, 4.66662
0.25011, 0.400439
-0.771789, 4.95396
-0.13311, 4.90974
0.0935184, 2.16268
-0.731608, 0.997078
-0.689377, 5.87127
-0.287931, 2.33756
-0.429943, 3.95961
-0.498852, 3.56444
-0.816842, 4.00083
0.157111, 0.824731
0.777507, 5.40617
-0.745478, 1.91048
0.694415, 1.80563
0.928591, 2.10141
-0.321772, 1.36752
-0.277511, 4.37445
0.319498, 1.20546
-0.767734, 2.96815
-0.337518, 3.56426
-0.0719178, 1.31276
0.229025, 4.2657
0.64851, 0.474879
-0.931232, 3.80821
0.279299, 1.21205
-0.913849, 4.25135
-0.155758, 1.55197
-0.439159, 5.39119
-0.651882, 1.03297
0.0851091, 2.56088
0.869692, 1.25418
0.307849, 2.31971
-0.785541, 0.409434
0.0831344, 0.617885
0.949977, 0.0447044
-0.0644011, 1.93944
-0.597349, 3.33091
-0.60426, 1.97133
0.799058, 1.26265
-0.543012, 6.16
0.844071, 0.391914
0.59009, 5.04683
-0.739675, 0.450556
-0.645611, 1.41342
0.308139, 5.19909
0.568317, 1.41973
0.943669, 5.97063
-0.878901, 3.98407
0.918616, 3.39033
-0.156253, 3.14325
-0.132812, 3.5917
-0.391917, 1.22191
-0.79242, 2.33199
-0.343561, 2.75399
-0.389479, 0.673669
-0.0374429, 2.69964
-0.073604, 6.25606
-0.654112, 1.31838
0.437983, 0.578117
0.100771, 2.96447
-0.879325, 3.93278
-0.192178, 4.15204
0.905083, 2.34554
-0.413808, 0.0944618
0.161158, 3.89435
-0.550992, 4.27617
-0.442497, 2.38526
-0.767257, 4.32334
0.378648, 2.32338
0.820821, 0.619946
-0.957474, 2.87039
0.791305, 0.535589
-0.73958, 0.578718
-0.735545, 4.68264
0.0958839, 2.93153
-0.143554, 4.38246
-0.965016, 6.23628
-0.4999, 3.64498
0.899041, 1.13943
-0.766128, 5.31618
0.487839, 6.03343
0.782852, 4.88296
0.695654, 0.994168
0.430709, 1.16544
-0.588783, 5.56178
0.282602, 2.82624
-0.674172, 5.86915
-0.324812, 4.44982
0.60939, 3.09615
0.0234579, 5.3608
-0.0974284, 4.97842
-0.812388, 5.75371
-0.627058, 3.90138
0.300102, 5.2581
-0.724564, 0.22472
-0.896851, 3.56106
0.696276, 4.0044
0.955483, 4.72922
0.00864458, 5.16586
-0.935731, 1.21222
0.498214, 2.68098
0.412308, 1.83976
0.692806, 2.96915
-0.70312, 3.48161
-0.89875, 6.08992
-0.300935, 1.78296
-0.527673, 1.74051
-0.124825, 1.66721
-0.0529655, 2.35259
0.261905, 2.0705
-0.694248, 3.00673
0.313115, 6.14765
0.293785, 2.0282
0.893975, 1.385
-0.897527, 3.18461
0.0484037, 1.78687
-0.321922, 1.69715
0.879143, 3.49418
-0.676908, 5.3876
-0.65528, 5.58786
0.427999, 4.0027
0.507677, 1.86108
0.0730389, 0.746386
-0.627963, 2.40529
-0.688167, 2.0405
-0.719005, 2.07118
-0.0926564, 3.69503
-0.24084, 5.69018
0.614186, 4.62128
-0.937426, 4.78478
0.559825, 2.06545
-0.34745, 3.11593
-0.137613, 5.58557
-0.926062, 4.70102
0.174468, 1.14883
0.92401, 2.39754
0.646074, 0.72448
-0.904445, 2.47412
-0.897572, 4.23285
-0.464967, 6.14011
-0.987816, 6.24259
-0.913855, 0.150469
0.722927, 4.30103
-0.582048, 0.584388
-0.534159, 3.96922
0.0546583, 4.42421
-0.197527, 1.46833
-0.476869, 0.996983
-0.328994, 3.84969
0.87765, 2.47896
0.895434, 3.82832
0.98019, 2.47704
-0.85905, 1.66066
-0.750687, 4.03525
0.599244, 0.660964
-0.519221, 0.617046
-0.556511, 0.0727048
0.507457, 3.93069
0.148764, 2.73045
-0.658791, 3.08891
-0.614263, 3.20275
0.412966, 1.05397
-0.794162, 4.25105
0.338712, 0.281826
0.761731, 1.10966
-0.210543, 0.358226
0.133509, 1.17935
0.785613, 5.28223
-0.44738, 2.2958
-0.358417, 1.32913
-0.911793, 0.0311398
0.70514, 3.23138
-0.296842, 4.965
0.033191, 1.63364
0.89314, 3.32821
0.755754, 2.3815
-0.917915, 0.39418
0.774321, 3.33212
-0.686652, 1.34458
0.920021, 1.64495
-0.556218, 6.05349
0.940941, 4.50899
0.84954, 4.93962
-0.862291, 5.89362
0.7461, 1.9266
-0.979045, 3.94969
-0.753069, 3.52337
-0.897378, 6.06997
0.708632, 2.46259
0.017448, 0.355061
0.332662, 3.85152
-0.545329, 4.1995
0.730564, 4.95567
0.438772, 5.23121
0.569453, 5.6724
0.87943, 2.00261
0.0665757, 2.37115
-0.177034, 5.11604
-0.771676, 1.08579
-0.553459, 5.22332
0.907832, 0.0133212
0.411639, 5.45416
0.081991, 4.16328
-0.499132, 5.58777
-0.958947, 3.4285
0.942788, 4.78908
-0.816227, 2.03753
-0.528875, 6.03887
-0.375461, 0.771165
-0.270901, 4.37587
0.233237, 0.820103
-0.915542, 1.06848
0.391846, 4.26727
0.959985, 5.58197
0.75477, 0.57658
-0.749692, 4.60806
-0.588319, 4.2728
0.593296, 5.01042
0.709404, 5.05903
-0.681583, 2.69289
0.395149, 2.37685
-0.00947466, 2.30825
-0.305236, 1.45566
-0.531442, 4.84455
0.246942, 1.13374
0.190693, 3.63225
0.869944, 5.1474
-0.655826, 0.311905
-0.97529, 4.67551
0.998917, 5.74931
0.326715, 5.46494
-0.833108, 3.57834
0.856471, 3.19426
-0.942182, 1.51576
-0.921435, 0.316703
0.578956, 6.23513
0.762052, 4.10753
-0.801843, 5.93947
-0.202527, 1.704
0.116948, 3.64235
-0.709735, 6.07531
-0.00363794, 2.42888
0.839412, 1.90894
-0.722999, 3.7445
-0.198069, 2.09468
-0.378184, 2.612
0.805408, 3.62641
-0.847742, 5.04033
0.628468, 4.72308
0.47163, 2.81672
0.791781, 0.276537
-0.678156, 2.57326
0.533818, 5.51404
0.823311, 0.660898
-0.0774414, 5.26502
0.639038, 1.29797
0.896301, 1.24103
-0.994029, 2.05951
0.133503, 1.2101
0.614255, 3.97802
-0.713665, 0.787453
0.112772, 5.90417
0.237012, 0.42874
-0.659128, 1.14701
-0.307126, 3.01551
0.28569, 5.14206
-0.345208, 0.263312
-0.194109, 2.16364
-0.239537, 1.38275
-0.228207, 2.09058
-0.680895, 3.79597
0.831059, 3.40462
-0.655649, 0.209245
0.371538, 1.7326
0.402255, 5.40529
-0.138934, 0.958273
-0.910131, 1.49039
0.212962, 3.30054
-0.97583, 3.08093
-0.608178, 1.84645
0.731345, 0.996703
0.0603947, 5.85922
-0.920821, 0.791631
0.43376, 0.52682
-0.422234, 4.14028
-0.951673, 1.15741
0.226121, 1.30851
-0.111288, 4.75876
0.904392, 3.22595
0.108261, 5.14565
0.550051, 1.68876
0.759584, 4.40937
0.387602, 4.28609
0.723652, 3.5579
0.978875, 1.22544
-0.93658, 0.772829
0.81495, 3.58675
-0.829672, 3.84907
0.998344, 1.17548
0.249261, 5.16457
0.528029, 1.96398
-0.622409, 4.34889
0.504507, 4.13942
-0.848823, 5.37739
-0.850226, 5.0458
-0.882242, 6.01774
-0.0122916, 5.95414
-0.796659, 2.0129
-0.568261, 1.05588
0.310132, 5.24374
0.637386, 2.86128
-0.485401, 2.32637
0.765482, 5.2425
0.984639, 3.12236
0.70823, 6.06933
0.189423, 5.19757
-0.459259, 5.65074
-0.356332, 1.47236
0.460811, 5.20796
-0.442574, 0.648486
0.329238, 1.58872
0.967196, 2.07329
-0.703835, 5.65439
0.343883, 3.23419
-0.877859, 3.19005
-0.147349, 0.955611
-0.763201, 4.11274
0.750252, 5.14343
0.560002, 1.68819
-0.699551, 3.5067
-0.634172, 3.67503
-0.967868, 5.80673
-0.462634, 4.83105
0.379238, 0.255596
0.453716, 6.11412
0.862906, 3.66527
-0.96379, 4.97977
0.677102, 2.24873
0.585553, 6.11399
0.710085, 5.71146
-0.556181, 0.850001
0.405958, 1.21104
-0.122373, 2.09278
-0.957713, 2.53162
-0.201207, 5.16223
0.91399, 5.76833
-0.624741, 0.00659536
0.725276, 1.93103
0.770283, 3.59174
0.821732, 5.08737
0.0967788, 5.71465
0.832164, 2.54207
0.508363, 2.94421
0.767339, 3.05152
0.276891, 4.73464
-0.120192, 5.66617
0.148988, 5.459
0.83413, 2.19538
0.706671, 0.358778
-0.423833, 1.84394
0.00561055, 0.0938506
0.167085, 4.04845
-0.106497, 5.63143
-0.11155, 1.47679
0.746062, 0.217432
0.557035, 4.50469
-0.690521, 4.9156
0.769161, 1.85127
-0.845285, 5.55037
-0.564501, 4.28379
-0.403473, 3.11523
0.951711, 5.50851
0.397181, 3.03376
0.333639, 5.87536
-0.845524, 4.59253
0.392056, 3.47894
0.304649, 4.27669
0.768796, 1.64096
0.331891, 4.71373
0.514608, 5.05776
0.258501, 6.26487
0.494864, 1.54809
-0.859456, 3.50982
-0.464278, 3.60373
0.766957, 4.46697
-0.399251, 4.01796
0.294027, 2.1781
-0.686115, 2.47968
-0.74681, 3.52378
-0.678999, 4.4945
0.454581, 4.79311
-0.508391, 1.34292
0.791516, 2.57584
-0.475146, 5.94305
-0.651338, 4.22404
-0.178968, 3.12576
0.740648, 1.47805
-0.615745, 4.05596
-0.280274, 2.87616
0.787536, 5.90778
0.713303, 2.24515
0.494998, 2.04752
0.719138, 1.44399
0.386776, 0.719562
0.873995, 1.98134
0.183012, 5.07221
-0.0458372, 3.69629
-0.291819, 2.3797
-0.822009, 3.91629
0.86964, 2.18977
-0.110913, 2.26753
-0.843111, 2.75369
0.00846709, 4.03805
0.952339, 4.16807
-0.31857, 2.78108
-0.899601, 0.0630088
-0.812327, 1.03915
0.979368, 3.56441
0.589179, 1.52143
0.244299, 4.65392
0.208598, 1.76064
-0.902089, 2.63374
-0.101063, 2.6498
0.81045, 2.22109
-0.103537, 3.17363
-0.855589, 3.39941
0.775226, 1.10674
0.586226, 3.2368
-0.774294, 5.89758
0.291958, 3.53008
0.0609237, 1.91782
-0.762167, 3.04636
-0.774619, 2.96434
-0.547595, 0.752067
0.677273, 1.49103
-0.324158, 4.00029
-0.789813, 2.8832
-0.187466, 4.74626
-0.0935971, 1.78086
0.146952, 3.10599
0.713115, 0.037194
0.261582, 5.81481
-0.486988, 4.25607
0.200174, 2.22121
0.343463, 2.76964
0.3204, 1.32681
0.0421624, 4.90411
-0.234528, 1.08037
-0.752902, 2.48014
-0.773222, 2.68767
-0.95584, 2.64596
-0.695787, 0.183011
-0.409607, 2.24546
-0.802229, 2.35895
-0.690375, 0.84104
0.478154, 5.23794
0.71136, 3.50037
-0.848919, 3.28146
-0.471861, 0.187252
-0.740814, 5.30381
0.754628, 5.86535
0.755436, 5.1574
0.906171, 4.27827
0.874065, 5.00525
0.984779, 0.103718
0.517106, 6.05215
0.16775, 4.15896
-0.368861, 3.43237
0.996371, 3.00384
0.0607989, 3.59835
0.503832, 2.95072
0.446665, 2.92225
0.981101, 4.18101
-0.382542, 1.84938
-0.392757, 5.45601
-0.910552, 3.32002
0.797153, 3.68772
-0.607047, 4.74459
-0.196564, 5.81883
-0.998832, 4.26786
0.145063, 4.05649
0.536183, 1.28568
0.205862, 0.525426
0.305783, 5.78863
-0.590292, 4.73141
0.690523, 4.99926
0.625764, 2.60559
0.257173, 0.760785
-0.705437, 5.41336
-0.537202, 2.9918
0.32535, 0.244876
-0.650516, 4.00097
-0.538307, 5.64326
-0.18749, 6.01366
-0.305749, 0.254419
-0.649892, 4.30292
-0.811774, 4.23619
-0.0363827, 4.235
0.891623, 5.07229
0.688867, 2.55308
-0.431422, 2.74267
0.767951, 3.83057
0.96716, 4.5675
-0.125149, 3.94539
-0.357999, 2.3188
0.113897, 0.488227
-0.551217, 4.35073
-0.44109, 0.677667
0.383792, 1.27662
0.526753, 6.1535
0.452178, 3.23149
-0.821789, 0.875627
-0.175164, 3.09935
-0.998327, 4.96161
-0.961584, 0.600826
0.246948, 5.17716
-0.998615, 0.291629
-0.922745, 2.21
0.845729, 1.85853
0.70677, 3.04796
-0.623979, 0.937176
-0.70047, 3.54486
0.913876, 4.27905
-0.691909, 4.42249
-0.902207, 2.06242
-0.669731, 0.861108
0.32816, 0.617492
0.232855, 2.06652
0.520663, 5.4683
-0.575573, 2.97251
-0.337638, 3.60345
0.199306, 6.20559
-0.231405, 3.03503
0.972328, 1.58288
0.0669902, 3.32104
-0.709773, 5.56001
0.351049, 2.26003
-0.443256, 5.44828
0.238178, 3.31887
-0.64747, 4.18631
0.0297426, 2.65743
0.465021, 0.827959
-0.510556, 1.14477
0.770042, 2.04389
-0.834431, 0.242359
-0.74812, 5.6827
-0.972841, 4.33441
-0.951747, 2.29374
-0.638784, 2.17115
-0.820408, 1.53234
-0.585045, 6.23304
-0.354842, 0.212399
0.617374, 5.67212
0.278663, 1.08615
0.970642, 2.30382
0.895542, 2.89499
0.0349515, 6.0581
0.670256, 0.617904
0.537576, 1.13202
0.415266, 1.364
-0.546633, 1.61843
0.397545, 0.669253
0.464965, 2.16417
0.477444, 1.21675
0.346087, 1.37704
-0.604821, 2.20665
0.510426, 2.0421
-0.771608, 3.86899
0.0654092, 1.19821
-0.949338, 3.09647
0.979894, 3.8891
-0.536965, 5.91059
0.153057, 2.04589
-0.40044, 6.08914
0.504324, 3.57944
0.0953791, 0.400523
0.434781, 5.31156
0.398666, 4.64302
0.335957, 5.7091
0.675007, 0.472337
0.984066, 1.16329
0.261755, 1.46278
0.114569, 4.53941
-0.93106, 2.93034
-0.436929, 2.76919
-0.295862, 0.432614
-0.975674, 4.70733
0.666996, 3.07801
-0.760426, 0.0290771
0.944883, 4.71644
-0.834547, 4.35709
0.964342, 0.285838
0.548908, 5.57359
0.751117, 5.53634
-0.400775, 1.69064
-0.888076, 5.22992
-0.997017, 2.03414
-0.0271721, 0.294479
-0.987903, 4.04455
-0.510548, 2.95549
-0.293869, 0.433461
-0.623313, 5.79114
0.831227, 0.74413
0.653823, 2.88979
0.23263, 3.28287
0.219192, 2.5148
0.926171, 1.40391
0.33759, 3.34942
0.814624, 4.0633
0.160896, 0.674884
-0.568611, 1.91867
0.275468, 6.24987
0.495669, 2.67551
0.430279, 2.12063
-0.235043, 2.79827
-0.0045463, 2.7542
-0.628223, 0.479466
0.74144, 5.25685
-0.994802, 3.16232
0.556058, 5.46256
0.536269, 1.39355
0.2991, 0.83642
-0.478409, 3.74467
-0.433012, 5.74028
-0.370906, 0.740401
-0.218928, 3.58813
-0.218642, 3.93843
0.643436, 3.62958
0.595161, 2.41997
-0.971225, 0.240164
0.500019, 2.55799
0.438521, 2.46013
0.893358, 1.334
0.661701, 0.992636
0.569459, 1.61528
0.121846, 0.534891
0.92455, 1.9007
0.209601, 3.57162
0.697862, 2.93255
0.776007, 1.52133
-0.680615, 1.47418
-0.460598, 3.34474
-0.584227, 1.54339
0.628666, 1.9026
-0.236251, 0.986091
-0.07962, 5.38736
-0.503935, 0.342089
-0.418483, 2.33445
-0.627972, 3.13594
0.745844, 2.52622
-0.113865, 0.280655
-0.654807, 0.258048
0.276941, 4.50348
-0.352158, 1.56955
0.0604549, 1.52275
-0.127844, 5.48103
-0.630401, 3.12538
-0.60661, 3.03969
-0.252456, 4.27443
-0.807829, 4.24203
0.0547587, 2.03833
0.70296, 5.26422
0.997651, 4.95682
0.596699, 0.57941
0.265173, 1.73347
-0.49256, 2.96192
0.736437, 1.2328
-0.579443, 5.60431
-0.881487, 5.47301
-0.710174, 0.430617
0.601198, 5.6333
-0.441693, 3.97704
-0.70106, 2.354
-0.579959, 1.39654
0.975719, 2.33624
0.844173, 5.38329
-0.704362, 0.182375
-0.79915, 2.67519
-0.377851, 4.05935
-0.236205, 4.45874
-0.0859576, 5.53986
-0.872778, 2.56518
-0.180477, 6.0261
-0.233356, 4.02479
-0.193953, 5.18895
0.889474, 3.77253
0.939331, 0.614021
0.247072, 3.12475
-0.911065, 4.52814
0.773776, 4.9575
-0.111063, 5.37222
-0.835728, 3.17999
0.826549, 4.43338
-0.838749, 4.47092
-0.227435, 3.6756
-0.84983, 2.49404
-0.686701, 5.64962
0.235831, 3.26593
-0.144212, 4.98055
0.574398, 1.75248
0.243548, 3.38779
0.0952179, 4.4803
-0.571903, 5.40204
-0.0483882, 0.789504
-0.685683, 4.9915
-0.404152, 2.77498
-0.966578, 1.66463
-0.364923, 2.34912
0.638392, 0.377037
-0.353292, 3.25603
0.134701, 5.35169
0.645446, 2.50128
0.750445, 1.52863
0.187895, 1.98489
-0.0224565, 3.47453
0.108916, 3.9582
-0.350383, 0.431446
0.748517, 1.65467
0.501002, 5.78551
-0.930918, 3.96617
0.964608, 3.45941
0.573595, 3.60381
-0.468563, 2.26484
-0.788863, 6.11133
0.670292, 0.923816
0.737992, 2.32163
0.697993, 5.29296
-0.134552, 2.10591
-0.990784, 3.19835
0.402364, 0.900625
-0.110562, 1.98391
-0.294529, 4.58244
0.538795, 3.03204
0.850042, 0.882837
-0.383355, 4.04601
0.952285, 6.21298
0.297196, 5.66524
0.949272, 5.97696
0.870144, 0.114639
-0.365972, 5.3193
-0.460227, 5.09934
0.631101, 1.26064
-0.68986, 0.642437
0.728756, 6.01125
-0.131368, 0.326137
0.180064, 1.16046
-0.84404, 1.04291
-0.517763, 2.52174
-0.978902, 1.55096
-0.780488, 6.02438
-0.196948, 5.89536
-0.735219, 4.33616
0.292677, 0.657448
0.561239, 2.70724
-0.962521, 0.806086
-0.191298, 1.88886
-0.424779, 3.6997
-0.704094, 1.65551
-0.47048, 4.98168
-0.145104, 2.46287
0.508461, 6.08154
0.637165, 5.87419
0.854649, 2.35446
-0.104681, 1.45266
0.74487, 5.41962
0.837533, 2.97283
0.436259, 3.9429
-0.962722, 2.71941
0.784298, 3.14839
-0.372617, 1.76205
0.831245, 1.77527
0.767026, 3.48461
0.813241, 1.41348
0.971033, 2.55691
-0.551799, 1.55432
0.890259, 2.95202
0.751364, 1.84697
0.23339, 1.39505
-0.531409, 4.46944
0.249258, 5.3551
-0.0246396, 4.61077
0.748416, 2.09854
0.0847963, 0.336234
-0.384767, 4.26102
-0.823615, 5.93818
0.715061, 2.97524
0.0020393, 1.65512
0.423265, 1.025
0.0328429, 1.06411
-0.179854, 2.43788
-0.822045, 0.270364
0.656583, 1.09862
-0.909743, 5.22741
0.868473, 4.17661
0.186386, 2.86895
0.704629, 4.73344
0.422517, 6.04536
-0.581752, 3.64934
0.0841478, 0.759692
0.673332, 4.30178
-0.266604, 4.82157
0.833084, 5.38004
0.790869, 2.86451
0.281745, 1.67283
-0.868877, 6.18436
-0.150428, 2.69836
0.980463, 5.50769
-0.689358, 0.398281
-0.34317, 1.98508
-0.840089, 2.04145
0.215427, 0.554216
0.244743, 5.15297
0.735798, 0.800677
0.0584508, 3.27791
0.109077, 0.517094
0.749895, 5.28871
0.419221, 6.26587
0.724126, 2.24532
0.679347, 3.48109
-0.144521, 0.332264
0.442498, 4.42537
0.225, 0.472032
-0.439311, 5.39299
-0.318222, 2.39502
-0.998144, 0.0390649
0.719252, 3.06248
0.989076, 0.239192
0.933655, 4.63298
-0.305723, 5.08064
0.663608, 5.86579
-0.944612, 4.33066
0.480548, 2.63367
0.722777, 3.81799
-0.681842, 2.01358
0.824343, 3.81302
0.353666, 4.22465
-0.0729698, 1.05439
0.804526, 1.2069
-0.00524311, 1.95447
0.482707, 2.67087
0.196334, 0.953251
-0.762701, 2.34619
0.0260147, 6.12221
-0.190279, 1.43682
0.228844, 2.34659
-0.250573, 1.07927
0.967873, 1.95469
0.16421, 3.72943
0.335897, 1.61881
0.531202, 2.89903
0.699073, 3.87771
0.052301, 1.00478
-0.0806075, 6.00527
0.420931, 5.89146
0.35325, 4.59189
0.272002, 3.56361
0.542778, 3.2327
-0.593649, 5.5757
0.969105, 3.67289
-0.682851, 1.4971
-0.116052, 3.82853
0.846038, 1.69609
0.86932, 3.36469
0.653794, 0.453053
-0.314996, 2.9741
0.110954, 0.282812
0.707714, 5.94485
-0.98554, 3.90334
0.874028, 3.33239
-0.693504, 1.19377
0.552062, 3.65833
0.466422, 1.96773
-0.507778, 2.08782
0.477603, 4.41294
-0.981009, 5.16842
-0.680633, 3.72203
-0.981975, 1.35913
0.623447, 5.40272
0.272725, 1.78335
-0.984646, 3.83969
0.0793453, 1.57861
0.93832, 6.19359
0.689926, 4.63298
0.502564, 5.7822
-0.251053, 5.82819
-0.226388, 5.71217
0.517013, 2.44269
-0.793475, 0.123016
-0.581531, 0.575065
-0.215553, 6.0037
0.942071, 4.03616
-0.249315, 4.77911
-0.0542089, 5.81055
-0.0934307, 4.89662
0.991746, 1.20584
0.834835, 1.2515
-0.625824, 0.574667
0.513912, 2.52142
-0.0378691, 5.64491
-0.803139, 1.8818
0.943664, 3.88625
-0.0972319, 0.258986
0.771566, 4.96003
-0.720106, 4.68544
0.520559, 4.58892
0.0547868, 4.72133
0.0695467, 0.138845
-0.0337783, 1.62207
0.288149, 0.962421
0.572585, 5.27694
0.804514, 2.43237
0.968571, 0.252316
-0.651991, 6.21697
0.813981, 4.42912
0.938105, 1.61587
-0.83027, 3.3143
0.850492, 5.71568
0.35618, 0.335192
0.907137, 6.24627
0.340366, 3.88861
-0.606779, 5.83094
-0.554783, 3.23531
0.865094, 2.399
-0.148854, 4.18551
0.0118456, 4.70273
0.663631, 5.71141
-0.0790405, 4.17575
-0.861796, 5.49236
0.936181, 1.37961
0.105682, 3.4381
-0.162753, 2.12948
0.940265, 2.59755
0.874269, 2.96026
0.352586, 0.69468
0.903129, 3.14605
0.49566, 2.33962
-0.952672, 2.03561
0.925383, 1.94159
0.235306, 5.27685
0.29043, 1.24515
-0.464887, 0.271521
-0.645675, 5.55172
-0.943366, 0.318581
-0.395701, 2.87626
-0.424316, 1.27289
-0.518931, 1.65265
-0.225659, 4.60332
0.760123, 0.596742
-0.214299, 3.37701
0.333545, 0.350153
-0.284979, 4.76641
0.0694833, 5.19615
-0.565456, 3.97956
-0.344616, 5.27427
0.452666, 5.5609
-0.297202, 1.2816
-0.73548, 6.08473
0.0293531, 5.00277
0.811604, 6.07682
0.451154, 5.45563
0.859392, 4.43525
-0.158957, 2.65057
-0.349681, 0.40465
0.644336, 0.915253
-0.321074, 1.06485
0.80588, 3.36317
-0.774277, 0.490075
0.35207, 5.55028
0.751498, 5.45589
-0.923458, 0.322672
0.365964, 3.26509
0.691157, 1.76192
-0.977627, 0.403737
0.124338, 4.1366
0.685513, 1.89093
0.441747, 4.06715
-0.184131, 5.12096
-0.868014, 4.67557
-0.974979, 3.46484
0.718811, 3.63798
0.0509418, 5.31596
0.988937, 4.56876
-0.998245, 6.09778
-0.764953, 1.72643
-0.819987, 5.27795
0.722746, 0.0420551
0.924626, 5.85556
0.563732, 1.28644
0.0316354, 2.42981
0.0377121, 0.446533
0.999951, 5.55806
0.237622, 2.26248
-0.370152, 6.18578
-0.573642, 3.6337
-0.911352, 1.74431
0.0747716, 4.73397
0.369508, 4.6819
0.369967, 1.36923
-0.107882, 4.24386
0.784214, 0.669422
-0.581799, 3.55385
0.173802, 5.04631
0.796747, 4.53857
0.481052, 3.86632
0.852923, 3.98255
-0.279119, 2.97077
0.893932, 5.93113
-0.0385974, 4.1222
0.971294, 4.23439
0.65188, 5.76973
0.645697, 5.10686
-0.56285, 4.68456
-0.804567, 0.854444
-0.953409, 1.84594
0.876517, 1.5017
0.858853, 4.18899
-0.818426, 1.75573
0.18071, 0.553985
-0.0748587, 3.53184
0.851811, 2.4134
-0.907619, 1.44243
0.714758, 3.24878
-0.97013, 4.32366
-0.0322997, 4.15602
0.963173, 5.29441
0.594546, 3.18194
0.280921, 0.86462
0.981239, 4.15737
0.761504, 0.623395
-0.818705, 3.95615
-0.142284, 4.24928
-0.913673, 4.78362
-0.468786, 0.0997505
-0.828086, 2.15395
0.258414, 2.97041
0.905188, 4.87176
-0.812027, 1.13001
-0.965026, 0.834943
0.478299, 2.19224
0.935726, 0.0286284
-0.699418, 4.8701
0.347573, 3.20669
0.146994, 0.273528
0.409415, 3.15592
0.689994, 2.56411
0.765486, 6.25338
-0.45745, 0.980056
0.608301, 0.309727
0.253213, 4.06546
0.399467, 5.14877
-0.00733379, 2.91163
0.409749, 0.623204
0.368919, 0.701922
0.936307, 1.35453
-0.881523, 3.23711
-0.677516, 2.60965
-0.762967, 0.92217
-0.992399, 3.18163
0.33706, 3.88517
0.946327, 3.70436
0.70628, 5.70727
-0.0124463, 0.18215
0.704557, 2.04359
-0.548495, 3.06105
-0.692003, 5.06954
-0.512887, 1.70875
0.151678, 5.23589
0.0815791, 5.14606
-0.034141, 2.77469
-0.92243, 1.08816
-0.850823, 6.06875
-0.533288, 2.18165
0.896584, 2.9248
-0.931664, 5.61936
0.264722, 2.68689
-0.304294, 0.0788734
-0.438596, 4.65547
-0.301365, 4.50809
-0.157704, 6.1182
-0.0551425, 3.40245
-0.502098, 2.15041
0.0187623, 4.05996
0.108255, 2.25809
0.252244, 0.896393
-0.337605, 3.58922
0.0735698, 2.46789
0.363774, 1.27733
-0.165319, 4.14195
0.995897, 2.51204
0.992869, 3.53493
-0.0134627, 6.1046
0.849029, 0.978202
0.344332, 1.3734
-0.712282, 4.79813
-0.398081, 5.81325
-0.287462, 1.05426
0.598416, 2.16002
-0.163193, 2.77091
0.37163, 1.99705
0.799902, 1.15881
-0.988494, 0.316422
-0.257261, 1.16403
0.942272, 2.66501
-0.984266, 6.17752
0.804849, 5.60135
-0.68414, 1.96928
0.580518, 0.0558465
0.673495, 5.7891
-0.885665, 5.08102
0.594559, 3.01236
-0.947064, 5.23061
0.815371, 4.58954
0.0717715, 0.0912799
0.720796, 5.14121
-0.455664, 3.62215
-0.653645, 1.08428
-0.856559, 1.89958
-0.25096, 3.21528
-0.0191787, 0.461894
-0.362046, 1.94371
0.74657, 3.19471
0.517313, 0.708559
0.752511, 0.47898
-0.504959, 1.74886
0.590464, 4.60579
-0.559136, 0.10298
0.796729, 0.358003
-0.0460466, 4.37477
0.187925, 4.93319
-0.839128, 0.892065
0.286733, 5.23048
0.578716, 1.62512
-0.323494, 0.78806
-0.92873, 3.29327
0.429843, 4.2749
-0.654031, 5.05778
0.788215, 0.441723
-0.854331, 2.64573
-0.458948, 3.22396
-0.681858, 4.71289
0.238456, 1.50828
0.562557, 2.29421
-0.0728073, 2.68687
-0.654205, 3.95569
0.719196, 1.13978
0.839919, 5.15696
0.199722, 5.95702
0.0561474, 3.93193
0.671412, 2.41945
-0.0342877, 4.07952
-0.756467, 0.833592
-0.315002, 2.36316
-0.240999, 1.62967
0.439149, 4.17641
-0.672636, 4.0482
-0.4613, 2.8684
0.148137, 3.73205
-0.992655, 2.87574
0.372196, 1.6379
0.726518, 3.50315
-0.603388, 2.91908
0.307922, 1.28472
0.616777, 2.42131
-0.116957, 0.358927
0.719895, 2.41352
-0.978814, 1.83066
0.716376, 1.48318
0.552727, 2.77069
-0.024471, 4.61101
0.848429, 4.32781
0.541465, 5.66039
0.137205, 1.67388
-0.834049, 4.31708
-0.220623, 1.86613
0.309768, 2.58213
0.754661, 1.29828
-0.654305, 3.7749
0.504065, 0.619202
-0.444249, 4.16593
0.957726, 5.44507
-0.306449, 0.163399
0.908903, 1.53541
-0.0206714, 3.99242
-0.917292, 3.37137
-0.351023, 1.74911
0.861474, 2.06408
0.685119, 0.20785
0.463647, 0.0913965
-0.774238, 5.99698
0.514962, 0.360298
-0.767625, 4.06304
0.383598, 0.815086
-0.750028, 3.43586
-0.363592, 5.14078
-0.317055, 4.50857
-0.16159, 1.52581
-0.668944, 1.41519
-0.505604, 3.46361
0.526818, 2.9935
0.904881, 5.28287
0.772031, 1.34991
-0.821414, 3.84781
-0.574373, 0.434955
-0.628011, 4.30619
-0.872725, 4.54529
-0.414795, 3.07713
-0.292446, 0.949548
0.177102, 1.86573
-0.930168, 4.26048
0.242585, 3.5319
-0.745986, 0.639285
-0.883647, 0.471779
-0.857555, 4.45997
-0.0682421, 1.14976
-0.876319, 3.69426
-0.504205, 5.29167
-0.384249, 1.77667
0.385999, 3.61763
-0.531502, 2.7992
0.83114, 5.48413
-0.724215, 3.97753
0.640439, 4.31309
-0.947443, 4.15693
0.831676, 0.759422
0.37297, 2.38917
-0.523742, 5.42936
-0.420563, 4.69988
0.0363049, 2.04984
-0.899542, 1.66132
0.76604, 5.93127
-0.770576, 3.14139
0.869285, 0.158987
-0.470133, 1.00649
0.679678, 0.517458
0.801442, 0.629367
-0.0342916, 3.23576
0.94405, 5.95963
-0.517836, 2.16433
-0.64685, 4.36149
0.917015, 5.04602
0.927671, 4.76697
-0.866413, 0.62827
0.192897, 4.60017
0.885596, 5.60493
0.793829, 4.45966
0.168703, 1.61451
-0.443376, 3.00855
-0.680745, 0.442952
0.429217, 1.49983
0.883001, 3.68293
0.21085, 2.07298
0.245125, 0.0559246
0.629896, 5.43582
-0.289494, 3.89445
-0.356269, 1.71925
0.804133, 2.55159
-0.835476, 0.0189599
-0.00207849, 5.30691
-0.301961, 2.17096
0.00746064, 0.921099
-0.831669, 4.68623
0.42012, 4.86774
0.703796, 2.07402
0.00146032, 5.77249
-0.547042, 2.66072
0.376584, 2.1961
-0.167547, 2.40748
0.450084, 0.441215
-0.790628, 1.83054
0.72712, 5.07313
0.772313, 1.97416
-0.675238, 0.113055
0.941539, 0.327113
0.887462, 4.54585
0.894359, 4.81857
-0.096311, 2.11959
0.574663, 6.19093
0.912851, 3.4374
0.532568, 3.03981
-0.146572, 1.87091
-0.601722, 5.78808
0.622467, 4.39525
-0.782585, 5.93246
-0.914377, 4.07963
-0.822992, 1.1755
0.241869, 4.43642
-0.37759, 5.24527
0.65327, 1.34236
-0.370693, 2.83897
0.998693, 2.27985
-0.209382, 1.01713
0.589313, 0.618796
-0.510455, 1.84551
-0.841628, 2.67098
0.953209, 0.438971
0.200042, 0.432889
-0.798296, 4.75439
0.877453, 2.80648
0.931721, 1.6936
0.427691, 4.28012
0.257979, 2.68607
0.844907, 4.59865
-0.685998, 0.856429
0.219238, 2.91068
0.733578, 1.11532
-0.155126, 1.89816
-0.888986, 5.92622
-0.47678, 5.15855
0.700495, 6.21185
0.0283588, 1.78115
-0.73789, 2.3846
0.91607, 5.16451
0.601763, 1.83367
-0.53155, 1.9328
0.964645, 5.15339
-0.131023, 1.27449
0.144015, 3.35317
-0.150222, 3.30853
-0.945487, 3.50796
0.185167, 6.12766
-0.0997842, 3.09605
-0.164722, 3.77105
0.464568, 1.4245
0.826183, 0.404634
-0.964672, 4.69141
-0.871756, 1.4856
0.27766, 3.08314
-0.824166, 3.43232
-0.922955, 1.57259
-0.971075, 2.63217
-0.373733, 4.14185
0.312059, 3.90555
0.201879, 3.8957
0.14697, 1.27112
0.863369, 3.47267
-0.911665, 4.88032
-0.836317, 2.20171
0.688139, 3.39698
0.680791, 1.34998
0.489537, 4.43122
-0.668497, 0.696524
0.149917, 2.52103
-0.0717667, 2.37358
-0.271279, 6.14392
-0.92157, 1.4773
0.927533, 3.34893
-0.726535, 3.61868
0.880069, 1.85027
0.0481009, 4.6108
-0.601691, 5.6239
0.69119, 0.390833
-0.0226372, 2.05685
-0.503716, 5.5531
0.953283, 3.7305
-0.320773, 0.194285
-0.308157, 2.64249
-0.944843, 4.25216
-0.628, 5.03764
0.696958, 5.0862
0.440427, 2.42675
-0.65771, 5.80131
-0.84191, 4.19218
0.0758551, 0.270986
0.574279, 1.62867
-0.829129, 5.50511
0.460479, 3.19168
-0.670914, 2.72445
0.0184283, 2.90702
-0.763715, 1.60724
0.262907, 5.96782
-0.166568, 1.49778
0.569178, 3.67998
-0.150101, 3.35387
0.982295, 0.467932
-0.595323, 2.48019
0.667766, 4.40739
-0.314054, 1.14539
-0.810108, 6.10815
0.858706, 3.44195
-0.695912, 4.40533
-0.383354, 0.063056
0.487738, 4.54698
0.919259, 0.103804
0.131537, 4.2336
-0.577547, 3.27501
-0.414944, 5.13472
0.594017, 4.86487
-0.973725, 1.34577
0.643107, 1.02334
-0.460405, 5.90497
-0.860525, 5.16996
0.133902, 0.919471
0.398887, 0.284912
-0.744166, 0.969093
0.530026, 5.41253
0.501588, 5.08857
-0.753611, 1.7581
-0.81076, 0.974579
-0.531059, 1.83859
0.681855, 0.578222
-0.337552, 5.45159
-0.576106, 2.77259
-0.7724, 2.80807
0.134612, 1.49999
-0.180158, 4.97817
0.391373, 4.21389
-0.897394, 3.55263
-0.718069, 0.724242
0.931102, 5.44106
-0.660281, 4.14836
0.836896, 5.69799
0.916235, 2.23825
0.878903, 5.42732
0.423744, 0.053016
0.580964, 0.467699
0.823512, 4.59705
-0.0831192, 0.364827
0.0177931, 6.2101
-0.69693, 1.63848
0.651884, 5.52988
0.829775, 5.46717
0.907814, 1.63337
0.874267, 0.681565
0.685961, 4.84533
-0.88613, 3.72992
0.941867, 1.03294
-0.137991, 3.72798
-0.266931, 3.71139
-0.60312, 2.12446
-0.695194, 1.94526
0.536764, 6.21525
0.833767, 1.84413
0.367534, 2.6961
-0.0460905, 0.954484
-0.906791, 2.981
-0.5647, 2.37912
0.88445, 4.28858
0.128366, 3.67762
-0.863219, 4.85968
0.785799, 2.81495
-0.00903422, 1.36836
-0.407997, 5.30897
0.937322, 5.64949
0.571024, 2.9857
0.443874, 5.62913
0.264457, 4.39714
-0.777399, 5.97402
0.0510627, 4.02554
0.533719, 4.94274
0.19981, 3.91739
0.806106, 2.69827
0.408115, 3.5287
-0.63283, 2.39293
-0.28696, 0.491364
-0.941408, 3.45897
-0.655485, 6.17589
0.181139, 3.17291
-0.59375, 3.42253
-0.959169, 3.75335
-0.796391, 1.67766
0.214769, 6.15196
-0.144909, 0.862288
-0.570686, 4.41737
-0.869155, 4.84341
-0.866142, 3.62678
-0.643025, 1.85044
0.50476, 2.94139
-0.165417, 1.72093
-0.0964744, 0.0112559
0.919337, 2.40128
-0.897221, 4.1441
-0.0758671, 1.32696
-0.81081, 1.8083
0.622945, 3.18473
-0.361123, 0.780085
0.682657, 4.16296
-0.117059, 5.29735
-0.148549, 4.12742
-0.664283, 0.327425
-0.39951, 4.90849
0.969471, 5.544
0.760559, 0.737455
-0.709425, 0.597813
0.610266, 2.44881
0.654696, 4.70503
0.341662, 3.92022
-0.0991666, 5.04792
0.992213, 3.88288
-0.393237, 0.400402
0.474842, 3.0875
0.323888, 3.36385
-0.196875, 3.85746
-0.602731, 4.08901
-0.801063, 0.447737
0.846557, 4.26919
-0.659074, 6.0688
-0.62478, 2.35417
-0.474163, 0.744443
0.0133253, 1.41955
-0.148768, 0.0168122
-0.961421, 5.00297
0.734405, 1.7571
0.552958, 6.19523
0.440058, 1.10871
0.420185, 3.88792
0.76814, 0.157825
0.440878, 4.64597
0.569207, 6.10928
0.352035, 4.75776
0.98842, 6.07426
-0.394254, 1.0888
0.636092, 4.79012
-0.804222, 5.58541
-0.315527, 4.22508
0.343821, 2.68989
0.934466, 1.91572
0.516593, 2.18114
-0.281589, 3.53598
-0.233784, 5.64742
0.903826, 1.03152
-0.196341, 4.99171
-0.887145, 5.5114
-0.206811, 4.92487
-0.277173, 5.78025
0.166208, 0.813598
0.995146, 3.80104
0.874763, 2.57105
0.3489, 3.6138
0.945267, 1.69766
-0.370713, 1.19712
0.497403, 4.83529
0.614438, 2.55719
-0.837827, 4.36749
-0.863906, 2.47998
-0.904186, 5.69763
-0.800096, 3.04098
0.817487, 2.9429
0.993279, 0.584305
0.700396, 1.44329
0.91482, 5.45585
-0.960562, 4.33029
-0.946333, 4.08471
-0.835888, 3.53225
-0.536157, 5.86706
-0.992836, 2.26292
0.615477, 1.2756
-0.829833, 4.25102
-0.579019, 3.01403
-0.366877, 1.20062
0.751109, 2.03982
-0.00891646, 0.0880082
-0.993173, 0.844194
0.696989, 4.69873
0.673491, 1.76721
0.156253, 2.599
0.00792261, 3.12098
0.8222, 4.31108
-0.76248, 5.74742
-0.343474, 3.53878
0.044033, 1.76803
0.0228182, 0.84567
0.806027, 2.42887
0.331791, 1.85109
0.59913, 0.125748
-0.538082, 1.67591
0.801469, 0.0120517
-0.627389, 4.26985
0.419101, 4.18931
0.209133, 1.96577
-0.260701, 3.83895
0.935547, 4.81553
-0.85141, 6.15476
-0.489849, 3.49961
-0.599461, 5.74433
-0.420451, 1.82032
-0.443605, 5.13028
-0.281987, 1.63671
0.374459, 5.88591
-0.764532, 2.37901
-0.719079, 2.76615
0.162889, 4.15511
-0.487866, 2.65795
-0.874193, 3.62033
0.141615, 4.62723
-0.476612, 3.86953
0.696934, 4.68725
0.819614, 2.02578
0.426461, 0.482632
-0.546673, 4.3028
-0.280612, 6.23305
0.0760287, 5.26313
-0.927006, 3.58849
-0.692781, 0.789006
-0.744043, 5.84386
0.983351, 2.07306
0.0264215, 2.20763
0.699261, 0.260012
-0.700001, 5.90316
-0.634536, 0.641726
-0.833764, 2.62241
-0.391099, 5.84095
0.416293, 0.831091
-0.972467, 0.64637
-0.154052, 4.49112
-0.47683, 5.92911
0.327192, 4.31464
-0.131335, 0.114791
0.735892, 3.36048
0.789236, 3.95132
0.436689, 4.69154
-0.542614, 0.081663
0.0633853, 2.14788
0.708913, 0.862682
-0.214266, 1.56623
0.381899, 5.46281
-0.855683, 1.89486
-0.960545, 3.2916
0.526897, 2.59922
-0.81267, 5.23545
0.0201133, 3.10667
0.938751, 5.07279
0.734506, 1.08045
-0.687845, 2.42772
-0.719863, 1.1
0.821508, 6.11894
-0.883086, 0.186312
-0.469232, 3.4613
-0.345517, 3.80236
0.968977, 2.98389
-0.785314, 3.06271
0.211281, 1.90359
-0.892658, 5.71541
-0.748861, 5.87313
-0.189617, 3.51886
0.724453, 5.0968
-0.437226, 6.21594
-0.26995, 0.725303
-0.855691, 2.45925
0.777641, 3.13387
0.90162, 3.08227
0.275462, 5.31112
0.323307, 2.5208
-0.65181, 4.65611
0.720166, 0.856374
-0.838572, 5.52117
0.46155, 2.12149
0.0442212, 5.90742
-0.840455, 1.01304
-0.254186, 3.71941
-0.252519, 0.236381
-0.598292, 5.80358
0.717287, 3.88001
0.689188, 0.954668
0.119403, 3.87598
-0.013231, 2.87802
0.598453, 3.22191
0.734996, 4.26876
0.500337, 0.103416
-0.852292, 0.760962
-0.0899448, 4.69522
-0.673598, 3.559
-0.0280558, 3.46793
0.227319, 5.47456
0.122637, 0.875562
0.640343, 6.2505
-0.434444, 5.25631
0.72998, 3.70754
-0.566841, 5.28722
-0.150153, 4.93419
-0.299898, 3.79028
0.15546, 0.911689
-0.903182, 0.63494
-0.925845, 0.476526
-0.0451614, 0.114832
0.848622, 1.63068
0.332309, 3.8732
-0.302002, 6.05799
0.255943, 5.3868
0.623923, 5.13724
-0.413236, 5.63527
-0.350877, 1.97631
-0.726208, 2.67707
0.163396, 5.23965
0.719938, 1.18621
0.621961, 4.52646
-0.731629, 1.49268
-0.564094, 0.100169
0.445066, 4.22292
-0.645215, 2.72927
0.621748, 1.48713
-0.194096, 0.561183
-0.963023, 1.8086
0.946309, 1.22004
0.984751, 5.312
0.989869, 1.75287
-0.712046, 3.67213
0.715591, 0.178804
-0.668811, 4.89559
-0.567767, 5.40159
-0.298517, 3.06017
-0.897052, 3.37988
0.563677, 6.27913
0.28864, 4.94037
0.969194, 2.46055
-0.110784, 3.91971
-0.365749, 1.35025
0.868843, 2.65614
-0.245623, 5.04449
-0.974616, 2.73987
-0.272106, 1.41222
-0.743659, 5.998
0.237111, 5.65358
0.309373, 2.11386
0.991111, 2.02213
-0.234835, 0.509223
-0.95183, 4.30952
0.668034, 2.46951
0.667033, 1.99445
-0.307832, 4.25383
0.34035, 3.6394
0.685825, 0.77011
0.252961, 5.47486
0.648444, 2.49735
0.947487, 0.280254
-0.224985, 4.28749
0.324149, 0.788108
0.938574, 5.44317
-0.734074, 1.45139
0.538818, 5.18182
-0.879815, 1.97261
0.438146, 2.49421
-0.77389, 1.14716
-0.756936, 2.77034
-0.392463, 0.81642
-0.693398, 1.36112
-0.606621, 0.989918
0.986086, 0.395869
0.992447, 3.81975
0.944398, 6.16109
0.934488, 1.96255
0.882038, 1.61748
0.257059, 2.82582
0.322514, 4.54159
0.412774, 3.54027
0.850489, 3.08423
0.598838, 2.7439
-0.0278134, 3.56129
0.0157403, 4.79684
0.557345, 4.89951
0.561542, 4.1576
-0.313629, 5.30199
0.287596, 5.575
0.760998, 5.54406
0.440049, 2.54465
0.245038, 3.46594
0.856574, 0.442854
0.580607, 2.2741
0.441916, 2.56991
0.937477, 4.91601
0.731424, 1.06011
0.406649, 4.66498
-0.666331, 3.23403
0.116083, 2.49642
0.581598, 4.26324
-0.873199, 5.80196
0.407282, 0.63677
-0.171158, 0.322512
0.129172, 3.14917
-0.0710433, 2.11663
-0.777739, 0.233711
0.9055, 0.17531
0.464216, 3.26644
0.506229, 5.71468
0.885709, 1.36722
-0.870749, 2.82873
0.515503, 5.01958
0.0820351, 0.0584363
0.8755, 0.373113
0.564804, 1.10784
-0.961173, 0.0892957
-0.312635, 1.2696
0.170019, 4.0463
0.453761, 1.7424
0.588812, 6.03599
0.920397, 5.08828
0.997413, 2.77151
-0.737441, 4.88954
-0.291444, 5.47373
0.184754, 1.56212
-0.130868, 2.47024
-0.927555, 4.81562
0.791545, 0.994784
0.926248, 4.80756
-0.952564, 2.93573
0.983408, 5.65868
0.341543, 2.87591
0.096178, 4.15634
0.830114, 3.95699
-0.0097411, 2.05065
-0.667476, 4.84057
0.502516, 0.925623
0.669, 1.34589
0.707896, 2.74769
0.216932, 4.29653
-0.773938, 4.24765
0.384253, 6.00038
-0.110562, 2.66198
-0.889928, 5.77902
-0.450215, 6.115
-0.427674, 0.0608699
0.0247257, 3.42401
-0.908525, 2.26769
0.553957, 4.82792
-0.507584, 4.06818
0.992264, 4.48139
0.203284, 4.31161
0.557823, 4.16941
0.457028, 1.98367
-0.818232, 4.21201
0.969955, 3.42304
-0.94872, 1.66762
-0.857865, 1.27826
-0.259158, 2.28368
0.803562, 4.8681
0.414949, 1.35893
-0.229733, 4.31886
-0.360362, 1.32417
-0.570268, 2.37343
-0.706831, 1.51032
-0.533145, 3.66677
0.545797, 2.55849
0.831063, 4.83443
-0.676092, 6.17017
-0.607967, 5.11642
-0.526576, 2.5824
0.919318, 5.67565
-0.268973, 5.68045
0.556916, 2.5016
-0.216323, 2.8373
-0.938609, 0.374994
0.349336, 2.31478
-0.371377, 5.00904
-0.404931, 0.399978
0.998574, 2.20904
0.281043, 3.3928
-0.165243, 3.80623
-0.182054, 2.14431
-0.987516, 5.27693
-0.728108, 0.381692
-0.139064, 4.70716
-0.279162, 1.72738
0.706951, 4.82097
-0.44708, 5.98993
0.969956, 1.87256
-0.945935, 0.310768
0.0354651, 0.230167
0.207064, 6.00799
-0.228651, 6.13821
0.968217, 5.56119
-0.914526, 2.93831
0.7471, 4.03952
-0.483891, 2.17643
-0.991726, 1.03185
-0.559161, 0.921875
0.0704069, 5.95546
-0.90089, 0.808971
-0.984929, 1.57891
-0.449007, 1.53904
-0.756506, 4.42439
0.456176, 1.35592
-0.523992, 3.4152
0.466282, 5.63782
0.22589, 1.47711
0.644101, 4.44093
-0.73141, 5.16229
0.540558, 3.29003
-0.257842, 0.347071
-0.979142, 1.46897
0.0537619, 3.85268
0.57275, 0.78314
-0.974045, 3.87463
0.702807, 5.72475
-0.236253, 0.15586
-0.226307, 2.04627
-0.356267, 2.65808
0.700856, 5.07078
0.894525, 5.26897
0.478292, 1.15671
0.824061, 3.77367
0.778398, 4.26643
-0.851287, 6.03783
-0.708576, 4.91871
-0.0150827, 3.13282
0.462627, 2.8823
0.694929, 4.58073
-0.856794, 4.82301
0.832677, 6.0613
0.600774, 1.91363
-0.509814, 1.58762
0.338285, 2.09294
0.041354, 4.9719
0.590604, 5.43696
-0.59333, 0.751942
0.682459, 2.67979
-0.929149, 2.52009
0.240106, 5.54657
-0.440775, 2.67501
0.395343, 0.201102
-0.586698, 2.32897
-0.976436, 1.56824
0.589693, 1.80333
0.227556, 0.919811
-0.347087, 4.97748
0.670354, 5.30799
-0.342329, 0.64834
-0.152692, 2.65068
-0.577096, 1.67882
-0.776295, 2.9756
0.58384, 6.1154
-0.619052, 5.9424
-0.106115, 1.55001
0.437165, 3.70642
0.900817, 0.37565
-0.685154, 1.1832
0.587199, 1.28583
-0.671113, 3.81321
-0.45222, 0.445758
-0.637762, 1.09271
0.230912, 4.11085
0.63146, 5.37175
-0.124295, 1.50681
0.677891, 4.6985
-0.832978, 5.42621
0.248247, 3.24292
0.564796, 0.111257
-0.306173, 1.90658
-0.743057, 4.92354
-0.923527, 2.24255
-0.866071, 5.78963
0.926065, 4.99512
0.165626, 0.834019
-0.0101012, 0.732342
0.520828, 4.09811
0.697157, 0.796377
-0.230609, 4.60344
-0.0482978, 4.28409
-0.813828, 0.676315
-0.92199, 2.56582
-0.995115, 1.57608
0.84623, 2.33401
-0.655123, 4.85761
-0.813168, 4.80328
-0.804847, 4.47246
0.164264, 5.14227
-0.725445, 3.69019
0.945308, 4.76221
-0.977119, 2.23314
0.950319, 3.69326
-0.388875, 6.03596
0.0826898, 3.70603
-0.723131, 1.72329
-0.206336, 0.166453
-0.64166, 3.05935
0.47194, 2.21228
0.53621, 1.71389
-0.567017, 5.673
0.534697, 4.325
0.660121, 4.3714
-0.284586, 6.08099
0.987873, 2.27094
0.877858, 1.11559
0.583375, 3.12661
-0.984603, 1.63475
-0.637048, 1.23677
0.971683, 3.10678
0.578357, 1.47827
-0.316943, 4.48499
0.0842012, 4.58039
-0.216017, 4.16259
0.731326, 3.6471
-0.872595, 3.61094
-0.921268, 3.67302
-0.537407, 5.4196
-0.379917, 1.22642
-0.0448086, 4.83392
-0.779924, 2.69742
0.996156, 2.31932
-0.964494, 5.19042
0.348947, 1.79024
0.181278, 4.26313
0.73431, 1.55362
0.328124, 2.5787
0.384571, 5.05631
-0.497755, 2.90149
-0.824869, 5.06682
0.769121, 4.38965
-0.565799, 6.16511
0.792033, 0.517163
-0.715641, 1.16768
0.813716, 0.0759837
-0.787946, 1.3763
0.997302, 2.41885
-0.0669511, 3.38993
0.904237, 3.41534
-0.396675, 1.32459
0.397144, 2.63791
-0.353102, 5.37454
0.802213, 4.69362
-0.931201, 2.51597
-0.653825, 5.95362
0.335625, 0.139358
0.37709, 0.887536
-0.713899, 1.77777
-0.767371, 2.87924
0.160207, 2.2646
0.783316, 2.95742
0.807118, 0.759944
0.395769, 3.622
0.862367, 0.394928
0.574259, 3.62612
0.127313, 3.19604
-0.408397, 3.70869
0.618979, 3.89277
0.713117, 6.26163
-0.736316, 4.1738
-0.758361, 1.93498
-0.620617, 1.1428
0.946232, 1.25195
0.625512, 3.12655
-0.207401, 4.41081
-0.0644041, 0.55294
0.0799626, 4.43838
-0.664618, 3.10434
0.591033, 4.09533
-0.0750779, 0.957706
0.0988215, 5.24186
0.963553, 4.32234
0.257018, 3.71842
-0.872008, 4.1015
-0.317215, 3.81946
0.00363352, 2.77984
-0.305467, 0.478126
0.00273409, 0.298402
-0.679107, 5.52552
-0.395752, 0.494912
-0.73348, 4.86767
-0.00308787, 2.61153
-0.231385, 2.47653
-0.578651, 4.04062
-0.519599, 3.14405
0.0104818, 3.97324
0.39521, 4.38633
0.147239, 1.14863
-0.904508, 4.93615
-0.828494, 3.6652
-0.516233, 4.64604
-0.180074, 5.35407
0.846627, 2.2501
0.641497, 1.28095
0.750848, 4.98397
0.856413, 1.00032
-0.89457, 2.29897
-0.804471, 5.129
0.596669, 3.95461
-0.740917, 1.95354
0.769326, 5.72646
-0.570058, 5.71434
-0.122362, 4.99723
0.833828, 4.43882
0.430498, 4.12026
0.722679, 3.38858
0.681691, 5.21516
0.727438, 3.90475
0.867029, 1.61914
-0.741187, 2.24698
-0.500156, 2.96858
0.821342, 0.443724
0.934334, 2.81029
0.218897, 2.77206
0.827819, 0.943678
0.946281, 1.69929
-0.500727, 0.147302
0.0450493, 2.65349
-0.444868, 0.885031
-0.515711, 3.77225
0.628739, 4.57458
-0.259399, 4.20655
0.792616, 2.08709
-0.00668252, 5.60859
-0.468418, 3.41361
0.257733, 1.21279
0.314178, 2.03716
-0.100068, 3.20607
0.976467, 4.01087
-0.6991, 1.02009
0.499741, 1.57388
0.823248, 3.46308
-0.580702, 0.0561196
-0.993373, 0.365401
-0.616503, 0.399354
-0.845842, 3.7658
0.247499, 4.52749
-0.132521, 0.81319
0.958467, 5.77248
0.635013, 5.46083
0.108311, 1.68257
-0.94547, 5.68907
-0.586811, 4.59406
-0.921579, 2.29658
0.98572, 4.23093
-0.0895001, 5.95659
-0.904457, 3.4976
-0.463739, 2.86028
0.701569, 3.85652
0.700825, 0.625411
0.637869, 5.4374
-0.927768, 0.189297
-0.509587, 2.41008
0.950722, 1.6984
0.26732, 0.110865
-0.990128, 0.290778
0.639234, 3.62043
0.530606, 5.31081
0.0456049, 1.65448
0.551994, 3.3302
-0.39334, 2.0305
-0.738699, 1.35206
0.436076, 2.60625
-0.724709, 0.427525
0.729046, 1.18529
0.549282, 6.05084
-0.199831, 5.16384
-0.106805, 2.21916
0.888865, 3.04938
-0.23701, 0.588888
-0.30189, 5.36367
-0.822874, 0.919728
-0.164268, 6.10566
-0.161606, 5.32074
-0.739984, 0.645429
-0.846829, 0.348949
0.874156, 2.21658
-0.518152, 5.8347
0.215487, 1.62644
-0.792445, 5.33064
0.459624, 1.61143
0.945897, 1.80445
0.762625, 2.05441
0.997434, 4.83618
0.930164, 5.69208
0.984087, 3.0902
0.492515, 3.60434
-0.227247, 0.574163
-0.548641, 1.77968
0.45773, 1.90482
0.111357, 5.69627
-0.579352, 2.4571
0.24121, 0.153079
0.245688, 0.303576
-0.968854, 1.79658
-0.989248, 4.5746
-0.356857, 3.66807
-0.878108, 3.62668
0.984024, 2.71083
-0.259762, 2.53799
-0.45845, 4.4134
-0.140159, 2.10488
0.531951, 3.84294
-0.692805, 1.16453
0.778535, 4.94448
0.831749, 0.0652668
0.913063, 3.743
0.935624, 0.652378
-0.427028, 0.922648
-0.795374, 2.27424
-0.955099, 4.05181
-0.6615, 1.12704
-0.498118, 5.3986
-0.268507, 4.75512
-0.653832, 4.66105
0.501353, 4.29462
-0.0923411, 0.542563
0.455454, 3.2334
-0.844714, 6.15835
0.123625, 2.44863
0.620117, 4.96795
-0.808571, 1.02412
-0.82894, 3.78733
0.854752, 4.1357
0.86754, 4.77107
-0.944616, 1.69013
-0.815544, 4.96945
0.966252, 1.95253
-0.795226, 4.62514
0.301627, 0.0211211
0.492368, 0.0134241
0.340397, 4.20744
-0.32131, 0.880902
-0.593204, 5.5867
0.416994, 4.55497
0.994576, 3.86821
-0.354807, 2.70336
-0.307882, 4.9356
0.580301, 1.73238
-0.862841, 0.200719
0.676647, 4.07852
0.463089, 3.68501
0.766359, 5.93939
-0.501251, 3.6672
-0.803292, 0.330293
-0.884444, 3.76052
0.567841, 3.19734
0.777908, 1.74075
-0.332506, 1.20693
-0.108496, 1.44707
-0.215366, 3.69895
-0.650423, 4.52889
0.755504, 5.94688
0.192359, 0.490472
-0.414084, 1.52527
0.873737, 6.14577
0.226021, 4.35524
-0.472982, 2.36194
0.204642, 5.57892
-0.345289, 2.55736
0.89251, 0.98086
-0.746724, 1.19876
0.727337, 0.245788
-0.828669, 6.28155
0.207701, 1.91128
-0.701314, 3.55486
0.826661, 1.29579
-0.567088, 3.61859
0.884565, 0.51472
0.974864, 0.268519
-0.801951, 0.162485
0.50346, 2.16615
-0.375596, 5.22327
-0.464228, 5.11888
-0.579319, 4.02221
-0.791996, 0.353204
0.161847, 5.97509
-0.118707, 3.36632
-0.38354, 0.313535
0.961349, 2.93999
0.0759136, 5.24841
0.0868054, 4.52073
0.268885, 1.26465
0.984947, 2.8478
-0.844347, 1.23282
-0.619271, 0.361098
-0.804819, 3.66728
-0.992101, 0.0428689
0.997446, 1.13822
-0.148666, 0.567645
-0.911304, 5.58541
0.320539, 0.570963
0.0333344, 1.02812
-0.530934, 2.09347
-0.0961996, 2.83891
-0.961069, 4.06871
-0.94133, 0.168097
-0.706184, 5.0686
-0.139829, 5.06727
-0.453132, 3.48306
0.310649, 3.64482
-0.837501, 4.83461
-0.600931, 3.25319
-0.880936, 5.44108
-0.55738, 2.65426
0.676794, 0.168057
-0.28265, 5.30183
0.181179, 0.66223
0.392936, 2.77272
0.226398, 5.27334
-0.812595, 2.51568
-0.914625, 2.05604
-0.59241, 1.93621
0.180056, 1.76939
-0.453704, 4.99792
0.596213, 2.39604
0.479614, 1.97547
-0.925543, 4.72751
-0.0725424, 4.94871
0.840433, 4.16887
-0.0697049, 3.47755
0.551374, 0.647741
0.449746, 4.07658
0.195705, 0.0698198
0.00320821, 4.5104
-0.380234, 6.05401
0.783181, 3.51545
-0.336238, 0.565831
-0.796562, 2.19206
-0.391847, 3.47768
0.337958, 0.115102
0.266206, 2.77119
0.256281, 1.60346
0.297309, 5.83607
-0.922173, 0.84411
-0.0466688, 0.0735934
-0.451336, 4.58371
-0.685497, 2.27756
0.622739, 1.55574
-0.986939, 0.852186
0.539631, 5.4977
0.755483, 5.57072
0.270452, 6.19332
0.898733, 5.27112
-0.600988, 5.13955
-0.980592, 4.76185
0.915372, 3.05675
-0.157433, 2.92681
0.0169432, 3.97797
-0.746779, 2.97625
0.966144, 4.82849
-0.931854, 0.888524
-0.00904607, 4.84301
0.725755, 2.48439
0.796508, 1.37159
0.954612, 2.04089
-0.163423, 0.859373
-0.648149, 2.10215
-0.142405, 0.816138
0.836554, 4.4322
-0.00228186, 0.654116
0.788442, 4.70218
-0.860934, 0.31274
-0.804465, 0.759969
0.101103, 4.58478
0.290675, 2.77233
0.121075, 6.11492
0.768755, 2.13002
-0.243248, 4.45701
0.833922, 4.0902
-0.177446, 0.356341
-0.0399728, 3.72865
0.871805, 5.22753
-0.720116, 3.65724
-0.12579, 4.00532
0.281568, 0.0932497
-0.988462, 4.9202
-0.830065, 3.57414
0.184189, 4.59447
-0.48448, 0.779101
0.946718, 5.03631
0.85511, 1.7719
0.253648, 0.422657
0.908926, 3.51711
-0.700733, 1.51553
0.0777927, 5.86077
0.717143, 3.24524
-0.962227, 3.29999
0.978226, 3.91221
0.864887, 2.90976
-0.916839, 1.90562
-0.672179, 3.83382
-0.342602, 3.74297
-0.755478, 5.3407
0.485107, 2.79867
0.28845, 4.90251
0.141937, 0.263673
0.764909, 0.362939
0.703082, 3.28602
-0.187467, 5.07604
-0.800458, 2.31375
-0.648377, 0.562339
0.358017, 4.33817
0.391403, 0.15786
-0.415911, 6.06159
0.54853, 6.08263
-0.580098, 6.03308
0.522862, 3.43566
0.318095, 4.92355
-0.786457, 1.33906
-0.0417568, 0.46065
0.706739, 3.3318
0.98885, 5.18797
0.921938, 0.380334
0.82781, 6.06584
-0.788396, 2.2412
-0.946511, 1.57833
-0.363641, 5.49768
-0.218775, 1.74942
0.51536, 2.34412
0.998885, 0.259337
0.308448, 3.8524
0.270839, 3.37947
-0.678252, 2.25836
-0.438346, 3.29657
0.608577, 1.5528
0.610047, 0.825571
0.388303, 6.21561
0.448051, 4.08499
0.844834, 2.82223
0.754035, 5.16939
0.460669, 0.322704
0.256643, 4.65171
0.813768, 3.19868
-0.373234, 3.40442
-0.352256, 3.39052
0.0245401, 2.85522
-0.12848, 3.54623
-0.037719, 1.44079
0.882767, 4.25749
0.802549, 4.69453
0.807726, 2.95555
-0.467724, 6.03483
0.554613, 1.34443
-0.847041, 3.82788
-0.745589, 4.52361
0.575433, 4.38973
0.851654, 2.13576
-0.16236, 0.185784
-0.19023, 2.59989
0.984307, 2.97845
0.00772041, 2.59537
-0.397669, 0.924554
0.644789, 2.83185
-0.750866, 1.22692
-0.901556, 0.563939
0.799193, 4.72412
0.764452, 4.66211
-0.373047, 2.21524
0.0587357, 5.19731
-0.968966, 1.3025
-0.857248, 5.30935
0.230485, 4.17888
0.808875, 5.71557
-0.27956, 5.57568
-0.285567, 4.26002
-0.994834, 2.2643
-0.936399, 0.334986
-0.733291, 1.52704
0.138204, 0.221923
-0.823579, 3.79563
-0.981569, 0.935006
0.730011, 2.81434
0.915907, 3.88068
0.540382, 4.60509
-0.710839, 3.88223
0.721481, 3.3892
0.13087, 2.8262
-0.0193756, 1.34698
0.738387, 0.316023
0.604169, 4.41755
-0.198747, 4.21724
-0.962952, 4.89007
0.269239, 2.2187
0.0630389, 5.59004
-0.85707, 2.5048
-0.869025, 0.515037
0.061305, 4.62093
-0.531187, 0.642068
-0.358225, 1.6709
0.128876, 0.66757
-0.087614, 3.72246
-0.425374, 2.04534
-0.115202, 5.16288
0.757969, 4.97887
0.727137, 5.00512
-0.100301, 4.03032
0.873697, 4.95339
-0.409823, 0.179052
0.40677, 0.434868
0.773089, 3.3397
-0.647684, 4.26295
-0.559938, 1.50024
-0.180689, 3.00801
-0.155916, 0.230436
0.09112, 2.26427
0.127418, 3.80485
-0.773487, 3.27245
0.482246, 1.93287
-0.441449, 3.5717
-0.740826, 0.0607568
0.158987, 5.60572
0.36736, 0.188037
-0.593959, 4.21005
-0.546912, 4.88192
-0.443934, 1.29024
-0.929133, 3.3034
-0.962775, 0.24247
-0.53269, 3.63016
0.970737, 2.51181
0.958405, 4.23717
-0.737516, 1.93936
0.349878, 3.0084
-0.210271, 2.99043
-0.814839, 2.59149
-0.148325, 1.6133
0.73936, 4.08326
0.822708, 5.59656
0.922692, 4.72357
-0.921019, 1.38755
-0.0306756, 4.0828
0.0173765, 3.31211
-0.994783, 3.11098
-0.812324, 0.918632
0.124428, 0.719812
0.947102, 0.771358
-0.411112, 5.04523
0.633236, 3.40072
0.92372, 1.36247
0.848815, 2.95139
0.647877, 4.79187
-0.233322, 4.43213
0.49733, 1.24443
-0.210684, 2.55009
-0.0265107, 1.22591
-0.743523, 1.75149
-0.0267426, 0.707534
-0.122846, 2.28344
-0.831917, 3.1981
-0.376739, 3.75504
-0.512893, 5.79178
-0.861293, 4.52253
0.91227, 1.63622
-0.903173, 2.86387
-0.269637, 3.80036
0.410072, 4.11064
0.117127, 4.32308
0.59964, 2.68959
0.831281, 1.93108
-0.569623, 0.806709
-0.614926, 4.91147
0.633391, 5.60882
-0.65673, 5.93359
0.363497, 1.51349
0.849436, 0.842339
-0.680615, 3.13196
0.924234, 3.53903
0.0256182, 5.34703
-0.709439, 5.48647
0.816348, 4.88754
0.763507, 4.29233
0.652081, 1.49935
-0.683291, 3.65028
-0.366406, 5.67174
0.594464, 4.163
-0.452761, 0.425182
0.157861, 1.43382
-0.479456, 0.175995
-0.956243, 2.83724
-0.968456, 2.71153
-0.313636, 2.98981
0.266366, 1.54617
0.734768, 0.941866
-0.564222, 0.112814
0.235997, 3.4063
0.726601, 4.23618
0.740044, 0.215854
0.76964, 5.06802
-0.889802, 3.36661
0.791524, 5.45579
-0.6873, 0.727434
-0.39652, 0.792254
0.633357, 3.11806
0.33823, 0.250264
0.63894, 2.79861
0.437723, 5.78837
-0.0902964, 3.28653
-0.967726, 4.05905
-0.0463256, 4.91232
0.202396, 0.695384
-0.969363, 2.35638
-0.523528, 4.5993
0.80116, 3.90626
0.871675, 1.72942
0.762676, 0.324319
0.960786, 3.76898
0.771625, 2.66428
0.894043, 3.189
-0.0377436, 0.0882996
-0.65894, 0.0343758
-0.100275, 4.32095
0.490573, 2.74217
-0.965034, 4.51452
0.964625, 5.90692
0.693002, 2.20414
-0.493663, 3.29266
-0.636714, 2.48038
0.680392, 4.05557
0.0720768, 1.83807
-0.887064, 4.14632
0.546598, 0.298932
-0.450977, 1.65574
-0.904436, 1.3859
0.25443, 4.00266
0.321009, 4.39846
0.321406, 3.71162
0.117292, 1.37803
0.886504, 2.78411
0.631966, 1.50863
0.520415, 1.88462
0.617203, 4.85293
-0.856585, 4.51013
0.0926033, 5.62391
-0.214799, 2.35019
0.718806, 1.14723
-0.892064, 2.65105
-0.302421, 5.47054
0.518752, 0.938864
0.333841, 1.05674
-0.340754, 2.03335
-0.14714, 2.30554
-0.528459, 3.59624
0.536501, 5.58377
0.0214655, 3.18958
0.916786, 3.37835
0.629096, 5.54166
0.172912, 4.8962
0.187211, 3.72957
-0.758622, 5.40501
-0.374696, 3.82844
0.30452, 3.91908
0.626273, 1.61308
-0.501702, 5.35621
0.0939464, 0.565459
0.337562, 1.02681
0.992188, 0.358502
0.332852, 2.54
0.353352, 5.0777
-0.936459, 2.4376
0.840194, 5.43677
0.608563, 4.13764
-0.981364, 0.469965
0.927911, 0.147277
-0.553981, 2.59961
0.122387, 4.52705
-0.935066, 1.54421
-0.865822, 1.33256
0.811927, 0.329627
-0.438681, 3.55337
0.0532226, 2.95048
0.225588, 0.408278
0.669053, 6.09494
-0.903903, 0.678441
-0.484511, 1.34681
0.880322, 3.37569
0.68526, 4.21113
0.878786, 5.03578
-0.707884, 2.50956
-0.954672, 1.78638
0.986272, 3.25704
-0.647373, 1.52158
-0.612892, 2.80005
-0.633013, 2.33237
0.913108, 5.0206
0.0295753, 1.60594
-0.130172, 5.47748
-0.907195, 2.4644
0.294425, 2.05812
0.65111, 5.06425
0.946763, 1.68227
-0.372982, 3.16055
-0.982444, 2.98444
0.525581, 3.75248
0.240619, 0.0131609
0.915174, 5.07775
0.954545, 3.70607
0.440636, 3.84782
-0.0336847, 0.92275
-0.595367, 5.1907
-0.227947, 4.81676
-0.982093, 3.46326
-0.694442, 0.68958
0.965117, 3.40908
-0.970842, 3.90789
-0.980224, 2.86996
0.324034, 2.39969
-0.997678, 1.53961
-0.638826, 3.91434
-0.181762, 1.78568
0.355116, 5.06878
-0.832996, 6.04225
0.015094, 2.99616
-0.674747, 6.12562
-0.884407, 5.65657
0.825235, 4.04926
-0.750194, 5.65301
0.263062, 3.32635
0.652319, 1.58308
-0.370681, 0.328062
0.325888, 2.9526
0.717443, 0.311327
-0.778689, 3.87775
-0.793226, 0.600043
0.299773, 1.08941
-0.997098, 3.15024
-0.642184, 4.74412
0.496546, 6.23943
0.137274, 2.71156
-0.37396, 1.7639
0.979845, 5.2552
-0.987663, 0.434402
-0.240548, 0.326022
0.969875, 1.00932
-0.998166, 2.10774
-0.669812, 4.96108
0.876252, 3.65531
0.914847, 3.57277
-0.918135, 1.20541
-0.203789, 0.0109545
-0.784439, 1.97806
0.69035, 0.676776
-0.868506, 2.20826
-0.309541, 1.7242
-0.136324, 0.685249
-0.0609376, 0.566668
0.551833, 3.49375
0.531482, 3.53285
0.277187, 5.39483
-0.69826, 5.24515
-0.316081, 3.78485
0.177664, 4.3555
0.467289, 2.85369
0.820632, 4.17763
-0.825607, 6.14241
0.964301, 1.80589
0.803952, 4.25166
-0.168976, 6.18695
0.831876, 3.7914
0.714595, 0.10477
0.830949, 4.73153
-0.274222, 4.91115
0.675996, 1.99293
-0.657614, 6.07633
0.298481, 0.786826
0.807347, 1.57941
0.625271, 0.186679
0.566021, 4.7898
0.738005, 6.22068
0.176001, 2.03127
-0.773694, 4.36409
0.497167, 0.302128
-0.977942, 3.47603
0.197968, 3.1142
0.872001, 5.10512
0.126381, 0.208618
-0.353262, 6.27274
0.894563, 5.88284
0.982645, 2.53235
-0.282151, 4.61567
0.955683, 1.84008
-0.299353, 1.7074
-0.143174, 3.41878
0.0629287, 6.18279
-0.568149, 2.41488
0.225276, 4.10056
-0.723737, 3.4049
0.73313, 1.59362
-0.963383, 5.64927
-0.0608544, 4.94046
0.539675, 1.77612
0.920346, 1.86618
0.838325, 5.2414
-0.79597, 4.59006
-0.527788, 3.5882
-0.905327, 5.13733
0.282647, 3.60556
-0.660666, 1.13865
-0.111349, 0.586562
-0.360605, 5.69656
0.0767827, 4.3948
-0.103295, 4.96476
0.988339, 0.238811
0.827175, 5.25432
-0.0369032, 5.61664
0.210744, 5.72627
0.602006, 0.100875
-0.516827, 2.43148
0.672041, 3.97067
0.616746, 5.4022
0.517379, 1.86805
-0.661888, 5.5669
0.651074, 4.91615
-0.935091, 3.85887
-0.721453, 3.47144
0.163431, 2.83721
0.0127991, 3.24763
-0.169256, 3.30098
0.565294, 3.88468
0.422503, 4.50388
-0.0627041, 5.53384
0.525195, 3.13986
-0.926305, 1.49801
0.0358424, 4.18726
-0.979043, 0.331121
0.583754, 0.346674
-0.674544, 3.39996
-0.450619, 3.3069
-0.70649, 4.78801
-0.854592, 6.07989
-0.669916, 2.61422
0.789052, 0.142232
-0.989735, 5.46659
0.510805, 2.96589
-0.120589, 6.02989
0.086484, 5.93987
0.895485, 2.02554
0.260155, 3.96048
-0.790997, 0.950148
-0.78409, 5.17703
-0.77607, 0.876375
0.46267, 2.07917
-0.603905, 5.75628
0.969706, 5.17852
0.422503, 5.00882
-0.756052, 1.12238
0.375529, 4.44082
0.138875, 2.15851
0.73614, 2.05273
-0.102572, 2.55808
0.93876, 1.1034
0.646375, 1.74777
0.732166, 1.12236
-0.226917, 0.0594122
0.655014, 0.890008
0.806584, 2.32629
0.580816, 4.75433
-0.169161, 6.22749
0.298184, 4.27389
0.67543, 1.0795
0.93276, 2.88942
-0.0812615, 1.23058
0.521182, 1.13736
-0.993427, 1.34308
0.0044123, 5.71217
-0.472781, 0.839093
0.844065, 1.31587
-0.852044, 6.25022
-0.495617, 2.68856
-0.703925, 2.4263
0.479476, 1.22453
-0.901332, 2.36766
0.352152, 0.584325
-0.996804, 0.65243
-0.14152, 0.394204
0.316077, 4.62114
0.648627, 0.621607
-0.137934, 1.75337
-0.923691, 4.79497
-0.830198, 1.45568
-0.508226, 5.1576
0.98915, 3.82025
0.72122, 3.08945
-0.180324, 5.71781
-0.718322, 5.94151
-0.265942, 2.0092
0.31274, 4.81708
0.104544, 3.39642
-0.0910387, 1.56788
-0.491136, 3.7977
-0.856183, 3.38131
0.956466, 0.868546
0.0223804, 3.54717
0.360072, 2.27712
-0.0925275, 5.16136
0.28894, 3.38384
-0.122875, 3.49296
-0.739312, 4.02501
-0.00662715, 0.313206
-0.538248, 3.17343
-0.559951, 0.484335
-0.589632, 1.4424
-0.763773, 3.549
0.220382, 2.84849
0.945615, 6.0894
0.662296, 2.34797
0.433634, 1.9474
-0.649037, 1.17797
-0.912533, 5.78519
-0.561302, 3.21821
0.0540229, 0.869619
0.719002, 1.43421
0.189981, 5.85511
-0.397171, 1.08573
0.884142, 1.0327
-0.752526, 1.63308
-0.225644, 5.55227
0.862384, 0.14524
-0.638728, 5.51045
-0.352903, 3.59715
0.41661, 4.83341
0.512488, 0.653798
0.480891, 3.41026
0.535788, 0.0504783
-0.091576, 0.583753
-0.0918357, 0.0233105
-0.578483, 2.99271
0.179976, 0.430527
0.396221, 5.15691
-0.313478, 3.5981
0.0834789, 5.59635
0.397892, 4.57535
-0.785694, 6.15824
0.923113, 2.73008
0.0689488, 2.77923
0.71984, 4.23709
-0.930698, 1.40908
-0.864249, 5.78784
0.403047, 0.450231
-0.0426514, 1.68517
0.846297, 5.02373
-0.320098, 4.89155
-0.00448989, 4.39566
-0.483828, 5.44626
-0.544565, 2.08491
0.585923, 3.14422
-0.671486, 5.47738
-0.253168, 2.72339
-0.780714, 0.579159
-0.229577, 3.29424
-0.784022, 2.23038
0.627471, 3.70749
0.980557, 0.450528
0.469063, 4.82981
0.403844, 1.17422
-0.688261, 2.62317
0.0339231, 4.09603
0.655041, 2.3308
0.53933, 2.83833
-0.0975614, 4.78516
-0.832947, 3.64939
-0.483307, 2.13376
0.853143, 3.78683
-0.877285, 3.72713
0.297324, 2.77244
0.630135, 2.71852
0.293389, 3.38556
-0.823847, 1.94165
-0.87724, 2.45981
-0.597358, 0.769547
-0.9046, 3.01432
-0.391874, 6.08259
0.801275, 4.14738
0.894881, 3.58188
0.927087, 2.06898
-0.692708, 2.02784
-0.776277, 5.81736
0.144945, 4.3389
0.54525, 3.05206
0.876849, 0.0639047
0.00796847, 0.593555
-0.330838, 3.32102
-0.265564, 5.84374
0.81961, 1.82582
-0.189555, 2.0212
0.631901, 2.11736
-0.911574, 0.313292
0.787081, 0.743654
0.762539, 2.39754
0.938357, 0.7619
0.358979, 1.66129
-0.843758, 4.22024
-0.91977, 2.81026
-0.508758, 5.91196
0.179142, 1.54932
0.52431, 1.54412
0.549842, 4.80134
-0.527643, 5.97028
0.668844, 2.30142
-0.109885, 4.00675
0.137116, 4.83557
0.0246183, 0.604002
0.518502, 5.34083
-0.473608, 3.4506
0.987041, 5.96197
-0.29045, 1.83522
-0.423597, 0.766454
-0.997351, 0.263551
0.854371, 3.84884
0.905924, 1.72791
-0.550808, 0.857039
-0.901687, 0.74788
-0.585523, 3.21486
0.246853, 4.49596
0.97765, 6.04513
0.446793, 2.06251
0.404864, 2.7976
-0.950597, 2.91806
0.639608, 6.26191
0.320343, 2.39932
0.648666, 4.40406
0.73304, 2.38117
0.910318, 2.72644
0.856473, 5.04133
0.294699, 3.59434
-0.819711, 2.61675
-0.951693, 5.7638
-0.217728, 6.05141
-0.852463, 1.31183
-0.882386, 1.91157
0.457763, 0.6969
-0.958059, 0.0912675
0.369663, 2.45981
0.995655, 0.152131
0.0684612, 4.15753
0.878227, 4.57323
-0.0651608, 3.02401
-0.799635, 2.17155
0.545532, 3.32507
-0.392498, 1.88275
-0.180978, 1.95451
-0.223409, 0.635834
0.55819, 2.20082
-0.712776, 2.90822
0.315365, 0.061286
-0.758779, 5.58773
0.884765, 4.73801
0.289724, 3.37709
0.766668, 5.28633
-0.209056, 0.854995
0.672183, 0.830664
-0.893361, 5.02163
0.786521, 3.90842
0.200532, 4.14722
-0.934631, 5.43992
0.221285, 3.53781
-0.79082, 2.12494
-0.497741, 5.23553
-0.92778, 6.24392
0.5167, 4.09311
-0.94135, 5.7761
0.485864, 0.683063
0.535557, 5.21832
0.986673, 0.958282
-0.0253622, 1.30481
-0.287154, 0.393119
0.471043, 4.50869
0.480777, 2.20235
-0.772502, 3.813
0.623369, 2.97578
0.106426, 4.30231
-0.772515, 1.41174
-0.719238, 2.71166
0.959258, 4.48967
-0.619232, 1.44573
-0.869384, 1.93497
0.620813, 2.03626
0.251439, 6.17326
-0.910481, 1.62409
-0.973316, 0.245052
-0.670336, 1.21247
-0.512879, 1.13175
0.479791, 4.34778
-0.251511, 0.971116
-0.601395, 6.04631
-0.580095, 3.29202
-0.533051, 5.71032
-0.427748, 4.62194
-0.715441, 5.10785
-0.0565079, 4.04776
0.785571, 4.08392
-0.789483, 5.32046
-0.889846, 0.750193
-0.559474, 1.2366
-0.95077, 1.18389
0.559158, 1.86971
0.574958, 4.21004
0.485811, 1.9753
0.863046, 4.78913
0.0824146, 6.02191
-0.942947, 5.29531
-0.717005, 1.34597
0.765115, 1.8631
-0.782811, 1.95681
0.0649692, 4.25112
-0.790724, 5.61401
-0.813396, 4.09564
-0.75823, 4.01311
0.289589, 1.67264
-0.462679, 3.86056
0.660317, 4.0534
-0.822217, 0.793027
0.735357, 0.697098
-0.00229395, 3.96519
0.975991, 3.0232
-0.832264, 1.44026
-0.669923, 1.81964
0.725587, 2.90189
0.675685, 0.854702
-0.989322, 1.98891
0.799358, 0.410121
0.973586, 2.48875
0.467601, 0.885943
-0.733755, 3.30253
-0.696698, 4.41495
0.800109, 2.74002
0.266624, 4.94759
-0.332637, 5.20088
-0.683428, 0.417278
-0.118648, 5.36604
0.441871, 1.73651
-0.409937, 1.67982
-0.533913, 3.45357
-0.0672564, 1.24545
0.430591, 0.662875
0.474929, 1.44167
0.815926, 5.44213
-0.707185, 6.10816
-0.745873, 2.13961
0.982885, 4.59432
-0.738824, 1.02718
0.763477, 4.529
0.644854, 4.72142
0.902352, 6.06236
0.548961, 2.63671
-0.254475, 0.562176
-0.727745, 5.94246
0.266444, 1.4605
0.694424, 2.02725
0.0869213, 5.93277
-0.680276, 0.112358
-0.770917, 4.89374
0.922946, 0.065706
-0.71849, 5.54596
0.543959, 1.30955
0.553455, 4.95127
0.681074, 3.3654
0.556257, 1.65731
-0.605535, 4.45484
0.981856, 1.77643
-0.0249985, 3.37108
-0.789226, 2.75931
-0.711355, 3.66328
-0.469746, 0.474042
-0.958563, 1.06119
0.104086, 4.11154
-0.0801998, 4.46832
-0.36752, 6.15631
0.24918, 2.28142
-0.159093, 5.04582
-0.639687, 2.17612
-0.685907, 5.58864
-0.831852, 6.00848
-0.385565, 4.2405
0.46317, 4.453
0.791164, 2.6542
-0.0554671, 6.00465
-0.177492, 5.23554
0.0960414, 2.05255
-0.242022, 1.27894
-0.900541, 4.37033
-0.306286, 0.723552
-0.0110198, 4.77223
0.864369, 0.692252
-0.976052, 2.11675
0.00634052, 4.65507
-0.00741887, 1.14718
-0.581377, 3.52319
-0.32667, 5.0415
-0.446446, 4.33037
-0.794924, 1.17845
-0.337688, 1.23809
0.879284, 3.57092
0.519878, 3.65041
0.367963, 4.26286
-0.787688, 1.41113
0.824636, 5.81221
0.148354, 3.14618
0.560576, 3.86213
0.523656, 4.70177
-0.30062, 3.73669
0.903228, 0.621831
0.779218, 0.326149
-0.472592, 0.603499
0.0324701, 5.86623
-0.781221, 4.42693
0.908805, 3.01212
0.215728, 3.79263
0.666839, 2.85008
-0.275592, 0.217394
0.49841, 3.0041
0.866182, 4.68482
-0.931031, 2.72356
-0.289372, 2.27153
-0.491071, 0.634752
-0.819322, 3.78493
0.480891, 0.60964
-0.546893, 4.80814
0.216431, 1.05491
-0.87242, 4.07266
0.812644, 0.998195
-0.697196, 1.79962
0.842812, 5.39396
0.635628, 2.29261
-0.810904, 4.03678
0.115369, 1.79173
0.41442, 1.89506
0.0800908, 4.42653
0.364169, 0.805084
0.728829, 5.08326
0.128432, 2.34291
0.202572, 4.23488
-0.914484, 1.63668
0.337956, 3.98416
0.24842, 4.81006
-0.211668, 1.55408
-0.792141, 3.81925
0.618222, 1.94225
-0.970087, 4.53307
0.252025, 3.26258
0.382483, 2.96885
-0.956244, 1.44091
0.717184, 3.66421
-0.841087, 6.1142
-0.29823, 3.68836
-0.62244, 2.33601
-0.369324, 2.48773
-0.356622, 5.7577
-0.576477, 3.23492
0.449828, 5.48553
0.464252, 3.61997
-0.27403, 5.29888
-0.713125, 5.4812
0.91119, 6.08813
0.550733, 6.05764
0.676663, 2.56923
0.396577, 0.969474
0.718399, 4.01448
0.818651, 3.14066
0.928714, 4.9257
0.0704162, 5.33359
0.848294, 1.05415
-0.612761, 5.86893
0.684158, 6.21213
0.796302, 6.13667
0.801534, 0.0230996
-0.426152, 3.77961
-0.869272, 4.48014
-0.58952, 0.48329
-0.989917, 3.64281
0.494557, 4.55604
0.629269, 3.60557
-0.889745, 3.0898
0.319507, 6.15908
-0.9716, 3.23695
0.170521, 0.0273282
-0.641712, 1.7726
-0.831797, 5.63951
-0.896652, 4.99194
0.751477, 1.69368
0.936112, 4.56602
0.779625, 4.23281
-0.463231, 4.67961
-0.729393, 0.548672
0.630297, 1.8297
0.385997, 5.52854
-0.29858, 4.82392
0.811585, 2.58325
0.88484, 0.0623906
-0.326564, 2.47738
-0.946398, 0.255726
0.105675, 2.39456
0.606401, 3.49474
0.017992, 1.83083
-0.770286, 4.25711
0.920812, 4.68345
-0.455592, 4.24993
0.208272, 4.57527
-0.481457, 0.966236
0.144526, 2.19827
0.90031, 0.524587
0.597225, 1.97998
0.181133, 1.5316
0.803987, 3.68217
-0.8689, 4.07031
0.958664, 3.64333
0.879423, 5.10866
-0.495391, 5.14167
0.293071, 1.93057
0.770523, 5.7321
0.178289, 1.23393
0.551431, 2.11719
0.449347, 0.906259
0.387019, 0.892507
-0.0749413, 3.95672
-0.502637, 4.46628
-0.925215, 0.187381
-0.839982, 4.08616
-0.989677, 0.662567
0.668844, 5.24781
-0.220171, 2.24428
0.181351, 5.01286
-0.221397, 3.0271
0.0613152, 4.68468
-0.738912, 1.04246
0.705762, 0.656492
0.836464, 4.61907
-0.482947, 5.19007
0.431652, 6.26068
0.807432, 3.6296
0.987406, 3.15849
0.77482, 3.9672
-0.957627, 2.11811
-0.72583, 1.29118
0.713791, 1.32297
0.273931, 1.96056
0.628505, 1.56921
0.45237, 3.88912
0.942273, 1.13993
0.75989, 6.25966
-0.727181, 1.00462
-0.698469, 1.13359
-0.983332, 5.2868
-0.173578, 5.23133
0.923281, 5.81954
-0.561943, 4.87782
-0.900562, 4.20744
0.715692, 5.86961
0.10814, 3.87288
-0.466699, 3.86413
0.65508, 0.679483
-0.591525, 3.31539
0.686778, 3.84028
-0.112665, 1.51608
-0.0477843, 6.09104
0.441763, 3.47357
0.945717, 0.48267
-0.902474, 5.75641
0.313614, 3.69652
-0.731838, 4.39135
-0.82744, 5.51036
-0.790666, 2.92314
0.488696, 3.47912
-0.652398, 5.9868
0.851882, 2.34359
0.86481, 3.1992
0.887563, 5.91451
-0.462157, 3.91407
0.384359, 3.97326
0.305615, 5.59088
0.00589718, 1.1161
-0.636435, 3.63761
-0.674412, 5.13802
0.9805, 1.40371
-0.678128, 5.52283
-0.983139, 6.06742
0.267969, 1.95984
-0.771523, 0.245187
-0.0961799, 3.34562
-0.634263, 0.261489
0.0609504, 5.2652
-0.696165, 3.22536
-0.76416, 2.34647
-0.803515, 1.41186
-0.675151, 3.36648
-0.257803, 6.11359
-0.00922349, 3.40422
-0.499997, 3.30325
0.354083, 5.95632
0.0404136, 3.2941
-0.676798, 3.08949
-0.644485, 1.56558
0.369077, 1.8044
0.908799, 0.522334
0.890294, 2.11129
-0.75989, 4.24285
-0.801618, 4.19274
0.832488, 0.561814
0.873548, 0.679195
0.0705665, 5.61029
-0.0267553, 0.665359
-0.718751, 2.84261
0.373626, 6.09164
-0.0296414, 5.21806
-0.388628, 2.8688
-0.875781, 5.53071
-0.190552, 3.79378
-0.572714, 3.45277
0.40563, 2.69063
-0.689895, 1.33884
-0.076223, 2.46001
-0.892709, 3.02523
0.424358, 3.72728
0.445053, 1.72827
0.753135, 2.93146
-0.361107, 6.04327
0.416247, 3.31098
-0.220999, 5.3446
-0.90973, 2.0722
0.79838, 3.60052
-0.0193366, 3.64713
0.360375, 5.21599
-0.679102, 6.10953
-0.818195, 1.49465
0.6843, 1.76368
-0.393093, 1.26533
0.947507, 1.35485
-0.3109, 5.83785
0.564176, 2.4898
0.882352, 3.95997
0.821788, 1.35891
0.905053, 0.485308
-0.904965, 3.11414
-0.339967, 5.7735
0.192013, 0.643132
0.965126, 4.55526
0.645562, 0.544829
0.893154, 0.254008
0.057337, 4.33361
0.80236, 3.54139
0.625843, 3.66237
0.884299, 3.84863
0.725198, 5.83423
0.0976038, 4.18944
0.194883, 4.63438
0.878003, 5.3207
-0.570204, 0.727565
0.679692, 1.51727
-0.651088, 0.276728
-0.427575, 2.76966
0.600129, 0.391894
0.956866, 1.43899
0.983633, 3.61975
-0.818059, 3.42253
-0.757712, 5.41916
0.947749, 4.46758
0.382222, 4.87249
0.892317, 5.15095
0.193659, 3.83903
-0.557034, 3.23455
0.406278, 2.24663
0.776257, 5.29701
0.943718, 2.55504
0.993562, 2.57929
-0.0414394, 0.378556
-0.423813, 2.8863
0.734328, 2.28726
0.276518, 0.0772492
0.174807, 1.16505
-0.316774, 5.77229
-0.709071, 2.48396
-0.422889, 1.78801
0.527951, 5.9681
-0.383086, 5.43635
-0.164799, 1.51529
0.114229, 3.49334
-0.71375, 4.92063
-0.179507, 0.767413
0.0438998, 1.12732
0.767991, 4.67087
0.908551, 4.12933
0.681841, 5.39693
-0.697399, 5.53605
0.100257, 1.13851
0.0385067, 2.57946
-0.587076, 2.09875
-0.0904058, 3.92731
-0.859549, 4.14516
0.996336, 5.16584
-0.435084, 5.65212
0.735039, 0.242925
0.70757, 5.04277
0.934629, 0.761656
0.30564, 2.82855
0.221415, 0.695944
-0.779554, 4.11846
-0.32804, 0.246146
0.881792, 1.88719
-0.858206, 2.10849
-0.827795, 5.99127
0.278811, 4.91543
0.65874, 0.0116481
-0.541088, 1.30708
0.642311, 3.32594
0.91519, 1.36796
-0.683859, 3.14744
0.915076, 3.64154
-0.339811, 0.481678
0.698732, 1.65633
-0.196996, 1.96257
-0.880127, 2.46881
0.845622, 6.1648
0.269725, 4.96802
-0.708716, 5.87954
0.756437, 5.73982
-0.925817, 4.58703
-0.705857, 3.20015
0.951156, 3.909
0.969351, 4.18783
0.40011, 3.73793
-0.111251, 3.05593
0.683106, 3.18915
-0.556456, 4.48879
0.966058, 6.11254
-0.657686, 4.30379
0.458666, 2.66271
0.767176, 3.76555
-0.653, 0.813416
-0.218735, 4.97385
0.827557, 1.75907
0.0979265, 1.45647
0.758937, 3.91383
-0.514605, 5.18534
-0.230774, 1.9043
0.255707, 1.01087
-0.455501, 0.0417673
-0.879416, 0.631872
0.291122, 5.50874
-0.539191, 5.37647
-0.0918684, 3.41942
0.715494, 2.85087
-0.685436, 6.01337
-0.295321, 5.96701
0.276184, 5.03449
0.762268, 0.222923
0.652095, 0.782866
0.913233, 2.55898
0.456485, 3.48146
0.219879, 5.61954
0.0065653, 2.7281
0.206581, 3.93008
0.901934, 2.74974
-0.764666, 5.98783
0.943022, 1.3913
-0.185289, 5.20518
0.138965, 5.60376
-0.627586, 4.98859
-0.813569, 1.79768
-0.58029, 5.43519
0.110697, 1.08077
0.773116, 5.55412
-0.202993, 1.67558
0.837495, 2.01954
0.627948, 1.1621
-0.503656, 2.46281
0.872212, 1.74228
0.301666, 1.66143
0.916424, 6.05052
0.992688, 5.40385
-0.836308, 4.76601
0.173613, 6.09858
0.999927, 1.68181
0.217246, 4.85342
0.655888, 4.94478
-0.36771, 3.93539
-0.489551, 5.24399
-0.887291, 3.20015
-0.960922, 5.2685
0.792143, 0.557922
0.871542, 5.50816
-0.443882, 5.67371
0.544919, 1.93286
0.864278, 4.68994
-0.896807, 0.337651
-0.977258, 5.90766
-0.822937, 3.50462
-0.600127, 0.603286
0.291786, 1.46138
-0.69465, 5.63126
-0.759446, 5.85876
-0.798307, 0.794836
0.565343, 0.261448
-0.902857, 4.87147
-0.254006, 0.0240168
0.0332489, 5.53132
-0.240062, 6.08589
-0.384472, 0.599125
0.351306, 5.05325
0.816152, 5.00173
-0.973273, 5.42584
0.0399355, 2.21865
-0.730756, 3.94974
0.561376, 1.88207
0.354854, 0.0292815
-0.209392, 5.65238
0.294013, 1.95567
0.862939, 3.92537
-0.924355, 3.94817
-0.53766, 1.48783
0.306872, 4.12605
-0.490659, 4.98761
0.847419, 4.79859
0.965802, 1.53134
0.861394, 0.352945
0.426746, 4.0778
-0.684917, 4.00633
-0.59962, 5.05755
-0.553828, 4.51061
0.661538, 2.24932
0.769857, 5.32576
-0.313909, 4.5269
0.574386, 2.67986
-0.904715, 1.19511
-0.118973, 0.553912
-0.296985, 0.910115
-0.24227, 0.0336548
0.209984, 0.356442
-0.73917, 1.88988
-0.488536, 5.22163
0.379425, 6.11248
-0.734187, 5.14345
0.442888, 4.23689
-0.141262, 1.25372
-0.769328, 4.83436
-0.144121, 5.88264
-0.810974, 1.05115
0.703555, 2.81682
-0.52485, 0.65736
0.743042, 3.5286
0.351098, 1.42392
-0.877091, 4.43066
0.664827, 0.815785
-0.499927, 6.0723
-0.692595, 1.61897
0.912895, 6.15701
-0.0840204, 4.15153
-0.00557311, 0.502282
-0.983326, 0.560772
0.485104, 3.69233
-0.907924, 4.69787
-0.155994, 1.941
0.552636, 1.4117
-0.985988, 2.9738
0.951472, 0.365483
0.615173, 4.97394
-0.0894291, 1.84945
0.398051, 4.64836
-0.985419, 5.01905
0.625694, 0.175826
0.696629, 5.43639
0.47747, 5.50781
0.571651, 0.687133
0.532115, 4.86915
0.654414, 0.826664
-0.0277461, 3.83123
0.0738264, 3.6516
-0.594688, 2.68197
-0.952829, 5.70115
0.306871, 5.48972
0.957665, 5.87202
-0.0577047, 0.104921
-0.921827, 4.00128
0.896315, 0.286351
0.0922799, 1.59327
-0.26019, 3.88232
0.597849, 0.836287
-0.89631, 0.494982
0.622657, 6.07165
0.93104, 2.47199
-0.603221, 1.66385
-0.572896, 3.16933
0.876635, 4.63384
0.443883, 2.16348
-0.919367, 4.3309
-0.914924, 4.83724
-0.567932, 3.58934
0.410688, 3.92135
0.482453, 5.0899
0.879825, 3.21399
-0.960425, 1.08458
0.456078, 0.612547
-0.428731, 4.46543
0.366225, 5.66966
0.522212, 6.11425
-0.051508, 5.40202
0.585278, 0.323446
0.374658, 4.79017
0.925283, 2.22466
0.836763, 5.22743
0.926576, 2.32796
0.841487, 5.68036
-0.0959923, 1.19649
-0.811734, 3.91394
-0.618285, 3.11154
0.670784, 2.42565
-0.762263, 1.04345
-0.919267, 1.43772
-0.35424, 4.67956
-0.983107, 0.262572
-0.855612, 5.50847
-0.407266, 3.81042
-0.494618, 3.02904
-0.243363, 1.93025
-0.240098, 1.73448
-0.123607, 4.77122
-0.328851, 0.046647
-0.246962, 3.68917
-0.152119, 3.72918
0.900089, 2.70298
0.433483, 5.4254
0.433319, 2.30561
-0.975108, 0.742678
0.364808, 1.95827
0.569525, 6.27302
-0.0606185, 3.48424
-0.274376, 3.81285
0.57403, 4.0478
0.892638, 2.12749
0.3735, 4.65553
-0.680969, 4.9334
-0.839822, 4.79395
0.419035, 3.4914
0.336832, 3.86019
0.944159, 2.89431
-0.777339, 0.368532
-0.474586, 4.99504
-0.711413, 4.91953
-0.157899, 3.82734
-0.772917, 4.0787
-0.0236464, 5.62674
-0.710862, 5.73159
0.261787, 5.47744
-0.675897, 0.167431
0.798757, 6.23126
0.348462, 6.27214
0.537637, 2.70566
-0.732844, 2.6479
-0.434306, 4.01036
-0.238138, 0.202467
-0.197422, 4.22306
0.788291, 0.45524
0.414957, 5.73795
-0.689495, 1.20845
0.415447, 5.12459
0.0906026, 2.97449
-0.213566, 4.32739
-0.916892, 2.54058
-0.781625, 0.242346
0.838587, 4.87607
0.024767, 1.49513
0.362797, 6.05242
-0.300773, 4.83179
-0.940607, 5.49475
0.664498, 3.79156
0.998175, 1.39162
-0.390081, 2.45221
0.394092, 2.17087
-0.457421, 4.64986
-0.297042, 6.12002
-0.536239, 1.88789
0.15883, 2.8999
-0.0885827, 4.85473
-0.234034, 3.23732
-0.221629, 4.22885
0.542134, 3.89165
-0.836877, 5.7413
0.551371, 0.394094
0.63701, 1.36484
0.942846, 2.88243
-0.524199, 5.89426
-0.775281, 0.291546
0.0104305, 3.53427
0.812809, 5.70818
0.723417, 6.01048
0.956513, 0.5053
0.936264, 2.52685
0.323855, 0.836967
-0.445466, 4.13657
-0.813625, 2.70477
-0.26506, 4.70483
-0.474794, 4.55102
0.9525, 2.05464
-0.762136, 2.92341
0.395409, 0.53286
0.427045, 0.501927
-0.60936, 5.47781
-0.744731, 4.28961
0.150924, 5.43455
0.839768, 5.42367
-0.974945, 5.23344
-0.501784, 4.67317
0.939333, 1.24846
-0.692917, 5.35259
-0.848228, 1.60498
-0.705369, 5.06149
0.732673, 6.16181
-0.997725, 3.18751
0.999605, 2.15777
0.772697, 3.78065
-0.127334, 2.3166
0.951859, 6.11303
-0.961844, 4.89665
0.328843, 6.09024
-0.161691, 2.6044
-0.923894, 4.38138
-0.652725, 5.34001
0.633696, 1.6972
0.798419, 3.81915
0.276336, 5.21168
-0.888794, 4.53783
-0.737436, 1.96626
-0.357731, 2.58831
-0.0241881, 6.19826
-0.504231, 2.20088
-0.384683, 1.27845
0.0151057, 3.39756
0.731688, 0.841181
0.987015, 3.59131
0.155227, 1.45911
-0.951928, 5.26705
-0.576852, 0.840652
-0.740329, 3.75878
-0.545029, 5.94138
0.23738, 2.94922
0.194144, 5.10645
-0.965036, 1.93189
-0.136546, 4.95099
0.685622, 3.77423
0.412859, 5.28605
0.976793, 6.08837
-0.974231, 2.67643
-0.527648, 5.25359
-0.1323, 4.45414
-0.563791, 1.61255
-0.480314, 2.20381
0.990579, 4.28944
-0.0719794, 1.55747
-0.158413, 2.50106
-0.0828181, 2.46929
0.203227, 1.78874
0.303791, 3.6823
0.0607067, 2.25986
0.0315709, 0.0951694
-0.976774, 4.2132
-0.904993, 0.775258
-0.429368, 2.59274
-0.586662, 2.01644
0.14354, 4.25389
0.155533, 3.22066
0.587628, 5.5311
0.125236, 2.01743
0.357549, 0.735644
0.243191, 4.24884
-0.986108, 5.13492
-0.88494, 1.97557
0.142622, 0.986982
-0.15114, 6.13262
-0.32073, 6.01479
-0.355521, 4.38477
0.789688, 5.60163
-0.634781, 5.54893
-0.929889, 5.85721
0.61449, 2.45021
-0.145966, 2.21044
-0.935841, 0.376468
-0.67519, 5.02239
-0.0719124, 2.5058
-0.415927, 5.50249
0.733594, 4.79251
-0.990203, 1.1951
-0.495334, 1.00697
-0.896622, 1.08512
0.136604, 2.012
0.837499, 6.26666
0.00606172, 2.98397
0.63226, 1.74159
-0.613426, 0.681003
-0.914786, 1.05502
0.368308, 0.714886
-0.260411, 4.35007
0.286497, 4.25329
0.615574, 6.16378
-0.468048, 2.7927
0.527444, 4.95269
0.693513, 4.65666
0.511249, 3.99435
-0.766082, 2.57381
0.458842, 5.08696
0.333861, 2.23546
0.797414, 3.74528
0.82759, 5.00769
-0.66553, 4.4236
-0.736631, 3.94419
0.345521, 5.85108
-0.0636244, 6.27154
0.916965, 5.25599
0.883487, 2.00722
0.455653, 4.30305
-0.913595, 1.22036
-0.928697, 3.68433
-0.739207, 0.569413
0.513572, 0.996173
0.796444, 3.94366
0.668381, 6.27844
0.706963, 2.03762
0.0998983, 6.04116
-0.596432, 2.10246
0.243255, 3.35829
0.717046, 4.69755
0.531442, 1.88141
0.145004, 5.51957
-0.815034, 5.32442
0.504921, 5.57317
0.909141, 3.7378
-0.186382, 4.41716
-0.331891, 1.18148
-0.847939, 5.31217
-0.0961115, 3.28413
0.690678, 5.59814
-0.058153, 5.05076
0.758977, 3.42755
-0.335463, 1.37396
-0.36282, 1.01434
0.964984, 3.0296
0.809508, 3.57659
0.868227, 5.7804
-0.492358, 3.94134
-0.537864, 0.489346
-0.986234, 4.51853
-0.478856, 5.07752
0.0788213, 1.2455
0.021887, 1.25303
0.989108, 4.69252
0.893694, 3.46629
0.323828, 1.15199
0.625869, 5.26711
-0.352009, 3.11614
-0.279444, 4.39456
-0.180446, 4.30282
-0.77176, 4.83423
0.856425, 2.85807
-0.902264, 4.02716
-0.71863, 3.11643
0.715094, 2.8286
0.930087, 4.30536
-0.143873, 2.93171
-0.404501, 2.92619
-0.857116, 3.73881
0.722496, 3.05277
-0.596176, 5.60655
-0.867414, 5.62771
0.544324, 1.77338
-0.216614, 4.07056
-0.620181, 2.73095
0.570926, 2.50283
0.761192, 2.75396
0.624304, 2.55845
0.820328, 0.132851
0.155235, 4.35709
0.686552, 1.23915
0.0132313, 2.01682
-0.557997, 1.78069
0.531516, 4.36566
0.909303, 0.911066
-0.927999, 4.12316
-0.0976422, 0.100312
-0.958439, 0.667032
-0.992852, 1.13601
-0.0748022, 1.61387
-0.988729, 5.88049
0.57759, 4.85282
0.312086, 2.33257
-0.574919, 6.19967
-0.838505, 2.69004
0.593461, 3.47585
-0.963809, 1.92177
-0.945849, 4.59749
0.608268, 5.00566
-0.743676, 6.02786
0.662592, 0.521297
0.564914, 4.95705
-0.447239, 4.05143
-0.145786, 1.41021
-0.71892, 5.60425
0.963372, 1.9871
-0.402662, 4.3467
-0.740936, 1.04476
-0.472665, 0.829186
0.0155444, 2.13321
-0.43566, 3.03993
0.619592, 1.15788
0.929355, 1.7991
-0.606268, 2.39224
0.926551, 5.01964
-0.0378712, 5.20988
0.595077, 3.69505
0.652908, 3.94948
-0.967735, 1.97639
0.0619808, 4.55713
0.699211, 2.99206
-0.963817, 2.91663
0.546994, 0.433368
0.700634, 2.459
0.353923, 0.0219533
0.518171, 2.99707
0.484652, 4.40212
-0.866647, 0.0416695
0.744032, 1.35092
-0.175581, 1.25316
0.681553, 5.53979
0.629754, 5.53499
-0.473754, 4.78375
0.115807, 1.15155
0.54746, 6.05518
0.738338, 0.744224
0.232457, 4.71311
-0.279351, 2.76639
0.331398, 2.17025
-0.93604, 3.8739
-0.0140067, 4.58301
-0.819742, 2.82321
0.460111, 1.58503
-0.899455, 0.690847
-0.332448, 0.579721
0.846022, 3.1578
0.434978, 5.48248
0.303415, 4.89685
-0.294163, 0.394196
-0.3028, 2.19253
-0.462618, 4.73316
-0.597144, 2.64878
-0.841505, 1.78686
0.7122, 2.7145
0.167358, 1.8252
0.802723, 1.30851
-0.755828, 3.57719
-0.00689839, 4.36701
-0.987868, 6.12928
0.249685, 0.605491
0.463472, 0.211189
-0.952699, 2.52844
0.671358, 0.486764
0.520039, 6.05091
0.565771, 4.8764
0.933104, 0.966387
0.581404, 0.811793
0.426113, 5.19033
0.643857, 3.02612
0.94145, 4.35553
0.602841, 5.45052
0.22408, 0.0295023
-0.960506, 3.94428
-0.605925, 6.23658
-0.322571, 1.5149
0.762811, 6.24004
0.282169, 5.36552
-0.478927, 4.32322
-0.526022, 5.92502
0.646446, 0.923768
-0.55712, 4.22393
0.24388, 4.03285
0.099747, 5.43669
0.828839, 6.26722
-0.708372, 5.97196
-0.628883, 0.819052
-0.430624, 1.18998
-0.70009, 5.66839
0.108071, 3.5499
0.596545, 1.99368
-0.834307, 5.56764
-0.43124, 1.96215
0.911803, 5.00185
-0.726283, 3.23989
-0.872015, 1.79313
-0.863988, 4.49945
-0.876347, 2.78901
-0.840025, 1.07207
-0.252401, 2.5413
-0.165982, 0.918368
0.768078, 2.06064
-0.287568, 1.02533
-0.43236, 0.446994
-0.874233, 4.97874
-0.801194, 4.73503
-0.640607, 5.47714
-0.440195, 6.04033
-0.57143, 1.42417
0.692281, 6.16277
0.560933, 3.56491
-0.874518, 3.79462
0.483699, 4.43797
0.914865, 1.58935
0.20794, 0.94858
0.415787, 3.57378
-0.342597, 2.95126
-0.32082, 2.75525
0.547058, 3.21305
-0.188969, 4.34702
-0.63643, 0.19668
0.438513, 0.224537
-0.659633, 2.54718
0.517236, 5.28659
0.72937, 3.30089
0.573148, 1.10152
-0.129015, 0.675336
-0.0255133, 0.604969
-0.351596, 1.12084
0.949404, 5.36265
0.174726, 3.63199
-0.673994, 0.583941
0.228619, 1.68447
-0.0139082, 6.07018
-0.450088, 3.53243
-0.83944, 2.88399
0.0753563, 2.03227
-0.864913, 5.30729
-0.572836, 2.17173
-0.531668, 3.16346
-0.500535, 4.42512
0.99705, 4.31271
0.489708, 0.00648992
-0.621586, 4.11113
-0.576643, 0.236369
-0.83578, 2.38187
-0.415387, 1.23408
0.147474, 0.838951
0.828846, 0.0189155
-0.89941, 3.38446
0.0734625, 2.22937
-0.952302, 0.386638
0.226224, 0.471612
0.0988351, 0.224652
-0.310979, 4.63092
-0.198076, 2.43566
-0.092741, 1.08629
-0.525623, 0.900428
-0.509307, 4.03413
0.716598, 6.17345
0.827859, 0.228946
0.401643, 3.14061
0.837678, 5.97882
-0.877525, 0.44121
0.603822, 3.52477
0.165037, 1.07338
0.909152, 2.03074
0.813359, 0.33124
-0.0853419, 5.46999
0.935842, 5.82967
0.198972, 3.48217
0.301575, 1.95412
0.802508, 1.74285
-0.637678, 4.46537
0.78646, 1.27001
0.268394, 1.25388
0.778133, 3.35797
-0.257552, 3.71661
-0.685307, 4.40972
-0.0878369, 5.9641
-0.726912, 0.226828
-0.953896, 4.48577
-0.719179, 2.99268
0.425294, 2.53582
0.909021, 1.67538
0.630682, 0.744582
-0.759991, 1.99253
-0.846768, 3.93145
-0.286526, 4.12693
-0.023573, 3.72079
-0.0577031, 4.79496
-0.0234474, 2.08811
0.0212172, 3.89207
-0.897853, 4.76545
0.858099, 2.56738
-0.233573, 3.73758
-0.603354, 1.50734
0.200418, 3.9636
0.93447, 6.24048
-0.867826, 0.332122
0.652071, 1.11813
0.864522, 1.08562
0.144781, 6.2198
-0.45138, 6.11055
-0.621997, 0.0812169
-0.0546541, 1.8969
0.188436, 2.44086
-0.896295, 2.34265
0.775593, 5.19223
-0.29009, 2.50206
-0.0641431, 5.91561
-0.470587, 1.62174
0.778585, 2.83381
0.834853, 4.46679
0.669304, 2.83637
-0.748085, 2.12528
0.752824, 2.46228
-0.204878, 2.51575
-0.272732, 4.83314
-0.750762, 3.68337
0.538622, 5.67307
0.683852, 1.39698
0.343705, 3.57296
-0.816849, 4.5047
-0.745813, 3.6096
0.457224, 0.34694
0.982392, 5.23246
-0.875006, 4.43664
0.713383, 6.27925
0.292148, 1.31241
-0.758935, 0.82073
-0.524953, 1.40039
0.738555, 0.920422
-0.828005, 5.88655
-0.401014, 0.10278
-0.43162, 5.44225
0.47221, 5.56077
-0.567577, 4.11753
-0.41383, 5.46962
0.86419, 6.11882
0.242662, 5.99289
-0.499237, 5.53328
-0.307823, 5.62892
0.83491, 1.8435
-0.684541, 4.87028
-0.733165, 4.13106
0.0250144, 3.0551
-0.527174, 3.04555
0.513274, 4.07206
-0.899011, 3.64724
-0.478744, 2.28274
-0.723315, 4.27112
-0.598698, 2.78207
-0.968088, 0.0916711
-0.608401, 1.29325
-0.831795, 4.43369
-0.511374, 5.58041
0.623232, 3.78577
0.258602, 4.09806
-0.0773209, 4.65792
0.747148, 5.33522
-0.369533, 5.58748
0.621357, 1.41097
-0.0460433, 5.90742
-0.0265209, 5.31819
0.089702, 0.489138
0.88598, 4.19441
-0.571976, 5.06941
-0.945535, 6.19769
0.623787, 4.61473
-0.879225, 6.27387
-0.0920053, 0.476618
0.043236, 1.30301
-0.559075, 5.71944
0.605971, 3.42055
-0.839105, 3.32254
0.725846, 1.81114
-0.900118, 2.12183
0.482974, 2.19724
-0.760262, 0.836253
-0.662502, 0.319278
0.884169, 4.11888
-0.795911, 3.76885
0.144632, 3.81149
-0.642833, 5.07367
-0.694389, 3.31323
0.821299, 0.397589
-0.418583, 5.14168
0.299432, 4.30693
-0.443501, 5.47858
-0.104819, 6.24004
-0.989193, 0.245099
0.766028, 0.927942
-0.08111, 1.46214
0.405825, 2.27884
-0.100137, 1.31363
0.444093, 5.67191
-0.0976455, 1.18733
-0.015006, 5.77154
0.454717, 4.58429
-0.748519, 6.10659
0.447717, 2.65224
-0.495397, 5.08908
0.867673, 3.73495
-0.468247, 1.11668
-0.372597, 4.44646
0.873885, 2.70175
0.30471, 2.01723
-0.961936, 0.554043
0.165907, 5.85598
0.778023, 5.8149
-0.303083, 3.43463
-0.718037, 5.38274
0.634803, 0.059868
0.505739, 5.92922
-0.900931, 4.61073
0.33137, 0.661366
-0.898594, 5.86981
-0.776665, 3.93275
0.653416, 0.0871232
-0.586821, 0.255766
-0.492703, 6.27815
0.821534, 0.094694
-0.0348721, 4.20728
-0.853782, 5.43705
0.902809, 3.86702
-0.802386, 2.31112
0.466658, 2.66667
-0.0710511, 4.24612
-0.848661, 6.15828
0.449769, 2.56485
-0.994386, 3.70776
-0.800638, 3.53068
0.925411, 2.16661
-0.520923, 4.8504
0.688322, 4.32646
-0.735538, 1.51128
0.812173, 3.41679
-0.0151442, 4.5406
0.890888, 4.18539
0.555388, 3.7322
-0.987198, 0.642328
-0.0983476, 0.86008
-0.843041, 2.75323
-0.25677, 0.0153189
-0.254441, 1.23264
-0.162509, 3.49705
0.537415, 1.88414
0.551731, 0.164911
0.344651, 3.61022
-0.73049, 0.218439
-0.663287, 3.76498
0.862714, 4.35036
-0.376139, 3.1824
0.95649, 1.1023
0.843434, 5.33643
-0.937668, 3.43658
-0.00436211, 3.36697
0.0355014, 1.90133
0.949005, 4.98919
-0.513322, 3.83758
-0.48058, 5.56565
-0.956179, 6.15945
-0.828357, 1.27105
-0.875731, 4.03008
-0.0623822, 2.29621
0.281289, 3.49611
-0.442861, 1.91637
-0.184722, 0.15425
0.0182515, 5.92013
-0.657828, 1.92193
0.781228, 1.49275
-0.205168, 0.216963
0.233816, 4.6792
-0.671199, 3.28544
-0.871264, 5.25011
0.671489, 5.24463
-0.734545, 4.74879
-0.64324, 4.63127
-0.600399, 3.30087
-0.369066, 6.2786
-0.292545, 3.58013
-0.77454, 5.35738
0.14399, 2.74693
0.403806, 4.99182
0.796748, 2.76412
-0.852379, 2.0968
0.924718, 2.27332
0.356237, 0.413078
0.96875, 2.30582
-0.695986, 0.521776
-0.442564, 0.670639
-0.471687, 4.45679
0.733846, 4.56679
0.770062, 3.34933
-0.93484, 1.26138
-0.911899, 3.42889
0.468971, 2.75793
0.623681, 4.5711
-0.276352, 0.433386
0.990267, 1.35243
0.233715, 4.32918
-0.0574695, 1.62077
0.880063, 5.47302
-0.469411, 5.22491
-0.554745, 0.741837
0.956417, 2.64981
0.720181, 3.623
-0.718109, 0.143349
-0.300166, 3.15287
0.584864, 6.17902
-0.321218, 0.668679
-0.388878, 1.58289
-0.11958, 3.11567
0.521496, 4.83467
-0.689293, 2.81522
0.632979, 4.41888
-0.943074, 4.78504
0.14385, 0.735772
0.879809, 2.0644
0.9101, 2.60207
0.927107, 4.01075
-0.971092, 0.427679
-0.0617144, 4.17434
0.571625, 4.19384
-0.300642, 0.599962
0.861081, 2.36824
-0.991163, 4.21671
0.782216, 3.25604
-0.88495, 2.37616
-0.34945, 2.33754
0.845299, 4.67464
0.0217513, 4.44593
0.426118, 4.2762
0.987948, 1.34749
-0.762296, 4.10748
-0.323174, 1.79036
-0.866842, 5.10374
0.764085, 4.70204
0.48149, 5.29873
-0.473335, 3.45466
-0.61526, 2.15434
-0.997552, 5.54313
0.751548, 4.02296
0.614516, 2.89196
0.846419, 2.04437
0.777034, 5.19033
0.117227, 0.942939
-0.532711, 5.88717
0.878939, 4.46937
-0.568606, 5.05854
0.611867, 6.23703
0.104353, 0.70601
0.402744, 4.40448
0.460673, 5.94469
0.552993, 1.57138
-0.805402, 1.52352
0.882144, 5.65598
0.566034, 3.87636
0.809998, 2.34697
0.335318, 5.05307
-0.317513, 0.0659047
-0.927096, 1.1661
-0.422485, 2.65383
0.506835, 3.62421
0.247696, 3.4926
0.786041, 2.71914
-0.329672, 1.89103
-0.739411, 6.17237
0.872961, 1.56323
-0.956512, 0.582517
0.861653, 4.99222
-0.892233, 1.70513
0.93641, 1.76499
-0.478976, 2.19905
0.918207, 3.20996
-0.952145, 6.14981
0.63363, 3.21401
-0.334419, 1.49692
-0.172373, 1.555
0.927307, 0.610356
0.851956, 0.862537
0.637662, 1.08431
-0.15368, 3.98161
-0.972024, 3.722
0.947031, 3.6447
-0.398394, 3.56131
-0.965402, 6.09323
-0.63321, 3.42881
-0.94573, 2.94238
-0.367233, 5.32582
0.794186, 1.80283
-0.504407, 3.41678
-0.535728, 0.0588323
0.875786, 0.308675
0.843817, 4.12094
-0.992365, 5.20104
0.159891, 1.01637
0.565402, 2.27408
-0.622541, 2.74077
-0.354317, 2.17269
0.490211, 2.73307
0.440664, 6.19806
-0.938482, 0.291842
-0.937858, 4.28896
0.24695, 2.69386
0.568371, 0.406221
-0.694508, 5.15015
-0.19557, 1.58163
0.84263, 4.0881
0.933015, 4.04149
0.00718127, 4.47006
0.0412226, 1.72429
-0.969891, 5.4176
-0.977944, 4.22612
-0.164601, 1.70418
-0.164047, 3.17072
-0.0891842, 2.4352
0.946464, 1.77191
0.297447, 2.16591
0.101731, 0.402451
-0.442543, 5.67156
0.932231, 0.398524
-0.435606, 2.51018
-0.61141, 3.52792
0.256606, 5.14482
-0.0291268, 4.87291
-0.297927, 3.13035
-0.117023, 3.52095
0.867422, 1.55819
-0.681996, 5.32478
-0.261817, 6.18994
0.511544, 2.83182
0.234408, 5.95671
-0.592915, 4.22598
-0.0787997, 1.51283
-0.218469, 5.60986
-0.599834, 0.954685
-0.839669, 0.161375
-0.400684, 5.67492
-0.708426, 5.70302
-0.42765, 3.70506
-0.321377, 2.33681
-0.655964, 3.36534
0.938439, 4.62676
0.443131, 1.10486
-0.160249, 4.33641
0.435009, 3.10166
-0.0124201, 3.89518
-0.457519, 1.49146
0.516106, 0.888597
0.762741, 2.3904
0.674793, 5.55125
-0.719876, 0.51404
-0.533231, 3.00785
0.367929, 5.99572
0.687695, 5.83145
0.661577, 1.65014
0.499496, 4.68731
-0.895916, 4.37443
0.379565, 3.87907
0.67006, 3.8097
0.17785, 2.0298
0.419406, 5.87521
-0.949889, 4.63177
0.762311, 5.82377
0.918357, 4.18328
-0.929596, 3.44996
-0.846412, 3.688
0.551308, 2.37689
0.93339, 2.41647
-0.879668, 6.26363
0.657967, 2.83291
-0.859983, 2.44971
-0.323974, 5.36051
-0.927628, 2.82067
-0.0337787, 4.21637
-0.714186, 3.4307
0.771706, 4.84344
0.355088, 4.02642
-0.220927, 2.88399
-0.306226, 1.90996
-0.278153, 5.24454
0.379018, 4.30542
0.693262, 2.67605
-0.704961, 2.05944
-0.787071, 4.84677
-0.565471, 5.77837
0.0530549, 0.148861
-0.892964, 1.37056
0.415925, 5.53559
0.185006, 2.99127
-0.105503, 2.41589
0.337603, 2.34729
-0.775487, 3.70358
-0.108804, 4.53418
-0.227941, 2.03691
-0.641735, 3.50305
0.201837, 0.415104
-0.637752, 1.9969
0.376273, 1.22165
-0.764429, 4.49059
-0.966835, 0.131379
-0.663336, 1.42956
0.618847, 1.7394
-0.206305, 1.31961
0.657086, 3.33923
-0.953834, 1.09742
-0.408451, 0.987788
0.513772, 1.86696
-0.66491, 3.79244
0.787013, 6.00156
0.190539, 2.32494
-0.756124, 4.09403
0.764865, 1.81377
0.557809, 0.803925
0.166157, 1.83223
-0.674721, 2.85813
0.266092, 3.08093
0.126739, 5.49393
-0.978896, 3.52701
0.025817, 3.91367
-0.780224, 3.85321
-0.48912, 1.0119
-0.621898, 4.44007
0.303233, 5.86796
-0.472637, 0.00636044
-0.565697, 1.41001
0.605781, 2.72922
-0.712455, 5.83079
0.85897, 3.09944
-0.768068, 2.17258
0.481451, 2.57637
0.0501477, 0.0484291
0.18497, 6.2116
-0.163178, 2.7356
-0.497896, 3.26255
-0.843123, 5.02786
0.984325, 3.88459
0.635959, 2.04218
0.767105, 4.03422
-0.326628, 5.68637
0.915926, 0.703218
0.617787, 0.900634
-0.620229, 2.19137
0.500912, 1.95121
0.722625, 1.61149
0.728169, 1.20978
0.821049, 2.96402
0.564004, 4.56991
-0.641574, 3.56797
-0.594488, 4.23374
-0.288101, 1.30345
-0.956583, 5.7832
0.737709, 3.97749
0.810402, 3.74726
-0.957342, 3.22459
-0.369591, 3.11987
0.495622, 3.56551
-0.603647, 6.03677
-0.904531, 4.45061
0.939764, 5.42827
-0.876703, 6.11368
0.509148, 1.36956
0.959483, 0.848386
-0.28204, 0.550853
-0.635661, 2.81946
-0.300729, 3.10786
-0.493543, 4.30078
-0.295004, 4.01471
0.862685, 2.0877
-0.425813, 3.93581
0.0205639, 1.83917
-0.550082, 3.01471
-0.81485, 1.42237
-0.00875657, 2.05195
-0.938001, 0.473758
0.555106, 0.0963327
-0.941549, 1.19589
0.112829, 1.32319
0.413723, 1.08405
0.194274, 1.47164
0.298301, 3.87181
0.473084, 2.24985
-0.222135, 0.169491
-0.551764, 1.22622
-0.908699, 0.766092
-0.293587, 1.99423
0.153928, 5.74212
-0.298081, 5.34974
0.206879, 5.56103
-0.94855, 1.07694
0.188463, 3.4748
0.6445, 0.4184
0.620598, 3.60905
0.723195, 5.6569
-0.528995, 1.84369
-0.427175, 3.14482
-0.947513, 2.24017
0.643387, 1.27195
-0.54038, 6.01109
0.564315, 5.76987
0.334944, 1.4717
-0.507618, 2.47041
-0.171064, 4.49542
0.860291, 6.08496
0.495059, 0.282395
0.535936, 0.823777
-0.578142, 4.29097
-0.296791, 6.12964
-0.660873, 5.23062
-0.915143, 2.79929
-0.38166, 6.09209
0.354854, 3.1405
-0.322421, 4.38964
-0.720647, 0.331824
-0.397996, 5.84963
0.578676, 4.13251
-0.213383, 3.25874
0.884827, 0.453897
0.887729, 0.0667231
0.830437, 5.80518
0.45145, 1.95796
0.387871, 0.945393
-0.686904, 1.63885
0.392304, 2.783
0.831787, 4.21186
0.640431, 5.02564
0.955174, 2.30733
-0.704507, 4.27371
-0.00576106, 2.08304
-0.285023, 4.64333
0.717682, 2.31524
0.88159, 1.83492
0.572128, 1.4542
-0.712514, 0.734999
0.91685, 3.32557
0.8451, 1.47116
0.768703, 1.37241
-0.782918, 6.24606
-0.938813, 2.33394
0.225651, 3.97248
0.327082, 4.41838
-0.467782, 2.49812
-0.373567, 5.5932
0.0968222, 3.79648
-0.849252, 1.97734
-0.620542, 1.11432
-0.058876, 3.67232
0.278842, 4.45761
0.107499, 4.72966
0.594641, 5.07965
-0.968929, 5.22687
0.331785, 3.98337
-0.60671, 5.85156
0.809305, 0.0562852
-0.967791, 6.17413
0.623056, 2.31034
-0.600444, 5.0135
0.915389, 0.0612711
0.300942, 6.21179
0.785547, 6.01153
-0.806526, 5.23372
0.199016, 5.0355
0.352778, 1.53803
0.741624, 2.05432
-0.924056, 5.38004
-0.469583, 1.73854
-0.656837, 4.74086
-0.946849, 2.50657
0.922315, 0.774283
-0.748128, 3.92727
0.271783, 6.10723
-0.0623486, 0.275021
-0.949123, 2.51619
-0.0834713, 4.49722
0.256517, 0.497209
0.598201, 4.82699
0.90992, 1.7483
0.600591, 1.26339
-0.0166018, 0.765311
0.81938, 4.12082
0.826449, 5.9443
0.24431, 3.34929
-0.944529, 0.584374
0.775536, 5.20066
-0.479816, 4.2283
-0.170767, 1.77679
-0.909804, 0.519928
-0.0990065, 1.48577
-0.294523, 0.413615
-0.350942, 5.80652
-0.869296, 1.1046
0.817872, 5.81155
0.981129, 2.55078
0.805327, 1.34792
-0.577696, 4.81295
0.617776, 0.447516
-0.469651, 3.62703
-0.96246, 5.69366
-0.251862, 5.00485
0.353705, 4.90792
-0.337275, 3.30005
-0.757048, 5.28738
0.435935, 5.26231
-0.982107, 0.683929
0.476597, 4.62902
0.858037, 5.05611
0.0667149, 4.61678
-0.88016, 0.68435
-0.283954, 1.305
0.671036, 4.01418
0.206697, 5.26366
-0.13493, 2.14558
-0.267633, 0.111908
-0.641637, 5.1351
-0.665077, 0.799827
-0.316859, 5.21928
-0.612712, 2.00811
0.819962, 0.940082
-0.990801, 5.83153
-0.386287, 4.52214
0.20074, 2.61564
0.233841, 1.8626
0.322352, 1.58789
0.343124, 0.920461
-0.253544, 2.95829
-0.494966, 2.80435
0.757032, 1.30216
0.0997777, 3.57403
-0.314593, 1.75762
0.876094, 0.638472
-0.424469, 2.75469
-0.486551, 1.81888
-0.770489, 4.94957
-0.0827649, 6.21316
0.602014, 0.932922
0.418619, 0.858619
-0.520324, 5.18752
-0.607375, 1.37624
0.498204, 2.96662
0.224142, 0.289872
0.39937, 4.05294
0.0951049, 1.68031
-0.494398, 3.23104
-0.811109, 3.89467
-0.95154, 4.01392
-0.171504, 5.41907
0.489087, 2.03567
-0.306641, 1.96408
0.86294, 0.501755
-0.775988, 0.0250897
-0.00790491, 6.23288
0.677459, 0.662471
-0.673786, 4.01092
-0.473998, 0.798653
0.628346, 4.58813
0.411422, 5.22764
-0.98544, 2.68557
0.702831, 4.71185
0.542687, 1.965
-0.138169, 3.35513
0.31319, 0.41198
-0.738184, 6.12058
0.289518, 2.59257
-0.445019, 3.32164
-0.800255, 5.75086
0.979352, 5.65343
-0.575724, 1.69831
0.558778, 2.05053
-0.90036, 0.683499
0.344564, 0.920743
-0.182142, 5.14776
0.0891898, 2.73492
0.468433, 0.6564
-0.232589, 2.21944
0.569233, 3.12181
0.181902, 1.85025
-0.54742, 2.44209
-0.896353, 5.83951
-0.230359, 3.82871
0.0168794, 1.03575
0.591425, 5.2908
0.652136, 0.235347
0.506293, 2.65942
-0.0807323, 6.25088
-0.823822, 3.69334
0.120398, 1.96463
-0.4757, 6.16934
-0.735066, 5.74667
-0.467574, 1.75281
0.251608, 5.51823
0.776076, 1.46748
0.223639, 2.38609
-0.311583, 5.70354
-0.493968, 3.46717
-0.562998, 0.325989
0.0997691, 2.5763
0.688108, 2.20894
0.843397, 3.08476
0.50659, 2.61257
0.378458, 0.150817
0.729131, 5.22433
0.611579, 4.35191
-0.661471, 6.14615
-0.0514929, 6.24291
0.643757, 2.01111
0.723626, 1.02759
0.633521, 3.11481
0.856844, 3.83485
0.160692, 2.17031
0.124311, 0.00976362
0.969469, 2.72947
0.770037, 1.82848
0.461894, 1.42599
0.822772, 1.24753
-0.235959, 5.50381
0.308661, 4.6319
0.542779, 0.200313
-0.863613, 3.23297
-0.90176, 1.8056
0.626575, 2.4208
0.588434, 5.88502
-0.328584, 0.063845
0.511768, 1.79074
-0.730126, 4.45442
0.94549, 1.88638
-0.207776, 4.18608
-0.965401, 1.4526
0.995383, 5.71502
0.354962, 4.5409
0.132016, 5.11797
0.98132, 1.48672
0.89866, 0.3431
-0.378601, 5.88187
-0.468121, 1.76221
0.309701, 3.57715
-0.471018, 3.87727
0.562727, 0.784151
0.683438, 4.51585
0.941282, 1.65632
-0.021441, 1.32106
-0.866353, 3.48604
0.0409785, 1.03333
0.946579, 0.600601
-0.826604, 5.39643
-0.839358, 5.92153
-0.891635, 3.19472
0.707162, 1.0521
-0.302419, 6.15795
0.265069, 0.472859
0.108445, 2.38621
-0.886068, 1.68801
-0.0291868, 2.79112
0.705827, 1.52542
-0.469879, 2.18734
0.699916, 4.9421
0.516283, 5.33924
0.764051, 5.59867
0.573711, 1.41053
0.981302, 1.88275
-0.522955, 4.05264
0.29421, 0.261755
0.868004, 2.76712
-0.778483, 2.86191
0.255678, 3.68385
-0.994286, 0.799972
0.665946, 1.81718
0.348534, 5.028
0.118694, 1.12744
0.793572, 0.144983
0.459641, 2.34374
-0.521465, 0.986289
-0.0299462, 3.29196
0.362897, 2.02683
-0.0957484, 4.57747
0.411558, 5.06182
0.156618, 0.8616
0.394527, 0.441729
0.535032, 0.248504
-0.963253, 1.87629
-0.450519, 4.78417
-0.679654, 0.84595
-0.483174, 3.58914
-0.944908, 1.04486
-0.332089, 0.969103
-0.625381, 3.29782
0.413516, 2.08449
-0.421903, 0.321778
-0.318142, 1.00893
0.972673, 0.102989
-0.494659, 0.568195
0.800112, 2.48929
0.676533, 0.488366
0.654465, 4.11656
-0.73214, 3.70461
0.3856, 0.960196
-0.0204236, 1.32884
-0.634059, 4.2292
0.405001, 2.75843
0.849352, 4.38417
-0.665006, 4.55708
0.540847, 3.11048
0.893604, 2.015
-0.469822, 2.0132
0.911569, 2.10014
0.591295, 3.74864
-0.713466, 1.67536
0.383719, 0.899388
0.952143, 5.13849
-0.482089, 3.48885
0.28455, 5.40081
0.133007, 4.026
0.193677, 3.59837
-0.277177, 0.162052
0.886115, 0.356016
0.465438, 4.54744
0.86664, 1.26683
-0.819488, 0.572924
0.220296, 5.50132
-0.23052, 0.306892
0.688096, 3.64706
0.994062, 3.68743
-0.76844, 3.87344
0.00985556, 1.02525
0.699948, 1.55093
-0.982069, 0.721334
-0.456326, 2.3911
-0.276594, 0.18491
-0.642853, 2.46672
-0.939505, 0.284494
0.34638, 5.6167
-0.734763, 2.44535
0.377132, 1.17499
0.365275, 4.87311
0.44882, 5.65867
-0.574838, 1.69114
0.671313, 4.90169
-0.292938, 4.65085
0.879354, 5.53851
-0.185839, 3.67575
-0.995984, 1.73372
-0.232808, 6.26349
-0.22636, 1.8496
-0.488708, 5.81589
-0.955828, 2.98384
-0.880127, 6.22374
-0.69025, 0.741497
-0.412503, 5.00824
0.341595, 3.51444
-0.742403, 1.13296
0.934542, 2.69592
0.704086, 6.08783
0.695578, 2.22815
0.67883, 1.91735
-0.876768, 3.51235
-0.542585, 3.82611
0.449169, 4.45881
0.23677, 1.4097
-0.133177, 3.38822
0.635007, 4.42501
0.536344, 3.78383
0.559992, 3.76135
-0.198992, 5.83052
-0.76317, 2.11434
-0.37046, 2.82234
0.814444, 4.79672
-0.4428, 5.24273
0.316992, 0.0455362
-0.0414898, 6.08826
0.774679, 3.70843
0.45805, 3.69508
-0.630277, 5.50849
-0.977672, 5.16828
0.959322, 0.319976
0.499757, 6.15377
0.24573, 2.18658
0.703615, 2.0279
-0.89795, 5.67524
0.521634, 0.312642
-0.958757, 5.34583
0.258628, 0.892667
-0.0343395, 1.94143
0.764852, 1.75136
0.180029, 3.93811
-0.944603, 3.09867
-0.111372, 5.93692
-0.310213, 0.618545
0.43045, 1.05556
-0.940894, 4.11421
-0.328058, 5.63552
-0.809998, 5.02915
0.0340713, 2.71085
-0.456619, 3.15332
0.201416, 1.63814
-0.584187, 0.887255
-0.554491, 1.56822
-0.135203, 0.762685
-0.668487, 0.171699
0.443195, 3.78675
-0.207766, 5.25304
0.973975, 6.19222
-0.440063, 1.81103
-0.335526, 3.36732
-0.957654, 6.27359
0.771462, 5.83587
-0.6536, 0.849789
0.634839, 3.22467
-0.937097, 0.334693
0.803615, 1.51453
0.184044, 0.192218
-0.0633266, 5.79805
-0.987978, 0.000286193
0.357412, 4.32996
0.928283, 5.76245
-0.692213, 2.60166
-0.922013, 3.10987
-0.87236, 2.67955
-0.83733, 0.495332
0.736039, 5.30621
-0.986296, 2.9738
-0.830877, 1.12234
0.433542, 5.59183
-0.815108, 5.68375
-0.235552, 0.0146499
0.527518, 1.11613
-0.664209, 2.47263
0.613618, 4.0724
-0.892724, 5.01926
-0.853638, 4.76649
-0.164443, 4.06481
0.175581, 4.37078
0.973191, 4.23191
0.271204, 3.4377
0.115189, 0.453252
-0.0163941, 1.74422
-0.937436, 0.025264
-0.582332, 0.797406
-0.659277, 1.28844
0.913176, 5.80606
0.888511, 0.962845
0.915879, 3.87385
-0.531822, 2.31267
-0.874427, 0.910739
0.78153, 5.67318
-0.825323, 5.28314
0.937652, 2.1513
0.507316, 0.962756
0.906452, 6.05537
0.455233, 3.6075
0.958149, 0.987371
-0.671683, 0.532989
-0.919375, 3.2981
0.860821, 0.8741
-0.498302, 1.89005
0.898699, 1.20265
0.970435, 4.53198
0.539543, 6.17525
0.352432, 5.74831
0.491404, 3.32483
-0.730565, 0.909286
0.617832, 5.15399
-0.485256, 3.80835
0.561597, 1.57751
0.129382, 4.54563
-0.419035, 4.05161
-0.883489, 6.02303
0.62531, 2.31678
-0.872392, 2.98721
0.360429, 4.3652
0.750965, 0.573033
0.691239, 0.577393
0.159197, 0.710238
0.604983, 6.26065
-0.389747, 4.94414
0.121676, 1.39987
0.642371, 2.30336
0.165392, 5.05349
0.449986, 3.29603
-0.466569, 0.155646
0.770089, 5.99992
-0.540016, 5.29612
-0.438332, 2.03422
0.242536, 4.5989
0.882483, 3.30227
0.25113, 6.08594
-0.268999, 4.92944
-0.633957, 4.20529
-0.765649, 5.48022
0.801571, 3.2285
-0.594476, 3.92144
-0.420768, 6.27589
-0.36597, 3.43189
-0.36015, 2.85637
-0.511444, 4.50456
0.405715, 4.25619
-0.137952, 6.26717
-0.103391, 6.25746
0.700959, 4.29723
-0.353499, 3.10738
-0.309103, 2.35353
0.23713, 0.397533
0.123463, 2.83318
-0.802096, 5.84414
0.636842, 2.33329
-0.923185, 6.24602
0.329718, 6.00403
-0.300196, 2.50787
0.893704, 3.41231
0.564712, 0.759664
0.113718, 1.37042
0.964325, 0.667894
-0.603609, 5.53749
0.913068, 1.80079
-0.137994, 4.15372
0.320831, 2.51058
-0.360016, 5.03853
0.535173, 3.01662
0.90143, 4.6613
-0.200814, 1.66109
-0.440529, 3.77631
0.1121, 6.18709
-0.51771, 3.87593
0.444533, 0.768323
-0.399759, 4.12942
0.0826126, 3.897
0.506444, 4.40165
-0.266637, 4.69695
-0.740286, 3.03177
0.0514921, 2.99623
-0.649114, 3.26796
-0.608818, 5.37347
-0.134735, 2.3065
-0.553257, 3.31854
-0.905331, 4.04878
0.668446, 3.25839
-0.667985, 4.27174
0.711359, 3.02307
0.800099, 5.92344
0.978597, 4.14119
0.428021, 5.7451
0.502157, 0.731315
0.322063, 5.16887
-0.926487, 2.08487
0.625902, 4.19215
-0.698203, 2.87873
-0.537863, 2.05651
-0.233936, 2.24096
-0.699055, 5.95319
0.0616022, 5.30859
0.782147, 1.61246
0.0969335, 0.0576584
0.556404, 0.167712
0.187953, 5.23695
0.278919, 2.71486
0.276638, 6.03823
0.067405, 3.37818
0.491238, 2.37972
0.0707504, 2.30389
-0.469453, 5.80577
-0.421726, 2.33474
0.512994, 2.0406
0.560958, 1.53878
-0.0380923, 1.39701
-0.684133, 5.26473
0.490415, 3.81434
0.910908, 5.89576
-0.737014, 1.55733
0.923314, 3.83579
-0.919968, 4.37586
0.695522, 2.2072
0.392372, 4.18635
0.450951, 0.0238515
0.769789, 4.69752
0.684996, 1.20314
0.429199, 1.55064
0.851839, 2.00986
-0.528397, 3.82525
-0.675565, 4.47926
-0.771148, 0.830139
-0.174211, 0.88319
0.844959, 5.17694
-0.659506, 5.21069
0.482616, 3.9888
-0.140232, 3.40941
0.844015, 4.28478
0.73122, 2.49631
0.177433, 3.34705
-0.99146, 6.10458
-0.0485315, 2.43844
0.176942, 4.20712
0.357271, 1.33954
-0.221461, 5.33977
-0.156318, 2.45527
0.376038, 2.44482
-0.423036, 0.398885
0.609091, 5.40539
-0.185508, 0.149307
0.287967, 0.756748
-0.0354345, 3.78218
0.600467, 0.395456
-0.240473, 4.72042
-0.963838, 1.28581
-0.666988, 5.21643
-0.171318, 3.69583
0.903681, 1.76682
-0.155037, 5.24299
-0.258719, 4.34011
-0.410182, 4.73081
-0.740023, 4.99823
0.0324167, 1.24527
0.201256, 4.47726
0.651008, 3.77398
0.0689512, 5.55107
-0.589713, 5.03058
-0.919928, 1.83882
-0.885374, 6.0212
-0.346902, 1.63987
0.870509, 2.63202
-0.843386, 0.00162471
0.844969, 1.38254
0.748786, 2.872
0.615379, 1.60845
0.434959, 4.74624
-0.772719, 1.8215
-0.0876462, 2.22975
0.900124, 3.65258
0.603959, 2.52369
-0.677661, 0.642435
0.860796, 4.98441
0.23199, 4.3934
-0.888501, 1.60725
0.84346, 1.76359
-0.718072, 2.3508
-0.405604, 0.70849
-0.0492178, 1.82858
0.112636, 4.95435
0.175584, 3.3801
-0.18871, 5.60967
0.483, 5.36328
-0.997551, 2.79791
0.994648, 0.271413
0.443313, 2.57425
0.520926, 4.59006
-0.117612, 2.84024
0.325814, 5.35222
-0.358741, 1.58868
0.150403, 3.86134
-0.999408, 1.50868
0.623938, 4.20894
0.155324, 0.977722
0.396718, 0.30998
-0.474112, 3.66239
-0.308217, 2.77045
0.90388, 0.977185
-0.365406, 3.96952
0.0871056, 4.11931
-0.197686, 3.66812
-0.684443, 3.07522
-0.589556, 2.50385
0.523956, 1.26816
-0.707868, 0.229899
-0.762243, 6.02901
0.947417, 4.69121
-0.319062, 5.72666
-0.478746, 3.9683
0.959024, 0.195896
-0.811014, 1.05523
-0.626152, 2.08932
-0.233901, 5.91795
-0.341809, 4.77343
0.898463, 2.62511
0.921942, 0.24761
-0.955711, 4.23146
-0.77876, 2.64254
0.55819, 2.06184
-0.181418, 3.58513
-0.876972, 1.54435
-0.617571, 6.04585
0.404191, 2.63999
0.765876, 3.99009
-0.909733, 5.65687
-0.807294, 2.31356
0.791674, 3.30216
-0.146087, 6.07092
0.619151, 0.0466378
-0.7798, 5.58996
0.267266, 3.86171
0.531671, 2.50225
0.933821, 3.13551
0.990203, 1.47211
-0.987063, 5.83099
0.124973, 5.70499
-0.575232, 5.70861
0.435365, 1.75433
0.377152, 2.58215
0.693863, 4.00832
-0.546793, 5.35093
-0.929153, 3.0065
-0.85223, 5.8113
-0.11308, 6.27371
0.251644, 4.83291
0.0873561, 5.7147
0.922511, 2.39741
-0.562295, 1.62505
-0.203301, 5.85303
-0.556976, 4.87819
-0.81549, 0.409107
0.782473, 2.88378
0.186807, 0.347579
0.426591, 0.964727
0.893948, 4.70091
0.300638, 3.10247
0.940893, 4.14829
0.758701, 3.49943
-0.159181, 2.2539
0.340024, 4.44638
0.967095, 3.30068
-0.857829, 4.37338
-0.82903, 0.401565
0.27338, 0.766127
-0.611735, 0.312766
-0.468375, 5.20371
-0.664625, 0.0307382
0.608402, 5.96239
0.494005, 1.77537
-0.386191, 0.338868
0.697016, 2.67011
0.331207, 4.86622
-0.971764, 3.80711
-0.908427, 5.24495
0.340589, 2.30078
0.865653, 3.38808
-0.201482, 2.88984
0.827065, 5.2998
-0.0178338, 4.8614
-0.771405, 6.20731
0.63985, 1.78666
0.49754, 3.89122
-0.391539, 0.667306
-0.622461, 0.464927
0.966689, 3.93235
-0.373805, 2.06719
-0.824703, 1.14683
0.897348, 1.5108
0.755034, 1.98568
-0.188398, 1.67325
-0.471528, 4.46642
-0.783596, 0.92239
-0.680103, 2.33977
0.900617, 0.0809879
0.85592, 1.58262
0.738632, 3.59436
-0.707725, 5.59287
0.933886, 5.48937
-0.222096, 3.20501
0.303609, 2.59699
0.491485, 3.11317
-0.5166, 0.172014
0.0333096, 4.05756
-0.90512, 5.84398
-0.403086, 4.36519
-0.190764, 5.30923
-0.779088, 0.159544
0.663132, 1.73995
0.687435, 5.59004
-0.485827, 1.51269
-0.363236, 3.95755
0.0515296, 4.28125
0.315829, 4.60084
-0.253711, 4.52781
0.700639, 3.98136
0.0431472, 5.25944
0.679972, 0.987613
-0.98284, 1.97267
-0.837599, 1.04083
0.826093, 4.76472
0.614339, 0.345785
-0.698682, 5.87177
0.621685, 0.9545
0.338699, 3.00323
0.686824, 4.26415
-0.815657, 1.04039
-0.677733, 0.448902
0.0174519, 4.15412
-0.833383, 5.89066
-0.780374, 3.0163
-0.586235, 0.0601855
0.676964, 4.46812
0.693056, 3.8324
0.815716, 4.39879
0.92358, 5.5847
-0.85362, 5.65246
0.781262, 5.74749
-0.765597, 3.03849
-0.136789, 0.502085
0.431169, 1.16734
0.972394, 3.52503
0.574309, 0.800831
-0.201816, 0.426455
0.778448, 3.49285
0.884687, 5.34848
-0.775783, 4.26476
0.991753, 2.85619
-0.387689, 0.0316084
0.738075, 1.84328
0.959809, 2.33198
-0.95495, 4.03385
0.924404, 6.25901
-0.0127289, 1.30333
-0.302958, 3.89375
-0.414094, 0.738148
0.603201, 4.78729
0.668357, 2.5522
-0.719096, 2.7767
-0.0564226, 5.84782
0.805307, 4.90829
-0.0172663, 0.548114
-0.261434, 3.01358
-0.918889, 1.11818
-0.186912, 1.36635
-0.293204, 2.6623
-0.724527, 4.55625
-0.229907, 1.42789
-0.604794, 3.83548
-0.199329, 3.62164
-0.968597, 0.568502
-0.779668, 1.73434
-0.24044, 1.48133
-0.754754, 0.349178
0.552383, 1.18063
-0.436289, 5.9025
0.983156, 6.15021
0.486154, 0.837318
-0.985365, 4.64595
0.821587, 3.95883
0.948269, 1.59103
-0.573483, 2.60627
0.644052, 3.21749
-0.336945, 2.74567
0.395572, 1.5268
-0.584772, 3.29163
-0.74293, 2.88481
-0.481898, 5.24568
-0.413064, 1.75883
0.715563, 0.980615
-0.626329, 3.25004
0.804449, 2.13572
-0.922705, 5.94811
0.435943, 1.63505
-0.033895, 5.99397
0.0233094, 0.18573
-0.131817, 2.42949
-0.436249, 1.20402
0.107115, 2.02102
0.327869, 1.30209
0.969791, 0.908072
-0.0349002, 2.24075
0.253174, 2.66894
0.273075, 2.07547
-0.0331003, 3.83679
0.188871, 0.591154
-0.683472, 2.30495
-0.670833, 3.96739
-0.660345, 2.06786
0.135686, 3.63989
-0.530927, 4.07368
0.221136, 2.55859
-0.133768, 3.77249
0.241813, 6.05229
-0.571944, 3.03199
-0.832774, 5.48561
-0.307914, 3.39514
0.604153, 1.45025
0.803134, 1.29628
0.515663, 1.2702
0.364173, 5.19124
0.339293, 6.00607
0.0822675, 0.846689
0.405104, 1.38161
0.292819, 3.53765
0.7094, 0.648091
-0.284861, 0.946352
0.632176, 1.56339
0.144165, 2.83179
-0.935499, 4.62579
-0.00709773, 3.91548
-0.527547, 5.44747
0.0378548, 5.08321
-0.888913, 2.42815
0.446034, 5.12497
-0.673755, 1.82949
-0.282505, 2.93276
0.849266, 2.75742
-0.692177, 0.743526
-0.746699, 1.73693
0.371567, 1.66459
-0.797538, 2.63423
0.722451, 1.82556
-0.724676, 1.32723
-0.277548, 4.181
-0.774467, 0.742862
0.34655, 5.52704
0.686905, 0.722888
0.992321, 6.01208
-0.349481, 3.07649
0.772316, 4.58833
-0.592515, 2.43586
0.613709, 0.345618
-0.998761, 4.22526
0.986852, 2.63612
-0.433945, 6.03466
0.902211, 2.95676
0.983542, 5.27812
-0.82779, 1.75582
-0.184169, 0.570498
0.886214, 0.999074
-0.738241, 4.35192
0.633267, 1.63699
-0.618806, 2.24751
0.273895, 2.95031
-0.801738, 3.53555
0.936519, 3.41861
-0.792485, 5.80245
0.318867, 4.94215
-0.260736, 1.51852
0.645444, 0.153537
-0.802328, 5.22177
-0.347111, 5.88821
-0.772876, 5.53836
-0.48182, 5.43905
-0.646693, 0.612478
0.921828, 2.37661
-0.603831, 2.01577
0.732803, 0.317723
0.0706931, 1.45815
0.85374, 5.14649
0.801023, 2.85563
0.735685, 5.41292
0.970616, 1.47592
0.901423, 0.468283
0.89357, 3.77848
-0.808921, 0.339401
0.441065, 1.6754
-0.987708, 4.27643
0.100506, 3.93829
0.454538, 0.0296034
-0.533448, 4.07792
-0.924118, 5.41442
-0.677287, 1.7496
0.510562, 2.82971
-0.225371, 5.39475
-0.310384, 3.93753
-0.938923, 3.25341
0.51868, 5.19767
-0.507556, 1.06938
0.366657, 4.84183
0.205578, 5.42452
0.560635, 1.73385
0.902324, 3.85892
-0.0196034, 4.27253
-0.980027, 5.66859
-0.253931, 1.60537
-0.814619, 2.16614
-0.906528, 5.37931
-0.976826, 1.26068
-0.849032, 2.43987
-0.0398873, 5.15257
-0.993137, 2.35642
-0.237316, 3.94528
-0.745546, 2.28686
-0.0384183, 5.7537
-0.608853, 1.44636
-0.739195, 1.51135
0.824322, 1.04224
-0.986952, 5.19721
-0.874277, 1.86314
-0.755032, 0.807622
0.0600774, 1.82921
-0.0987252, 0.559717
-0.819511, 1.06017
0.404231, 3.65627
-0.60284, 1.37772
0.378354, 2.62714
-0.240014, 4.15379
0.839086, 5.98107
0.985904, 5.81781
-0.825954, 1.34702
-0.559158, 6.12776
0.533194, 2.3487
-0.73755, 5.30439
0.707277, 2.41098
0.500211, 1.19995
0.153807, 0.532529
0.871093, 2.42325
0.476602, 0.463773
-0.522492, 1.47965
0.524587, 1.09852
-0.911419, 1.66788
0.867099, 3.50663
0.209011, 0.438034
0.198566, 0.71745
0.63881, 0.291295
0.358601, 4.62978
-0.585007, 4.25446
-0.625929, 0.17819
-0.777546, 2.31189
0.542606, 2.75187
-0.374918, 3.69643
-0.770022, 2.46733
0.546575, 1.94017
0.557635, 1.44649
-0.722308, 0.0278557
0.745127, 3.69173
0.125211, 2.27649
0.757252, 2.13342
0.661208, 5.90047
-0.867962, 2.2888
-0.34613, 0.150162
0.188724, 5.51153
-0.895142, 4.52541
0.883341, 2.52615
-0.89181, 4.21015
-0.104366, 2.78144
-0.270674, 4.75962
-0.662968, 0.139246
-0.872682, 4.16298
0.978505, 0.903011
0.726387, 1.45528
-0.62307, 5.22499
0.990388, 3.73814
-0.909135, 2.79961
-0.098688, 5.1936
0.746108, 5.48697
0.768116, 2.22801
-0.628902, 5.5818
-0.128194, 5.73386
-0.91131, 0.0101654
-0.346179, 0.0615441
0.167889, 5.20325
-0.434154, 6.23445
0.0710726, 3.21848
-0.472425, 2.63681
-0.353651, 3.5604
0.921488, 4.52594
-0.701425, 0.759702
0.956041, 1.05234
-0.642459, 3.63993
-0.00840367, 5.56854
-0.732483, 3.67099
0.815863, 5.34126
-0.467113, 3.58083
0.473834, 3.93073
0.81403, 3.18686
0.216303, 3.35134
-0.781817, 0.119372
0.642615, 0.406491
-0.93267, 4.94317
-0.554863, 5.56392
0.187912, 5.76854
0.812063, 6.02617
0.593579, 1.3621
-0.825595, 3.1697
0.35072, 5.54271
-0.0292458, 3.99808
-0.610771, 3.72632
0.532693, 0.921683
-0.87173, 4.6213
-0.980647, 5.24689
0.0523216, 2.60376
0.0222155, 6.24465
-0.144519, 0.649084
-0.451292, 2.61466
0.89043, 3.43734
0.425031, 3.99136
0.997529, 3.6552
0.165311, 4.56035
-0.734979, 0.818341
-0.454083, 3.29657
0.867472, 4.93842
-0.861039, 4.18771
-0.99848, 5.57717
-0.761456, 3.77936
-0.602689, 1.77491
0.408028, 2.87795
-0.978334, 4.73747
-0.817581, 5.44199
-0.504774, 5.07269
-0.562751, 0.534234
-0.361404, 1.58333
0.643669, 1.16555
0.740863, 3.70629
-0.0352168, 3.12069
-0.386135, 2.71261
-0.364259, 2.92806
0.564217, 3.60021
-0.196258, 5.45028
0.944896, 2.32307
0.0083251, 4.27511
-0.75817, 4.96914
0.694012, 1.6926
-0.974762, 5.00281
0.751525, 4.1465
-0.985885, 5.36415
0.944319, 5.8842
-0.392008, 3.15026
-0.933779, 0.582282
-0.774251, 1.23595
-0.623369, 1.29974
0.660126, 4.12135
0.441547, 1.35548
0.515429, 6.14389
0.667897, 5.89457
0.700294, 3.32935
-0.702707, 5.36502
-0.885007, 1.2556
-0.420711, 5.82325
0.798884, 0.496373
-0.142764, 0.774315
0.821144, 5.51231
-0.323899, 2.65829
-0.773093, 3.48467
-0.0783706, 0.336367
-0.488597, 0.806779
0.900239, 4.20979
-0.0109728, 0.538317
0.839324, 3.79183
0.618745, 5.27442
-0.033626, 4.27535
-0.819948, 3.55757
0.472214, 1.37011
-0.103329, 4.00615
0.890475, 3.38258
-0.570453, 2.24643
0.735533, 5.03412
-0.640857, 4.61806
-0.266575, 1.27792
-0.915037, 0.469603
-0.612544, 1.951
0.00400906, 4.33824
-0.761256, 3.10735
0.534467, 1.49961
-0.923626, 4.29861
0.542574, 0.077878
0.550923, 3.77541
0.727713, 5.14131
-0.278099, 6.26671
0.686213, 5.71741
-0.385779, 0.277183
0.718468, 1.99132
0.117899, 3.53119
-0.160602, 0.394179
0.322648, 1.51974
-0.423438, 3.11707
-0.894812, 5.04451
-0.726072, 1.57527
-0.434105, 2.88525
-0.256778, 1.7514
-0.142713, 2.70816
-0.599988, 6.08613
0.334275, 5.47885
-0.327, 1.25515
0.353947, 4.43315
0.929112, 2.17818
0.648551, 4.51223
-0.306812, 5.76628
-0.524944, 1.84644
0.747029, 3.11037
0.327879, 4.85848
0.150533, 2.4051
-0.708273, 5.98888
0.81677, 2.75411
-0.0222642, 0.29436
0.053719, 1.86855
-0.017323, 3.97698
0.207814, 5.52667
0.939324, 1.00522
-0.98495, 1.97435
-0.343329, 2.07475
0.624701, 1.7991
0.285969, 5.59022
0.752798, 5.78768
0.584571, 1.80126
0.567536, 1.08887
0.0289439, 1.76641
0.0519713, 5.59006
-0.172447, 0.867084
-0.955136, 5.61221
0.780592, 3.83049
-0.661343, 5.38277
0.198283, 2.28178
-0.873911, 6.2437
0.957698, 1.42066
0.881538, 5.04679
-0.0128688, 5.43471
0.84096, 5.72501
0.0470708, 2.27742
-0.667035, 4.63469
0.727068, 2.10062
-0.874995, 4.15965
-0.592947, 0.18999
-0.95945, 4.38875
0.888943, 3.96519
-0.298852, 2.0285
0.91871, 5.76123
0.87359, 1.567
0.490975, 4.63619
-0.613146, 4.9372
-0.0629054, 5.75564
0.39796, 3.80186
-0.533363, 0.476274
-0.41011, 4.05912
0.892899, 2.43714
0.681674, 4.74296
0.778195, 4.01273
0.710235, 4.65334
-0.92066, 4.82289
0.336642, 3.57174
-0.781513, 0.493808
0.133707, 5.99034
-0.511069, 2.48108
-0.712871, 5.94265
0.171953, 4.51424
0.553837, 1.42768
-0.458553, 0.563202
-0.986436, 0.228508
0.283385, 2.9047
0.206298, 2.62277
-0.0390698, 1.43759
-0.819321, 5.87986
0.797276, 2.22088
-0.797118, 0.253481
0.495096, 4.69429
-0.431076, 1.57099
-0.281412, 5.3177
0.00915351, 0.305099
0.997216, 1.6177
-0.438347, 2.87784
-0.904052, 2.18804
0.240567, 6.20398
0.981639, 3.15324
-0.390823, 2.87783
0.444563, 4.14236
-0.492734, 4.3068
0.795041, 3.05324
-0.564059, 6.08327
-0.693193, 0.803436
0.784984, 2.13286
-0.571737, 3.53495
-0.530726, 0.638765
0.146517, 2.89615
-0.4998, 4.96555
-0.888544, 5.88923
-0.822959, 1.03626
0.0124683, 4.11976
-0.932248, 3.0446
0.442451, 4.4593
0.355095, 4.98365
-0.575792, 4.73815
-0.745991, 3.40503
-0.34694, 3.1845
0.235983, 4.1529
-0.295827, 2.92178
-0.896415, 5.50949
-0.862944, 0.118443
-0.189825, 0.563314
0.689048, 3.1155
0.787582, 4.58676
-0.146209, 3.72123
-0.681483, 2.5176
-0.119081, 2.50508
-0.93183, 1.5923
0.228311, 5.05044
0.868855, 1.84391
0.841503, 2.98542
-0.889575, 1.18388
0.986543, 6.23227
-0.422831, 2.82187
-0.352071, 4.36201
0.757826, 5.17352
-0.746176, 1.24087
-0.033127, 2.62297
0.758029, 2.48866
0.884947, 2.8597
0.63781, 1.78775
0.805321, 2.76073
-0.264144, 4.55572
-0.166912, 1.67564
0.248863, 1.45276
0.747189, 4.8677
-0.366118, 5.75394
-0.280815, 6.19129
-0.647573, 1.35589
-0.546123, 3.55717
0.167072, 2.33727
-0.100209, 4.4204
0.210614, 2.67825
-0.285451, 3.25711
-0.103189, 1.45623
0.62904, 6.23554
-0.503854, 1.11561
-0.627781, 4.99289
-0.947108, 3.9673
0.817538, 1.76163
-0.975901, 4.748
-0.75044, 1.83041
0.993069, 1.57923
0.851894, 5.88654
-0.933432, 4.00247
-0.482346, 1.89469
0.872598, 4.92649
-0.465119, 0.166054
-0.204669, 5.13223
0.887614, 2.58474
0.67168, 2.33717
-0.436849, 3.91397
-0.00164397, 0.0186686
-0.357227, 2.19582
0.811104, 1.15625
-0.413105, 3.70038
0.832034, 2.69736
-0.629627, 2.09488
0.0426294, 1.50578
-0.649668, 3.59884
0.369676, 1.13862
-0.726287, 2.80009
-0.744717, 5.71329
-0.565547, 1.10864
0.287274, 4.7632
0.669079, 0.579735
0.377457, 1.93466
0.36532, 3.38216
0.260428, 3.64038
-0.56804, 5.04828
-0.374384, 0.982584
-0.995818, 2.25596
-0.701595, 0.883928
0.355757, 2.20013
0.186127, 3.96053
-0.998498, 1.40843
-0.405244, 1.35774
-0.321326, 1.97893
0.560444, 2.46015
-0.917338, 1.19811
0.776367, 2.79523
-0.891931, 4.1345
0.210971, 5.44611
0.999288, 5.01898
0.123365, 0.863909
0.416008, 0.178717
0.882143, 1.09577
0.990181, 1.32055
0.970801, 2.67948
0.179833, 3.83369
-0.671259, 5.34505
0.76715, 4.75899
0.929163, 4.84829
0.00977963, 5.61828
-0.970709, 5.49042
0.174906, 4.80328
-0.7876, 2.99637
-0.880927, 4.85302
0.822215, 5.65583
0.7952, 3.48485
-0.740028, 1.76725
-0.338828, 5.92676
-0.593731, 0.688702
-0.844893, 1.45156
0.109583, 5.96442
-0.943111, 5.09512
-0.557933, 3.34282
0.0735347, 4.75131
-0.0897714, 2.22022
0.503713, 0.349531
-0.967406, 1.4856
-0.749693, 0.218784
-0.699825, 5.96353
0.666867, 5.03277
0.727314, 5.90077
0.168254, 2.86059
-0.691173, 2.55731
0.318638, 3.43348
0.551677, 0.753734
0.937649, 5.47889
0.88342, 1.3982
-0.797614, 1.72869
0.267957, 2.23976
-0.7484, 5.95893
0.51998, 1.41154
-0.112636, 1.97514
-0.136701, 5.38657
-0.8438, 2.07277
0.542723, 1.93548
0.58183, 2.31582
0.274528, 1.03521
0.355759, 2.71983
0.597824, 4.91291
-0.944483, 6.11654
-0.661316, 4.53108
0.754986, 1.88801
0.501373, 6.23447
0.185381, 5.80042
-0.0947195, 1.58097
0.765755, 6.15452
-0.887629, 2.19537
0.969542, 5.64187
-0.43364, 5.92463
-0.492092, 0.338767
-0.830118, 3.40251
0.984597, 4.87783
-0.864485, 2.25099
-0.732322, 4.4357
0.991131, 5.48586
0.178754, 6.24651
0.657199, 1.12001
-0.309713, 5.61966
0.824143, 5.53701
-0.0253189, 5.5751
0.500904, 6.21323
0.956193, 4.93836
-0.306127, 5.72988
0.415914, 5.98577
0.812789, 3.4675
0.110887, 0.482054
-0.816898, 0.296577
-0.116597, 2.73095
-0.681588, 3.34771
-0.918247, 5.37208
-0.480052, 5.20772
0.083106, 0.359168
-0.791657, 3.57887
-0.54939, 2.48286
0.944896, 5.46578
-0.111012, 4.14321
0.413177, 4.68615
0.266084, 0.853512
-0.0280937, 5.96499
-0.79762, 0.987566
-0.894833, 0.952882
-0.542689, 0.353502
-0.712844, 6.18536
0.838653, 2.73985
-0.466935, 4.65317
-0.996183, 2.60777
-0.772341, 4.14137
0.347723, 6.12583
0.525522, 1.32992
0.612472, 3.41955
-0.867931, 0.999121
0.525638, 0.569901
-0.397402, 3.83985
-0.961729, 2.91525
-0.898726, 0.815728
-0.908193, 1.42272
-0.849554, 3.53683
-0.778854, 5.92363
0.760129, 4.89246
-0.826671, 3.38474
0.79039, 5.43051
0.988303, 3.95831
0.518452, 2.72382
0.229989, 0.439557
0.948151, 5.78129
0.817427, 2.97869
0.861225, 1.32623
0.876151, 4.52126
0.681981, 4.01727
0.00687184, 1.21894
-0.0606611, 1.28388
0.896159, 5.07685
0.488409, 2.52644
-0.1719, 3.06696
-0.592245, 5.65725
0.0493223, 4.66798
0.685399, 3.27393
0.789916, 4.04879
-0.486682, 3.16965
0.372808, 2.87751
0.225614, 1.638
-0.82208, 1.00014
0.657942, 5.9746
0.976156, 5.00811
0.792887, 4.11414
-0.921367, 4.02069
-0.861721, 3.36861
0.548892, 0.177674
0.992759, 1.06863
-0.2718, 4.48034
0.264773, 5.39268
0.616015, 2.07883
0.863453, 4.45215
0.842709, 5.42529
-0.920273, 5.94409
-0.583699, 2.78368
-0.820561, 6.15809
0.189633, 1.86501
0.575295, 6.14114
-0.883118, 3.71918
-0.955299, 5.48099
-0.639492, 5.22892
0.62308, 0.712186
0.952575, 1.02961
0.565037, 1.73228
0.994297, 2.70258
0.868254, 0.825094
0.0298564, 3.55439
0.236545, 3.76878
-0.460203, 2.04715
-0.549289, 5.80851
0.689057, 1.24247
0.648496, 6.24084
-0.0934695, 2.28045
-0.785065, 5.27811
-0.213258, 2.18795
0.853448, 5.44012
-0.00132448, 1.37732
-0.17309, 1.14471
-0.0851381, 2.5744
0.901644, 5.22565
0.775295, 0.210817
0.847839, 3.92659
-0.0734968, 0.34941
0.738301, 4.22727
-0.148952, 5.17585
0.189533, 5.69353
0.471419, 1.34992
-0.298524, 0.330522
-0.429073, 3.92281
-0.686373, 0.833778
0.989643, 1.64479
-0.163797, 2.17119
-0.217803, 2.89388
-0.51257, 3.79832
-0.815294, 4.89266
-0.954402, 5.40591
0.500834, 2.79096
-0.319224, 2.5749
-0.668469, 3.69245
-0.771138, 3.13602
-0.426319, 2.46426
0.735918, 4.51393
0.707381, 2.64653
0.101997, 5.87108
0.589604, 5.77394
0.625384, 1.18347
0.944355, 1.35606
0.925094, 0.959203
-0.599726, 3.383
0.480601, 2.17165
0.543857, 3.35793
-0.292272, 0.728298
0.0625743, 4.39208
0.964934, 2.88042
0.344583, 4.55852
-0.460995, 3.84503
0.825485, 3.78031
0.438163, 4.37248
-0.342183, 2.23134
0.973853, 5.9666
-0.741526, 6.17809
0.90871, 1.95305
0.729964, 4.8679
0.0446567, 1.07188
0.012669, 4.29153
0.691962, 2.74079
-0.905876, 0.546373
-0.9751, 5.67357
-0.962891, 2.98507
-0.653965, 0.563891
0.811689, 3.78732
0.606501, 0.850247
-0.704506, 1.69102
-0.314453, 6.12789
0.578415, 6.25125
0.294033, 6.20027
-0.00160118, 4.17364
0.0935349, 1.02126
-0.995706, 3.22606
-0.373053, 5.81193
-0.560668, 0.570778
0.449044, 1.22747
0.53094, 0.168844
-0.259949, 4.31758
0.334513, 1.1494
-0.653162, 2.75633
0.774258, 2.7047
-0.999836, 5.37528
0.236749, 2.58724
0.576172, 0.0476985
0.644496, 2.80789
0.0372881, 5.88281
-0.967393, 0.249939
-0.905523, 4.22785
-0.0712043, 4.74425
-0.305088, 5.02422
-0.96816, 5.22164
-0.63669, 5.0073
0.677264, 5.72463
-0.74836, 3.06364
0.655564, 6.04467
-0.676499, 0.435476
0.93952, 1.24525
0.872784, 5.9519
0.418107, 1.47434
-0.333198, 0.82834
0.94422, 3.3683
0.917153, 2.51755
0.115752, 3.3321
-0.268601, 1.53416
-0.728593, 0.698615
0.207233, 2.8003
-0.969208, 4.13221
0.414173, 1.99473
0.623116, 4.47887
-0.0539394, 1.29039
-0.322831, 3.95436
-0.814834, 3.53151
0.645734, 1.60808
-0.704246, 5.1742
-0.924961, 3.35951
0.0243801, 5.90902
0.581674, 4.62154
0.977308, 2.89733
0.0790776, 0.575211
0.0998118, 3.65132
0.0652838, 2.28364
0.670957, 0.991433
-0.252456, 5.0907
0.865576, 5.36248
-0.976333, 4.12801
-0.792131, 5.35925
-0.774591, 6.26573
-0.988475, 1.70921
-0.441202, 3.20938
0.878568, 3.2452
-0.693607, 5.55646
-0.701138, 2.35978
0.822067, 1.21888
-0.709909, 0.163043
-0.723621, 1.9349
0.338187, 3.97362
-0.924533, 1.34415
0.189387, 3.01806
0.447533, 1.04983
0.430366, 1.73777
-0.834648, 0.916075
-0.20076, 1.15929
0.836425, 3.95676
0.751666, 6.10401
0.590026, 1.92992
0.420019, 0.804759
0.975688, 3.4041
0.902052, 4.32499
0.69263, 5.38362
0.59487, 3.11189
0.886659, 3.28361
-0.47533, 3.73712
-0.938592, 5.05532
0.701798, 1.42389
-0.798255, 1.5736
-0.835954, 0.00570614
-0.637706, 2.08768
0.587903, 4.04454
-0.00910569, 3.55088
-0.603607, 2.1752
0.304055, 3.30621
0.834306, 2.01113
0.159731, 3.75753
0.406411, 1.85479
0.199494, 3.86808
0.492945, 0.845828
-0.0642417, 5.35207
-0.988567, 0.302062
-0.9825, 0.641353
0.04841, 0.0774145
0.539627, 0.773193
-0.74133, 3.14249
-0.886011, 0.147595
0.452067, 5.4028
0.44865, 5.45155
0.323363, 3.43802
-0.498844, 3.06193
0.871408, 1.1957
0.685898, 4.80828
0.0632667, 2.6669
0.708137, 2.45257
0.542237, 2.96099
0.753147, 2.13258
-0.660216, 5.42673
-0.6324, 5.10585
-0.00630688, 1.4544
0.498828, 2.62765
-0.989811, 3.69161
-0.313631, 0.796889
-0.193628, 4.2851
-0.444751, 6.18784
0.970142, 4.10112
-0.458198, 3.99159
0.307095, 5.46525
-0.988938, 5.38063
-0.635629, 3.10261
0.0306565, 6.02946
0.156994, 0.992471
-0.403487, 5.40672
-0.606911, 3.81182
0.125263, 0.701753
-0.926808, 2.65811
0.447471, 3.33133
0.645625, 4.80546
-0.866955, 4.10405
0.677081, 5.46896
0.687882, 1.30487
0.363131, 4.61421
0.868735, 3.00916
-0.0683587, 3.07818
0.620191, 3.3512
0.800135, 3.00952
0.272952, 4.45644
-0.188062, 0.543494
0.615935, 4.60389
0.824785, 6.26951
0.234217, 4.87547
0.351526, 2.93548
0.12613, 6.27419
-0.199984, 3.9396
-0.698514, 2.32438
-0.117467, 4.31403
-0.562068, 2.84811
-0.740581, 0.0819226
-0.556066, 0.168946
0.324833, 4.28972
0.0839457, 0.438574
0.4571, 3.2866
-0.795455, 3.84682
-0.934561, 1.90324
-0.84156, 1.20761
-0.134296, 0.153596
-0.791748, 2.39123
0.670946, 2.30401
0.175508, 0.178636
-0.724319, 4.60713
-0.369204, 1.96282
-0.641244, 4.58082
-0.793288, 2.67377
0.652348, 4.00061
-0.160996, 5.1145
-0.430118, 3.33564
0.234797, 4.17352
-0.912549, 4.07838
0.554708, 1.26414
-0.57541, 1.69355
0.816438, 1.48179
-0.799976, 1.3142
-0.554397, 4.95685
0.876017, 4.79305
0.539231, 5.04846
-0.277741, 0.924992
0.642484, 5.65854
0.767463, 4.06326
-0.381885, 2.85621
-0.275451, 5.62581
0.871253, 1.12175
-0.701363, 0.513848
-0.74915, 3.84734
-0.922639, 0.320844
0.124116, 3.36389
0.695607, 1.86911
-0.529406, 1.97366
-0.459841, 4.60533
0.221716, 1.7569
-0.852578, 5.79823
-0.729051, 3.79259
0.216488, 4.37816
0.137936, 2.38287
0.294291, 4.70055
0.310739, 3.6994
0.103457, 4.17509
-0.890537, 4.52636
-0.370023, 4.53404
0.0491294, 4.82533
0.0771633, 3.47152
-0.30769, 4.54025
0.503564, 2.38112
-0.436143, 2.10812
-0.00743218, 2.24303
-0.954899, 3.8729
-0.29495, 0.742152
-0.206474, 1.23416
0.640894, 5.28017
0.334761, 1.91123
-0.440783, 1.26116
-0.0594852, 5.3709
-0.621387, 0.854454
-0.314586, 2.48967
-0.318089, 0.982581
0.392481, 3.52107
-0.826924, 0.556866
0.447163, 4.34591
0.654129, 3.63932
0.501271, 3.55683
-0.816787, 2.73055
0.594694, 5.84535
0.804468, 4.88227
0.227169, 5.10468
-0.750896, 1.95601
0.273815, 0.647264
-0.757134, 5.09827
0.597287, 4.14351
-0.884818, 4.60944
0.619304, 2.20957
-0.917959, 5.92269
